[{"name": "Abra Pampa", "country_iso2": "AR", "state": "Jujuy", "is_capital": false, "latitude": -22.7167, "longitude": -65.7, "population": 9425}, {"name": "Acasusso", "country_iso2": "AR", "state": "Buenos Aires", "is_capital": false, "latitude": -34.4667, "longitude": -58.5167, "population": 12842}, {"name": "Adolfo Gonzáles Chaves", "country_iso2": "AR", "state": "Buenos Aires", "is_capital": false, "latitude": -38.0333, "longitude": -60.0833, "population": 12914}, {"name": "Adrogue", "country_iso2": "AR", "state": "Buenos Aires", "is_capital": false, "latitude": -34.8, "longitude": -58.3833, "population": 28265}, {"name": "Aguilares", "country_iso2": "AR", "state": "Tucumán", "is_capital": false, "latitude": -27.4333, "longitude": -65.6167, "population": 32097}, {"name": "Alcorta", "country_iso2": "AR", "state": "Santa Fe", "is_capital": false, "latitude": -33.5333, "longitude": -61.1167, "population": 9870}, {"name": "Aldo Bonzi", "country_iso2": "AR", "state": "Buenos Aires", "is_capital": false, "latitude": -34.7083, "longitude": -58.5181, "population": 18175}, {"name": "Alejandro Korn", "country_iso2": "AR", "state": "Buenos Aires", "is_capital": false, "latitude": -34.9667, "longitude": -58.3667, "population": 21407}, {"name": "Allen", "country_iso2": "AR", "state": "Río Negro", "is_capital": false, "latitude": -38.9667, "longitude": -67.8333, "population": 31864}, {"name": "Alta Gracia", "country_iso2": "AR", "state": "Córdoba", "is_capital": false, "latitude": -31.6667, "longitude": -64.4333, "population": 48140}, {"name": "Alto Río Senguer", "country_iso2": "AR", "state": "Chubut", "is_capital": false, "latitude": -45.0167, "longitude": -70.8167, "population": 1570}, {"name": "Andalgalá", "country_iso2": "AR", "state": "Catamarca", "is_capital": false, "latitude": -27.6, "longitude": -66.3167, "population": 14068}, {"name": "Apóstoles", "country_iso2": "AR", "state": "Misiones", "is_capital": false, "latitude": -27.9167, "longitude": -55.7667, "population": 40858}, {"name": "Aristóbulo del Valle", "country_iso2": "AR", "state": "Misiones", "is_capital": false, "latitude": -27.1167, "longitude": -54.9167, "population": 38000}, {"name": "Armstrong", "country_iso2": "AR", "state": "Santa Fe", "is_capital": false, "latitude": -32.7833, "longitude": -61.6, "population": 11181}, {"name": "Arrecifes", "country_iso2": "AR", "state": "Buenos Aires", "is_capital": false, "latitude": -34.0667, "longitude": -60.1167, "population": 32215}, {"name": "Arroyito", "country_iso2": "AR", "state": "Córdoba", "is_capital": false, "latitude": -31.4167, "longitude": -63.05, "population": 19577}, {"name": "Arroyo Seco", "country_iso2": "AR", "state": "Santa Fe", "is_capital": false, "latitude": -33.1667, "longitude": -60.5, "population": 20620}, {"name": "Avellaneda", "country_iso2": "AR", "state": "Buenos Aires", "is_capital": false, "latitude": -34.6625, "longitude": -58.3678, "population": 31892}, {"name": "Avellaneda", "country_iso2": "AR", "state": "Santa Fe", "is_capital": false, "latitude": -29.1175, "longitude": -59.6583, "population": 23341}, {"name": "Ayacucho", "country_iso2": "AR", "state": "Buenos Aires", "is_capital": false, "latitude": -37.1333, "longitude": -58.4667, "population": 17364}, {"name": "Azul", "country_iso2": "AR", "state": "Buenos Aires", "is_capital": false, "latitude": -36.7833, "longitude": -59.85, "population": 55728}, {"name": "Añatuya", "country_iso2": "AR", "state": "Santiago del Estero", "is_capital": false, "latitude": -28.4667, "longitude": -62.8333, "population": 23286}, {"name": "Bahía Blanca", "country_iso2": "AR", "state": "Buenos Aires", "is_capital": false, "latitude": -38.7167, "longitude": -62.2667, "population": 301572}, {"name": "Balcarce", "country_iso2": "AR", "state": "Buenos Aires", "is_capital": false, "latitude": -37.8456, "longitude": -58.2578, "population": 44796}, {"name": "Balneario Monte Hermoso", "country_iso2": "AR", "state": "Buenos Aires", "is_capital": false, "latitude": -38.9833, "longitude": -61.3, "population": 8821}, {"name": "Banda del Río Salí", "country_iso2": "AR", "state": "Tucumán", "is_capital": false, "latitude": -26.85, "longitude": -65.1667, "population": 63226}, {"name": "Banfield", "country_iso2": "AR", "state": "Buenos Aires", "is_capital": false, "latitude": -34.75, "longitude": -58.3833, "population": 223898}, {"name": "Baradero", "country_iso2": "AR", "state": "Buenos Aires", "is_capital": false, "latitude": -33.8, "longitude": -59.5167, "population": 28537}, {"name": "Barranqueras", "country_iso2": "AR", "state": "Chaco", "is_capital": false, "latitude": -27.4833, "longitude": -58.9333, "population": 54698}, {"name": "Basavilbaso", "country_iso2": "AR", "state": "Entre Ríos", "is_capital": false, "latitude": -32.3667, "longitude": -58.8833, "population": 9742}, {"name": "Batán", "country_iso2": "AR", "state": "Buenos Aires", "is_capital": false, "latitude": -38.0078, "longitude": -57.7097, "population": 10152}, {"name": "Beccar", "country_iso2": "AR", "state": "Buenos Aires", "is_capital": false, "latitude": -34.4667, "longitude": -58.5167, "population": 58811}, {"name": "Bell Ville", "country_iso2": "AR", "state": "Córdoba", "is_capital": false, "latitude": -32.6333, "longitude": -62.6833, "population": 33835}, {"name": "Bella Vista", "country_iso2": "AR", "state": "Buenos Aires", "is_capital": false, "latitude": -34.5333, "longitude": -58.6667, "population": 72000}, {"name": "Bella Vista", "country_iso2": "AR", "state": "Corrientes", "is_capital": false, "latitude": -28.4667, "longitude": -59.05, "population": 29071}, {"name": "Bella Vista", "country_iso2": "AR", "state": "Tucumán", "is_capital": false, "latitude": -27.0333, "longitude": -65.3, "population": 15126}, {"name": "Belén", "country_iso2": "AR", "state": "Catamarca", "is_capital": false, "latitude": -27.65, "longitude": -67.0333, "population": 12252}, {"name": "Belén de Escobar", "country_iso2": "AR", "state": "Buenos Aires", "is_capital": false, "latitude": -34.3333, "longitude": -58.8167, "population": 54678}, {"name": "Benito Juárez", "country_iso2": "AR", "state": "Buenos Aires", "is_capital": false, "latitude": -37.6667, "longitude": -59.7833, "population": 14279}, {"name": "Berazategui", "country_iso2": "AR", "state": "Buenos Aires", "is_capital": false, "latitude": -34.7167, "longitude": -58.25, "population": 180523}, {"name": "Berisso", "country_iso2": "AR", "state": "Buenos Aires", "is_capital": false, "latitude": -34.8728, "longitude": -57.8858, "population": 88470}, {"name": "Bernal", "country_iso2": "AR", "state": "Buenos Aires", "is_capital": false, "latitude": -34.7, "longitude": -58.2833, "population": 109914}, {"name": "Bernardo de Irigoyen", "country_iso2": "AR", "state": "Misiones", "is_capital": false, "latitude": -26.25, "longitude": -53.9833, "population": 10889}, {"name": "Billinghurst", "country_iso2": "AR", "state": "Buenos Aires", "is_capital": false, "latitude": -34.5667, "longitude": -58.5333, "population": 19138}, {"name": "Bragado", "country_iso2": "AR", "state": "Buenos Aires", "is_capital": false, "latitude": -35.1167, "longitude": -60.5, "population": 33222}, {"name": "Brandsen", "country_iso2": "AR", "state": "Buenos Aires", "is_capital": false, "latitude": -35.1667, "longitude": -58.2167, "population": 30026}, {"name": "Brinkmann", "country_iso2": "AR", "state": "Córdoba", "is_capital": false, "latitude": -30.8669, "longitude": -62.0336, "population": 9890}, {"name": "Buenos Aires", "country_iso2": "AR", "state": "Buenos Aires, Ciudad Autónoma de", "is_capital": true, "latitude": -34.6036, "longitude": -58.3814, "population": 16710000}, {"name": "Burzaco", "country_iso2": "AR", "state": "Buenos Aires", "is_capital": false, "latitude": -34.8167, "longitude": -58.3667, "population": 98859}, {"name": "Cafayate", "country_iso2": "AR", "state": "Salta", "is_capital": false, "latitude": -26.0833, "longitude": -65.9667, "population": 11785}, {"name": "Caleta Olivia", "country_iso2": "AR", "state": "Santa Cruz", "is_capital": false, "latitude": -46.4333, "longitude": -67.5333, "population": 51733}, {"name": "Campana", "country_iso2": "AR", "state": "Buenos Aires", "is_capital": false, "latitude": -34.1667, "longitude": -58.9167, "population": 86860}, {"name": "Campo Largo", "country_iso2": "AR", "state": "Chaco", "is_capital": false, "latitude": -26.8, "longitude": -60.8333, "population": 10743}, {"name": "Candelaria", "country_iso2": "AR", "state": "Misiones", "is_capital": false, "latitude": -27.4594, "longitude": -55.7453, "population": 25140}, {"name": "Capilla del Monte", "country_iso2": "AR", "state": "Córdoba", "is_capital": false, "latitude": -30.85, "longitude": -64.5167, "population": 11181}, {"name": "Capilla del Señor", "country_iso2": "AR", "state": "Buenos Aires", "is_capital": false, "latitude": -34.2833, "longitude": -59.1, "population": 9244}, {"name": "Capitán Bermúdez", "country_iso2": "AR", "state": "Santa Fe", "is_capital": false, "latitude": -32.8167, "longitude": -60.7167, "population": 29218}, {"name": "Capitán Sarmiento", "country_iso2": "AR", "state": "Buenos Aires", "is_capital": false, "latitude": -34.1667, "longitude": -59.7833, "population": 15965}, {"name": "Carcarañá", "country_iso2": "AR", "state": "Santa Fe", "is_capital": false, "latitude": -32.85, "longitude": -61.15, "population": 17350}, {"name": "Carhué", "country_iso2": "AR", "state": "Buenos Aires", "is_capital": false, "latitude": -37.1796, "longitude": -62.7601, "population": 16245}, {"name": "Carlos Casares", "country_iso2": "AR", "state": "Buenos Aires", "is_capital": false, "latitude": -35.6167, "longitude": -61.3667, "population": 21125}, {"name": "Carlos Spegazzini", "country_iso2": "AR", "state": "Buenos Aires", "is_capital": false, "latitude": -34.8833, "longitude": -58.5667, "population": 18820}, {"name": "Carmen de Areco", "country_iso2": "AR", "state": "Buenos Aires", "is_capital": false, "latitude": -34.3858, "longitude": -59.8294, "population": 12008}, {"name": "Carmen de Patagones", "country_iso2": "AR", "state": "Buenos Aires", "is_capital": false, "latitude": -40.7833, "longitude": -62.9667, "population": 20533}, {"name": "Caseros", "country_iso2": "AR", "state": "Buenos Aires", "is_capital": false, "latitude": -34.6106, "longitude": -58.5625, "population": 95785}, {"name": "Casilda", "country_iso2": "AR", "state": "Santa Fe", "is_capital": false, "latitude": -33.05, "longitude": -61.1667, "population": 35058}, {"name": "Castelar", "country_iso2": "AR", "state": "Buenos Aires", "is_capital": false, "latitude": -34.6667, "longitude": -58.6667, "population": 107786}, {"name": "Castelli", "country_iso2": "AR", "state": "Chaco", "is_capital": false, "latitude": -25.95, "longitude": -60.6167, "population": 27201}, {"name": "Catamarca", "country_iso2": "AR", "state": "Catamarca", "is_capital": true, "latitude": -28.4667, "longitude": -65.7833, "population": 159139}, {"name": "Catriel", "country_iso2": "AR", "state": "Río Negro", "is_capital": false, "latitude": -37.8667, "longitude": -67.8333, "population": 47569}, {"name": "Caucete", "country_iso2": "AR", "state": "San Juan", "is_capital": false, "latitude": -31.65, "longitude": -68.2833, "population": 28222}, {"name": "Cañada de Gómez", "country_iso2": "AR", "state": "Santa Fe", "is_capital": false, "latitude": -32.8167, "longitude": -61.4, "population": 32108}, {"name": "Cañuelas", "country_iso2": "AR", "state": "Buenos Aires", "is_capital": false, "latitude": -35.0333, "longitude": -58.7333, "population": 31901}, {"name": "Centenario", "country_iso2": "AR", "state": "Neuquén", "is_capital": false, "latitude": -38.8, "longitude": -68.1333, "population": 48721}, {"name": "Ceres", "country_iso2": "AR", "state": "Santa Fe", "is_capital": false, "latitude": -29.8667, "longitude": -61.95, "population": 14499}, {"name": "Cerrillos", "country_iso2": "AR", "state": "Salta", "is_capital": false, "latitude": -24.9, "longitude": -65.4833, "population": 17634}, {"name": "Chacabuco", "country_iso2": "AR", "state": "Buenos Aires", "is_capital": false, "latitude": -34.6333, "longitude": -60.4667, "population": 38418}, {"name": "Chajarí", "country_iso2": "AR", "state": "Entre Ríos", "is_capital": false, "latitude": -30.7667, "longitude": -57.9833, "population": 45848}, {"name": "Chamical", "country_iso2": "AR", "state": "La Rioja", "is_capital": false, "latitude": -30.3667, "longitude": -66.3167, "population": 12919}, {"name": "Charata", "country_iso2": "AR", "state": "Chaco", "is_capital": false, "latitude": -27.2167, "longitude": -61.2, "population": 26497}, {"name": "Chascomús", "country_iso2": "AR", "state": "Buenos Aires", "is_capital": false, "latitude": -35.575, "longitude": -58.0089, "population": 33607}, {"name": "Chepes", "country_iso2": "AR", "state": "La Rioja", "is_capital": false, "latitude": -31.35, "longitude": -66.6, "population": 6020}, {"name": "Chilecito", "country_iso2": "AR", "state": "La Rioja", "is_capital": false, "latitude": -29.1667, "longitude": -67.5, "population": 33724}, {"name": "Chimbas", "country_iso2": "AR", "state": "San Juan", "is_capital": false, "latitude": -31.5, "longitude": -68.5319, "population": 87258}, {"name": "Chivilcoy", "country_iso2": "AR", "state": "Buenos Aires", "is_capital": false, "latitude": -34.9, "longitude": -60.0167, "population": 58152}, {"name": "Choele Choel", "country_iso2": "AR", "state": "Río Negro", "is_capital": false, "latitude": -39.2667, "longitude": -65.6833, "population": 10146}, {"name": "Chos Malal", "country_iso2": "AR", "state": "Neuquén", "is_capital": false, "latitude": -37.3833, "longitude": -70.2667, "population": 15567}, {"name": "Chumbicha", "country_iso2": "AR", "state": "Catamarca", "is_capital": false, "latitude": -28.8667, "longitude": -66.2333, "population": 2572}, {"name": "Cinco Saltos", "country_iso2": "AR", "state": "Río Negro", "is_capital": false, "latitude": -38.8167, "longitude": -68.0667, "population": 27566}, {"name": "Cipolletti", "country_iso2": "AR", "state": "Río Negro", "is_capital": false, "latitude": -38.9333, "longitude": -67.9833, "population": 105482}, {"name": "City Bell", "country_iso2": "AR", "state": "Buenos Aires", "is_capital": false, "latitude": -34.85, "longitude": -58.05, "population": 32646}, {"name": "Ciudad General Belgrano", "country_iso2": "AR", "state": "Buenos Aires", "is_capital": false, "latitude": -34.7167, "longitude": -58.5333, "population": 92957}, {"name": "Ciudad de Loreto", "country_iso2": "AR", "state": "Santiago del Estero", "is_capital": false, "latitude": -28.3, "longitude": -64.2, "population": 9854}, {"name": "Ciudadela", "country_iso2": "AR", "state": "Buenos Aires", "is_capital": false, "latitude": -34.6333, "longitude": -58.5333, "population": 73155}, {"name": "Claypole", "country_iso2": "AR", "state": "Buenos Aires", "is_capital": false, "latitude": -34.8, "longitude": -58.3333, "population": 41176}, {"name": "Clorinda", "country_iso2": "AR", "state": "Formosa", "is_capital": false, "latitude": -25.2833, "longitude": -57.7167, "population": 47240}, {"name": "Colón", "country_iso2": "AR", "state": "Buenos Aires", "is_capital": false, "latitude": -33.8833, "longitude": -61.1, "population": 23171}, {"name": "Colón", "country_iso2": "AR", "state": "Entre Ríos", "is_capital": false, "latitude": -32.2167, "longitude": -58.1333, "population": 23150}, {"name": "Comallo", "country_iso2": "AR", "state": "Río Negro", "is_capital": false, "latitude": -41.0333, "longitude": -70.2667, "population": 741}, {"name": "Comandante Fontana", "country_iso2": "AR", "state": "Formosa", "is_capital": false, "latitude": -25.3333, "longitude": -59.6833, "population": 4277}, {"name": "Comandante Luis Piedra Buena", "country_iso2": "AR", "state": "Santa Cruz", "is_capital": false, "latitude": -49.983, "longitude": -68.91, "population": 6405}, {"name": "Comodoro Rivadavia", "country_iso2": "AR", "state": "Chubut", "is_capital": false, "latitude": -45.8647, "longitude": -67.4808, "population": 201228}, {"name": "Concepción", "country_iso2": "AR", "state": "Tucumán", "is_capital": false, "latitude": -27.3333, "longitude": -65.5833, "population": 49782}, {"name": "Concepción del Uruguay", "country_iso2": "AR", "state": "Entre Ríos", "is_capital": false, "latitude": -32.4833, "longitude": -58.2333, "population": 100728}, {"name": "Concordia", "country_iso2": "AR", "state": "Entre Ríos", "is_capital": false, "latitude": -31.4, "longitude": -58.0333, "population": 199634}, {"name": "Coronda", "country_iso2": "AR", "state": "Santa Fe", "is_capital": false, "latitude": -31.9667, "longitude": -60.9167, "population": 18115}, {"name": "Coronel Dorrego", "country_iso2": "AR", "state": "Buenos Aires", "is_capital": false, "latitude": -38.7, "longitude": -61.2667, "population": 11510}, {"name": "Coronel Du Graty", "country_iso2": "AR", "state": "Chaco", "is_capital": false, "latitude": -27.6667, "longitude": -60.9333, "population": 9015}, {"name": "Coronel Suárez", "country_iso2": "AR", "state": "Buenos Aires", "is_capital": false, "latitude": -37.4667, "longitude": -61.9333, "population": 42276}, {"name": "Corral de Bustos", "country_iso2": "AR", "state": "Córdoba", "is_capital": false, "latitude": -33.2833, "longitude": -62.2, "population": 10407}, {"name": "Corrientes", "country_iso2": "AR", "state": "Corrientes", "is_capital": true, "latitude": -27.4833, "longitude": -58.8167, "population": 352646}, {"name": "Corzuela", "country_iso2": "AR", "state": "Chaco", "is_capital": false, "latitude": -26.9333, "longitude": -60.9667, "population": 10470}, {"name": "Cosquín", "country_iso2": "AR", "state": "Córdoba", "is_capital": false, "latitude": -31.2436, "longitude": -64.4653, "population": 47785}, {"name": "Crespo", "country_iso2": "AR", "state": "Entre Ríos", "is_capital": false, "latitude": -32.0333, "longitude": -60.3167, "population": 19536}, {"name": "Cruz del Eje", "country_iso2": "AR", "state": "Córdoba", "is_capital": false, "latitude": -30.7333, "longitude": -64.8, "population": 30680}, {"name": "Curuzú Cuatiá", "country_iso2": "AR", "state": "Corrientes", "is_capital": false, "latitude": -29.7833, "longitude": -58.0833, "population": 34470}, {"name": "Cutral-Có", "country_iso2": "AR", "state": "Neuquén", "is_capital": false, "latitude": -38.9333, "longitude": -69.2333, "population": 40344}, {"name": "Córdoba", "country_iso2": "AR", "state": "Córdoba", "is_capital": true, "latitude": -31.4167, "longitude": -64.1833, "population": 2106734}, {"name": "Daireaux", "country_iso2": "AR", "state": "Buenos Aires", "is_capital": false, "latitude": -36.6, "longitude": -61.75, "population": 16804}, {"name": "Darregueira", "country_iso2": "AR", "state": "Buenos Aires", "is_capital": false, "latitude": -37.6996, "longitude": -63.1666, "population": 3412}, {"name": "Deán Funes", "country_iso2": "AR", "state": "Córdoba", "is_capital": false, "latitude": -30.4333, "longitude": -64.35, "population": 21518}, {"name": "Diamante", "country_iso2": "AR", "state": "Entre Ríos", "is_capital": false, "latitude": -32.0667, "longitude": -60.65, "population": 19142}, {"name": "Dock Sur", "country_iso2": "AR", "state": "Buenos Aires", "is_capital": false, "latitude": -34.6417, "longitude": -58.3478, "population": 43168}, {"name": "Dolores", "country_iso2": "AR", "state": "Buenos Aires", "is_capital": false, "latitude": -36.3167, "longitude": -57.6667, "population": 25940}, {"name": "Don Bosco", "country_iso2": "AR", "state": "Buenos Aires", "is_capital": false, "latitude": -34.7, "longitude": -58.2833, "population": 20876}, {"name": "Don Torcuato", "country_iso2": "AR", "state": "Buenos Aires", "is_capital": false, "latitude": -34.5, "longitude": -58.6167, "population": 64867}, {"name": "El Bolsón", "country_iso2": "AR", "state": "Río Negro", "is_capital": false, "latitude": -41.9667, "longitude": -71.5333, "population": 19009}, {"name": "El Calafate", "country_iso2": "AR", "state": "Santa Cruz", "is_capital": false, "latitude": -50.3378, "longitude": -72.26, "population": 22844}, {"name": "El Maitén", "country_iso2": "AR", "state": "Chubut", "is_capital": false, "latitude": -42.05, "longitude": -71.1667, "population": 4011}, {"name": "El Palomar", "country_iso2": "AR", "state": "Buenos Aires", "is_capital": false, "latitude": -34.6167, "longitude": -58.5833, "population": 59031}, {"name": "El Talar de Pacheco", "country_iso2": "AR", "state": "Buenos Aires", "is_capital": false, "latitude": -34.4719, "longitude": -58.655, "population": 50426}, {"name": "El Trébol", "country_iso2": "AR", "state": "Santa Fe", "is_capital": false, "latitude": -32.1833, "longitude": -61.7167, "population": 11086}, {"name": "Eldorado", "country_iso2": "AR", "state": "Misiones", "is_capital": false, "latitude": -26.4, "longitude": -54.6333, "population": 57323}, {"name": "Embalse", "country_iso2": "AR", "state": "Córdoba", "is_capital": false, "latitude": -32.1833, "longitude": -64.4167, "population": 9660}, {"name": "Embarcación", "country_iso2": "AR", "state": "Salta", "is_capital": false, "latitude": -23.2167, "longitude": -64.1, "population": 23964}, {"name": "Empedrado", "country_iso2": "AR", "state": "Corrientes", "is_capital": false, "latitude": -27.9333, "longitude": -58.7833, "population": 9258}, {"name": "Ensenada", "country_iso2": "AR", "state": "Buenos Aires", "is_capital": false, "latitude": -34.8644, "longitude": -57.9103, "population": 54463}, {"name": "Ensenada Berisso", "country_iso2": "AR", "state": "Buenos Aires", "is_capital": false, "latitude": -34.8667, "longitude": -57.9, "population": 63997}, {"name": "Esperanza", "country_iso2": "AR", "state": "Santa Fe", "is_capital": false, "latitude": -31.4427, "longitude": -60.9257, "population": 42082}, {"name": "Esquel", "country_iso2": "AR", "state": "Chubut", "is_capital": false, "latitude": -42.9, "longitude": -71.3167, "population": 36687}, {"name": "Esteban Echeverría", "country_iso2": "AR", "state": "Buenos Aires", "is_capital": false, "latitude": -34.8167, "longitude": -58.4667, "population": 109644}, {"name": "Ezpeleta", "country_iso2": "AR", "state": "Buenos Aires", "is_capital": false, "latitude": -34.7517, "longitude": -58.2344, "population": 79557}, {"name": "Famaillá", "country_iso2": "AR", "state": "Tucumán", "is_capital": false, "latitude": -27.05, "longitude": -65.4, "population": 22924}, {"name": "Federación", "country_iso2": "AR", "state": "Entre Ríos", "is_capital": false, "latitude": -30.9833, "longitude": -57.9167, "population": 16658}, {"name": "Federal", "country_iso2": "AR", "state": "Entre Ríos", "is_capital": false, "latitude": -30.95, "longitude": -58.8, "population": 16075}, {"name": "Firmat", "country_iso2": "AR", "state": "Santa Fe", "is_capital": false, "latitude": -33.45, "longitude": -61.4833, "population": 25757}, {"name": "Florencio Varela", "country_iso2": "AR", "state": "Buenos Aires", "is_capital": false, "latitude": -34.8167, "longitude": -58.2833, "population": 146704}, {"name": "Florida", "country_iso2": "AR", "state": "Buenos Aires", "is_capital": false, "latitude": -34.5167, "longitude": -58.5, "population": 48158}, {"name": "Fontana", "country_iso2": "AR", "state": "Chaco", "is_capital": false, "latitude": -27.4167, "longitude": -59.0333, "population": 32027}, {"name": "Formosa", "country_iso2": "AR", "state": "Formosa", "is_capital": true, "latitude": -26.1833, "longitude": -58.1833, "population": 234000}, {"name": "Fray Luis A. Beltrán", "country_iso2": "AR", "state": "Santa Fe", "is_capital": false, "latitude": -32.7833, "longitude": -60.7333, "population": 15176}, {"name": "Frontera", "country_iso2": "AR", "state": "Córdoba", "is_capital": false, "latitude": -31.4278, "longitude": -62.0619, "population": 10520}, {"name": "Frías", "country_iso2": "AR", "state": "Santiago del Estero", "is_capital": false, "latitude": -28.6333, "longitude": -65.1333, "population": 26649}, {"name": "Funes", "country_iso2": "AR", "state": "Santa Fe", "is_capital": false, "latitude": -32.9167, "longitude": -60.8167, "population": 38274}, {"name": "Garupá", "country_iso2": "AR", "state": "Misiones", "is_capital": false, "latitude": -27.4833, "longitude": -55.8333, "population": 28814}, {"name": "Garín", "country_iso2": "AR", "state": "Buenos Aires", "is_capital": false, "latitude": -34.4167, "longitude": -58.75, "population": 59335}, {"name": "Gastre", "country_iso2": "AR", "state": "Chubut", "is_capital": false, "latitude": -42.2667, "longitude": -69.2167, "population": 602}, {"name": "General Acha", "country_iso2": "AR", "state": "La Pampa", "is_capital": false, "latitude": -37.3833, "longitude": -64.6, "population": 12583}, {"name": "General Alvear", "country_iso2": "AR", "state": "Mendoza", "is_capital": false, "latitude": -34.9667, "longitude": -67.7, "population": 29909}, {"name": "General Alvear", "country_iso2": "AR", "state": "Buenos Aires", "is_capital": false, "latitude": -36.0333, "longitude": -60.0167, "population": 9812}, {"name": "General Arenales", "country_iso2": "AR", "state": "Buenos Aires", "is_capital": false, "latitude": -34.2833, "longitude": -61.2833, "population": 16350}, {"name": "General Belgrano", "country_iso2": "AR", "state": "Buenos Aires", "is_capital": false, "latitude": -35.7667, "longitude": -58.5, "population": 20791}, {"name": "General Cabrera", "country_iso2": "AR", "state": "Córdoba", "is_capital": false, "latitude": -32.7994, "longitude": -63.8683, "population": 14415}, {"name": "General Conesa", "country_iso2": "AR", "state": "Río Negro", "is_capital": false, "latitude": -40.1, "longitude": -64.4167, "population": 5484}, {"name": "General Deheza", "country_iso2": "AR", "state": "Córdoba", "is_capital": false, "latitude": -32.7564, "longitude": -63.7889, "population": 18000}, {"name": "General Enrique Mosconi", "country_iso2": "AR", "state": "Salta", "is_capital": false, "latitude": -22.6, "longitude": -63.8167, "population": 13118}, {"name": "General José de San Martín", "country_iso2": "AR", "state": "Chaco", "is_capital": false, "latitude": -26.5375, "longitude": -59.3417, "population": 31758}, {"name": "General Juan Madariaga", "country_iso2": "AR", "state": "Buenos Aires", "is_capital": false, "latitude": -37.0167, "longitude": -57.1333, "population": 18089}, {"name": "General Las Heras", "country_iso2": "AR", "state": "Buenos Aires", "is_capital": false, "latitude": -34.9333, "longitude": -58.95, "population": 18022}, {"name": "General Martín Miguel de Güemes", "country_iso2": "AR", "state": "Salta", "is_capital": false, "latitude": -24.6667, "longitude": -65.05, "population": 47348}, {"name": "General Pacheco", "country_iso2": "AR", "state": "Buenos Aires", "is_capital": false, "latitude": -34.45, "longitude": -58.65, "population": 43287}, {"name": "General Pico", "country_iso2": "AR", "state": "La Pampa", "is_capital": false, "latitude": -35.6667, "longitude": -63.7333, "population": 57669}, {"name": "General Pinedo", "country_iso2": "AR", "state": "Chaco", "is_capital": false, "latitude": -27.3167, "longitude": -61.2833, "population": 15741}, {"name": "General Roca", "country_iso2": "AR", "state": "Río Negro", "is_capital": false, "latitude": -39.0333, "longitude": -67.5833, "population": 136}, {"name": "General Rodríguez", "country_iso2": "AR", "state": "Buenos Aires", "is_capital": false, "latitude": -34.6167, "longitude": -58.95, "population": 85315}, {"name": "General San Martín", "country_iso2": "AR", "state": "Buenos Aires", "is_capital": false, "latitude": -34.5667, "longitude": -58.5333, "population": 28339}, {"name": "General Viamonte", "country_iso2": "AR", "state": "Buenos Aires", "is_capital": false, "latitude": -35.0, "longitude": -61.0333, "population": 22649}, {"name": "General Villegas", "country_iso2": "AR", "state": "Buenos Aires", "is_capital": false, "latitude": -35.0333, "longitude": -63.0167, "population": 35251}, {"name": "Gerli", "country_iso2": "AR", "state": "Buenos Aires", "is_capital": false, "latitude": -34.6833, "longitude": -58.3667, "population": 64640}, {"name": "Glew", "country_iso2": "AR", "state": "Buenos Aires", "is_capital": false, "latitude": -34.8833, "longitude": -58.3833, "population": 57878}, {"name": "Gobernador Gregores", "country_iso2": "AR", "state": "Santa Cruz", "is_capital": false, "latitude": -48.7667, "longitude": -70.25, "population": 4497}, {"name": "Gobernador Gálvez", "country_iso2": "AR", "state": "Santa Fe", "is_capital": false, "latitude": -33.0256, "longitude": -60.6336, "population": 80769}, {"name": "Gobernador Virasora", "country_iso2": "AR", "state": "Corrientes", "is_capital": false, "latitude": -28.05, "longitude": -56.0333, "population": 30666}, {"name": "Godoy Cruz", "country_iso2": "AR", "state": "Mendoza", "is_capital": false, "latitude": -32.9167, "longitude": -68.8333, "population": 191299}, {"name": "González Catán", "country_iso2": "AR", "state": "Buenos Aires", "is_capital": false, "latitude": -34.7667, "longitude": -58.6167, "population": 238067}, {"name": "Goya", "country_iso2": "AR", "state": "Corrientes", "is_capital": false, "latitude": -29.1333, "longitude": -59.25, "population": 72304}, {"name": "Granadero Baigorria", "country_iso2": "AR", "state": "Santa Fe", "is_capital": false, "latitude": -32.85, "longitude": -60.7, "population": 36994}, {"name": "Grand Bourg", "country_iso2": "AR", "state": "Buenos Aires", "is_capital": false, "latitude": -34.4833, "longitude": -58.7167, "population": 85189}, {"name": "Gualeguay", "country_iso2": "AR", "state": "Entre Ríos", "is_capital": false, "latitude": -33.15, "longitude": -59.3333, "population": 43009}, {"name": "Gualeguaychú", "country_iso2": "AR", "state": "Entre Ríos", "is_capital": false, "latitude": -33.0167, "longitude": -58.5167, "population": 109461}, {"name": "Guernica", "country_iso2": "AR", "state": "Buenos Aires", "is_capital": false, "latitude": -34.9167, "longitude": -58.3833, "population": 52529}, {"name": "Gálvez", "country_iso2": "AR", "state": "Santa Fe", "is_capital": false, "latitude": -32.0333, "longitude": -61.2167, "population": 20100}, {"name": "Haedo", "country_iso2": "AR", "state": "Buenos Aires", "is_capital": false, "latitude": -34.65, "longitude": -58.6, "population": 37745}, {"name": "Henderson", "country_iso2": "AR", "state": "Buenos Aires", "is_capital": false, "latitude": -36.2833, "longitude": -61.7167, "population": 9585}, {"name": "Hernando", "country_iso2": "AR", "state": "Córdoba", "is_capital": false, "latitude": -32.4167, "longitude": -63.7333, "population": 11182}, {"name": "Huinca Renancó", "country_iso2": "AR", "state": "Córdoba", "is_capital": false, "latitude": -34.84, "longitude": -64.3753, "population": 9426}, {"name": "Humahuaca", "country_iso2": "AR", "state": "Jujuy", "is_capital": false, "latitude": -23.2, "longitude": -65.35, "population": 11369}, {"name": "Hurlingham", "country_iso2": "AR", "state": "Buenos Aires", "is_capital": false, "latitude": -34.6, "longitude": -58.6333, "population": 176505}, {"name": "Ibicuy", "country_iso2": "AR", "state": "Entre Ríos", "is_capital": false, "latitude": -33.7333, "longitude": -59.1833, "population": 12077}, {"name": "Ingeniero Guillermo N. Juárez", "country_iso2": "AR", "state": "Formosa", "is_capital": false, "latitude": -23.9, "longitude": -61.85, "population": 6453}, {"name": "Ingeniero Jacobacci", "country_iso2": "AR", "state": "Río Negro", "is_capital": false, "latitude": -41.3, "longitude": -69.5833, "population": 6261}, {"name": "Ingeniero Maschwitz", "country_iso2": "AR", "state": "Buenos Aires", "is_capital": false, "latitude": -34.3667, "longitude": -58.75, "population": 12482}, {"name": "Ingeniero Pablo Nogués", "country_iso2": "AR", "state": "Buenos Aires", "is_capital": false, "latitude": -34.4667, "longitude": -58.7667, "population": 38470}, {"name": "Ingeniero White", "country_iso2": "AR", "state": "Buenos Aires", "is_capital": false, "latitude": -38.7667, "longitude": -62.2667, "population": 10486}, {"name": "Isidro Casanova", "country_iso2": "AR", "state": "Buenos Aires", "is_capital": false, "latitude": -34.7, "longitude": -58.5833, "population": 190696}, {"name": "Ituzaingó", "country_iso2": "AR", "state": "Buenos Aires", "is_capital": false, "latitude": -34.6667, "longitude": -58.6667, "population": 129510}, {"name": "Ituzaingó", "country_iso2": "AR", "state": "Corrientes", "is_capital": false, "latitude": -27.6, "longitude": -56.6667, "population": 19575}, {"name": "Jardín América", "country_iso2": "AR", "state": "Misiones", "is_capital": false, "latitude": -27.05, "longitude": -55.2333, "population": 25705}, {"name": "Jesús María", "country_iso2": "AR", "state": "Córdoba", "is_capital": false, "latitude": -30.9833, "longitude": -64.1, "population": 31602}, {"name": "Joaquín V. González", "country_iso2": "AR", "state": "Salta", "is_capital": false, "latitude": -25.0833, "longitude": -64.1833, "population": 21045}, {"name": "José C. Paz", "country_iso2": "AR", "state": "Buenos Aires", "is_capital": false, "latitude": -34.5167, "longitude": -58.7667, "population": 216637}, {"name": "José María Ezeiza", "country_iso2": "AR", "state": "Buenos Aires", "is_capital": false, "latitude": -34.8333, "longitude": -58.5167, "population": 160219}, {"name": "José Mármol", "country_iso2": "AR", "state": "Buenos Aires", "is_capital": false, "latitude": -34.7833, "longitude": -58.3667, "population": 41109}, {"name": "Junín", "country_iso2": "AR", "state": "Buenos Aires", "is_capital": false, "latitude": -34.5833, "longitude": -60.95, "population": 85420}, {"name": "Junín de los Andes", "country_iso2": "AR", "state": "Neuquén", "is_capital": false, "latitude": -39.9167, "longitude": -71.0667, "population": 18716}, {"name": "Justo Daract", "country_iso2": "AR", "state": "San Luis", "is_capital": false, "latitude": -33.8667, "longitude": -65.1667, "population": 12135}, {"name": "Kaiken", "country_iso2": "AR", "state": "Tierra del Fuego, Antártida e Islas del Atlántico Sur", "is_capital": false, "latitude": -54.5062, "longitude": -67.1905, "population": 9879}, {"name": "La Banda", "country_iso2": "AR", "state": "Santiago del Estero", "is_capital": false, "latitude": -27.7333, "longitude": -64.25, "population": 106441}, {"name": "La Calera", "country_iso2": "AR", "state": "Córdoba", "is_capital": false, "latitude": -31.3439, "longitude": -64.3353, "population": 45600}, {"name": "La Carlota", "country_iso2": "AR", "state": "Córdoba", "is_capital": false, "latitude": -33.4333, "longitude": -63.3, "population": 12537}, {"name": "La Cruz", "country_iso2": "AR", "state": "Corrientes", "is_capital": false, "latitude": -28.1833, "longitude": -56.65, "population": 8591}, {"name": "La Falda", "country_iso2": "AR", "state": "Córdoba", "is_capital": false, "latitude": -31.0833, "longitude": -64.5, "population": 16335}, {"name": "La Leonesa", "country_iso2": "AR", "state": "Chaco", "is_capital": false, "latitude": -27.05, "longitude": -58.7167, "population": 10067}, {"name": "La Lucila", "country_iso2": "AR", "state": "Buenos Aires", "is_capital": false, "latitude": -34.4833, "longitude": -58.4833, "population": 15844}, {"name": "La Paz", "country_iso2": "AR", "state": "Entre Ríos", "is_capital": false, "latitude": -30.75, "longitude": -59.65, "population": 74762}, {"name": "La Paz", "country_iso2": "AR", "state": "Mendoza", "is_capital": false, "latitude": -33.4667, "longitude": -67.55, "population": 9560}, {"name": "La Plata", "country_iso2": "AR", "state": "Buenos Aires", "is_capital": true, "latitude": -34.9211, "longitude": -57.9544, "population": 904789}, {"name": "La Quiaca", "country_iso2": "AR", "state": "Jujuy", "is_capital": false, "latitude": -22.1042, "longitude": -65.5972, "population": 16874}, {"name": "La Reja", "country_iso2": "AR", "state": "Buenos Aires", "is_capital": false, "latitude": -34.6394, "longitude": -58.8283, "population": 47839}, {"name": "La Rioja", "country_iso2": "AR", "state": "La Rioja", "is_capital": true, "latitude": -29.4125, "longitude": -66.8542, "population": 180995}, {"name": "Laboulaye", "country_iso2": "AR", "state": "Córdoba", "is_capital": false, "latitude": -34.1167, "longitude": -63.4, "population": 20534}, {"name": "Laguna Paiva", "country_iso2": "AR", "state": "Santa Fe", "is_capital": false, "latitude": -31.3039, "longitude": -60.6589, "population": 12334}, {"name": "Lanús", "country_iso2": "AR", "state": "Buenos Aires", "is_capital": false, "latitude": -34.7, "longitude": -58.4, "population": 459263}, {"name": "Las Breñas", "country_iso2": "AR", "state": "Chaco", "is_capital": false, "latitude": -27.0667, "longitude": -61.0667, "population": 22953}, {"name": "Las Flores", "country_iso2": "AR", "state": "Buenos Aires", "is_capital": false, "latitude": -36.0139, "longitude": -59.1, "population": 26651}, {"name": "Las Heras", "country_iso2": "AR", "state": "Mendoza", "is_capital": false, "latitude": -32.85, "longitude": -68.8167, "population": 189067}, {"name": "Las Heras", "country_iso2": "AR", "state": "Santa Cruz", "is_capital": false, "latitude": -46.55, "longitude": -68.95, "population": 17821}, {"name": "Las Lajas", "country_iso2": "AR", "state": "Neuquén", "is_capital": false, "latitude": -38.6, "longitude": -70.3, "population": 6215}, {"name": "Las Lomitas", "country_iso2": "AR", "state": "Formosa", "is_capital": false, "latitude": -24.7072, "longitude": -60.5944, "population": 12399}, {"name": "Las Parejas", "country_iso2": "AR", "state": "Santa Fe", "is_capital": false, "latitude": -32.6833, "longitude": -61.5333, "population": 12375}, {"name": "Las Rosas", "country_iso2": "AR", "state": "Santa Fe", "is_capital": false, "latitude": -32.4833, "longitude": -61.5833, "population": 13068}, {"name": "Leandro N. Alem", "country_iso2": "AR", "state": "Misiones", "is_capital": false, "latitude": -27.6, "longitude": -55.3333, "population": 25404}, {"name": "Leones", "country_iso2": "AR", "state": "Córdoba", "is_capital": false, "latitude": -32.6589, "longitude": -62.2967, "population": 10391}, {"name": "Libertad", "country_iso2": "AR", "state": "Buenos Aires", "is_capital": false, "latitude": -34.6833, "longitude": -58.6833, "population": 100324}, {"name": "Libertador General San Martín", "country_iso2": "AR", "state": "Jujuy", "is_capital": false, "latitude": -23.8, "longitude": -64.7833, "population": 46642}, {"name": "Lincoln", "country_iso2": "AR", "state": "Buenos Aires", "is_capital": false, "latitude": -34.85, "longitude": -61.5167, "population": 28051}, {"name": "Llavallol", "country_iso2": "AR", "state": "Buenos Aires", "is_capital": false, "latitude": -34.7667, "longitude": -58.3833, "population": 41463}, {"name": "Lobería", "country_iso2": "AR", "state": "Buenos Aires", "is_capital": false, "latitude": -38.1333, "longitude": -58.7667, "population": 12199}, {"name": "Lobos", "country_iso2": "AR", "state": "Buenos Aires", "is_capital": false, "latitude": -35.1833, "longitude": -59.0833, "population": 31190}, {"name": "Lomas de Zamora", "country_iso2": "AR", "state": "Buenos Aires", "is_capital": false, "latitude": -34.7667, "longitude": -58.4, "population": 112580}, {"name": "Lomas del Mirador", "country_iso2": "AR", "state": "Buenos Aires", "is_capital": false, "latitude": -34.6667, "longitude": -58.5297, "population": 71479}, {"name": "Longchamps", "country_iso2": "AR", "state": "Buenos Aires", "is_capital": false, "latitude": -34.85, "longitude": -58.3833, "population": 47622}, {"name": "Los Blancos", "country_iso2": "AR", "state": "Salta", "is_capital": false, "latitude": -23.6, "longitude": -62.6, "population": 1145}, {"name": "Los Polvorines", "country_iso2": "AR", "state": "Buenos Aires", "is_capital": false, "latitude": -34.5, "longitude": -58.7, "population": 60867}, {"name": "Luján", "country_iso2": "AR", "state": "Buenos Aires", "is_capital": false, "latitude": -34.5667, "longitude": -59.1, "population": 106899}, {"name": "Luján de Cuyo", "country_iso2": "AR", "state": "Mendoza", "is_capital": false, "latitude": -32.998, "longitude": -68.873, "population": 73058}, {"name": "Machagai", "country_iso2": "AR", "state": "Chaco", "is_capital": false, "latitude": -26.9167, "longitude": -60.0333, "population": 21997}, {"name": "Magdalena", "country_iso2": "AR", "state": "Buenos Aires", "is_capital": false, "latitude": -35.0833, "longitude": -57.5167, "population": 9294}, {"name": "Maipú", "country_iso2": "AR", "state": "Mendoza", "is_capital": false, "latitude": -32.9667, "longitude": -68.75, "population": 106662}, {"name": "Maipú", "country_iso2": "AR", "state": "Buenos Aires", "is_capital": false, "latitude": -36.8667, "longitude": -57.8667, "population": 8865}, {"name": "Malargüe", "country_iso2": "AR", "state": "Mendoza", "is_capital": false, "latitude": -35.475, "longitude": -69.5833, "population": 27660}, {"name": "Malvinas Argentinas", "country_iso2": "AR", "state": "Córdoba", "is_capital": false, "latitude": -31.3697, "longitude": -64.0531, "population": 12187}, {"name": "Manuel B. Gonnet", "country_iso2": "AR", "state": "Buenos Aires", "is_capital": false, "latitude": -34.85, "longitude": -58.0167, "population": 22963}, {"name": "Mar de Ajó", "country_iso2": "AR", "state": "Buenos Aires", "is_capital": false, "latitude": -36.7203, "longitude": -56.6878, "population": 25520}, {"name": "Mar del Plata", "country_iso2": "AR", "state": "Buenos Aires", "is_capital": false, "latitude": -38.0, "longitude": -57.55, "population": 682605}, {"name": "Marcos Juárez", "country_iso2": "AR", "state": "Córdoba", "is_capital": false, "latitude": -32.7, "longitude": -62.1, "population": 27004}, {"name": "Marcos Paz", "country_iso2": "AR", "state": "Buenos Aires", "is_capital": false, "latitude": -34.7667, "longitude": -58.8333, "population": 39151}, {"name": "Mariano Acosta", "country_iso2": "AR", "state": "Buenos Aires", "is_capital": false, "latitude": -34.7167, "longitude": -58.7833, "population": 54081}, {"name": "Martín Coronado", "country_iso2": "AR", "state": "Buenos Aires", "is_capital": false, "latitude": -34.6, "longitude": -58.55, "population": 19121}, {"name": "Martínez", "country_iso2": "AR", "state": "Buenos Aires", "is_capital": false, "latitude": -34.4833, "longitude": -58.5, "population": 65859}, {"name": "Matheu", "country_iso2": "AR", "state": "Buenos Aires", "is_capital": false, "latitude": -34.3667, "longitude": -58.8333, "population": 19964}, {"name": "Mburucuyá", "country_iso2": "AR", "state": "Corrientes", "is_capital": false, "latitude": -28.05, "longitude": -58.2333, "population": 9012}, {"name": "Melchor Romero", "country_iso2": "AR", "state": "Buenos Aires", "is_capital": false, "latitude": -34.9492, "longitude": -58.0472, "population": 22511}, {"name": "Mendoza", "country_iso2": "AR", "state": "Mendoza", "is_capital": true, "latitude": -32.8897, "longitude": -68.8444, "population": 115041}, {"name": "Mercedes", "country_iso2": "AR", "state": "Buenos Aires", "is_capital": false, "latitude": -34.65, "longitude": -59.4333, "population": 63284}, {"name": "Mercedes", "country_iso2": "AR", "state": "Corrientes", "is_capital": false, "latitude": -29.2, "longitude": -58.0833, "population": 33551}, {"name": "Merlo", "country_iso2": "AR", "state": "Buenos Aires", "is_capital": false, "latitude": -34.6653, "longitude": -58.7275, "population": 244168}, {"name": "Miramar", "country_iso2": "AR", "state": "Buenos Aires", "is_capital": false, "latitude": -38.2667, "longitude": -57.8333, "population": 30100}, {"name": "Monte Caseros", "country_iso2": "AR", "state": "Corrientes", "is_capital": false, "latitude": -30.25, "longitude": -57.65, "population": 23470}, {"name": "Monte Chingolo", "country_iso2": "AR", "state": "Buenos Aires", "is_capital": false, "latitude": -34.7333, "longitude": -58.35, "population": 85060}, {"name": "Monte Cristo", "country_iso2": "AR", "state": "Córdoba", "is_capital": false, "latitude": -31.3431, "longitude": -63.9444, "population": 18254}, {"name": "Monte Quemado", "country_iso2": "AR", "state": "Santiago del Estero", "is_capital": false, "latitude": -25.8036, "longitude": -62.8303, "population": 12543}, {"name": "Monte Rico", "country_iso2": "AR", "state": "Jujuy", "is_capital": false, "latitude": -24.4514, "longitude": -65.1667, "population": 9167}, {"name": "Monteros", "country_iso2": "AR", "state": "Tucumán", "is_capital": false, "latitude": -27.1667, "longitude": -65.5, "population": 23274}, {"name": "Morteros", "country_iso2": "AR", "state": "Córdoba", "is_capital": false, "latitude": -30.7, "longitude": -62.0, "population": 16890}, {"name": "Morón", "country_iso2": "AR", "state": "Buenos Aires", "is_capital": false, "latitude": -34.65, "longitude": -58.6167, "population": 99066}, {"name": "Munro", "country_iso2": "AR", "state": "Buenos Aires", "is_capital": false, "latitude": -34.5333, "longitude": -58.5167, "population": 35844}, {"name": "Muñiz", "country_iso2": "AR", "state": "Buenos Aires", "is_capital": false, "latitude": -34.5333, "longitude": -58.7, "population": 26221}, {"name": "Navarro", "country_iso2": "AR", "state": "Buenos Aires", "is_capital": false, "latitude": -35.0167, "longitude": -59.2667, "population": 11562}, {"name": "Necochea", "country_iso2": "AR", "state": "Buenos Aires", "is_capital": false, "latitude": -38.55, "longitude": -58.7333, "population": 90000}, {"name": "Neuquén", "country_iso2": "AR", "state": "Neuquén", "is_capital": true, "latitude": -38.9525, "longitude": -68.0642, "population": 288896}, {"name": "Nogoyá", "country_iso2": "AR", "state": "Entre Ríos", "is_capital": false, "latitude": -32.4, "longitude": -59.8, "population": 22824}, {"name": "Nueve de Julio", "country_iso2": "AR", "state": "Buenos Aires", "is_capital": false, "latitude": -35.45, "longitude": -60.8833, "population": 36494}, {"name": "Oberá", "country_iso2": "AR", "state": "Misiones", "is_capital": false, "latitude": -27.4833, "longitude": -55.1333, "population": 66112}, {"name": "Olavarría", "country_iso2": "AR", "state": "Buenos Aires", "is_capital": false, "latitude": -36.9, "longitude": -60.3333, "population": 89721}, {"name": "Oliva", "country_iso2": "AR", "state": "Córdoba", "is_capital": false, "latitude": -32.0333, "longitude": -63.5667, "population": 11672}, {"name": "Oncativo", "country_iso2": "AR", "state": "Córdoba", "is_capital": false, "latitude": -31.9167, "longitude": -63.6667, "population": 13180}, {"name": "Palpalá", "country_iso2": "AR", "state": "Jujuy", "is_capital": false, "latitude": -24.25, "longitude": -65.1167, "population": 50183}, {"name": "Pampa del Infierno", "country_iso2": "AR", "state": "Chaco", "is_capital": false, "latitude": -26.5167, "longitude": -61.1667, "population": 8176}, {"name": "Paraná", "country_iso2": "AR", "state": "Entre Ríos", "is_capital": true, "latitude": -31.7331, "longitude": -60.5297, "population": 268889}, {"name": "Paso de los Libres", "country_iso2": "AR", "state": "Corrientes", "is_capital": false, "latitude": -29.7167, "longitude": -57.0833, "population": 43251}, {"name": "Pedro Luro", "country_iso2": "AR", "state": "Buenos Aires", "is_capital": false, "latitude": -39.5, "longitude": -62.6833, "population": 9494}, {"name": "Pehuajó", "country_iso2": "AR", "state": "Buenos Aires", "is_capital": false, "latitude": -35.8, "longitude": -61.9, "population": 31553}, {"name": "Pergamino", "country_iso2": "AR", "state": "Buenos Aires", "is_capital": false, "latitude": -33.8833, "longitude": -60.5667, "population": 104985}, {"name": "Perico", "country_iso2": "AR", "state": "Jujuy", "is_capital": false, "latitude": -24.3833, "longitude": -65.1167, "population": 49422}, {"name": "Perito Moreno", "country_iso2": "AR", "state": "Santa Cruz", "is_capital": false, "latitude": -46.5886, "longitude": -70.9242, "population": 4617}, {"name": "Pichanal", "country_iso2": "AR", "state": "Salta", "is_capital": false, "latitude": -23.3167, "longitude": -64.2167, "population": 30903}, {"name": "Pico Truncado", "country_iso2": "AR", "state": "Santa Cruz", "is_capital": false, "latitude": -46.795, "longitude": -67.955, "population": 20889}, {"name": "Pigüé", "country_iso2": "AR", "state": "Buenos Aires", "is_capital": false, "latitude": -37.6167, "longitude": -62.4167, "population": 13822}, {"name": "Pilar", "country_iso2": "AR", "state": "Buenos Aires", "is_capital": false, "latitude": -34.45, "longitude": -58.9167, "population": 81120}, {"name": "Pilar", "country_iso2": "AR", "state": "Córdoba", "is_capital": false, "latitude": -31.6833, "longitude": -63.9, "population": 14735}, {"name": "Pinamar", "country_iso2": "AR", "state": "Buenos Aires", "is_capital": false, "latitude": -37.1, "longitude": -56.85, "population": 45000}, {"name": "Pirané", "country_iso2": "AR", "state": "Formosa", "is_capital": false, "latitude": -25.7328, "longitude": -59.11, "population": 64556}, {"name": "Plaza Huincul", "country_iso2": "AR", "state": "Neuquén", "is_capital": false, "latitude": -38.9338, "longitude": -69.1987, "population": 15887}, {"name": "Plottier", "country_iso2": "AR", "state": "Neuquén", "is_capital": false, "latitude": -38.95, "longitude": -68.2333, "population": 52190}, {"name": "Posadas", "country_iso2": "AR", "state": "Misiones", "is_capital": true, "latitude": -27.3667, "longitude": -55.9, "population": 275988}, {"name": "Presidencia Roque Sáenz Peña", "country_iso2": "AR", "state": "Chaco", "is_capital": false, "latitude": -26.7833, "longitude": -60.45, "population": 101086}, {"name": "Presidencia de la Plaza", "country_iso2": "AR", "state": "Chaco", "is_capital": false, "latitude": -26.9833, "longitude": -59.8333, "population": 12231}, {"name": "Profesor Salvador Mazza", "country_iso2": "AR", "state": "Salta", "is_capital": false, "latitude": -22.05, "longitude": -63.7, "population": 20670}, {"name": "Puan", "country_iso2": "AR", "state": "Buenos Aires", "is_capital": false, "latitude": -37.55, "longitude": -62.7667, "population": 16381}, {"name": "Puerto Deseado", "country_iso2": "AR", "state": "Santa Cruz", "is_capital": false, "latitude": -47.75, "longitude": -65.9167, "population": 14183}, {"name": "Puerto Iguazú", "country_iso2": "AR", "state": "Misiones", "is_capital": false, "latitude": -25.6, "longitude": -54.5667, "population": 82227}, {"name": "Puerto Madryn", "country_iso2": "AR", "state": "Chubut", "is_capital": false, "latitude": -42.7667, "longitude": -65.05, "population": 115353}, {"name": "Puerto Rico", "country_iso2": "AR", "state": "Misiones", "is_capital": false, "latitude": -26.8, "longitude": -55.0167, "population": 17491}, {"name": "Puerto San Martín", "country_iso2": "AR", "state": "Santa Fe", "is_capital": false, "latitude": -32.7167, "longitude": -60.7333, "population": 13243}, {"name": "Puerto Tirol", "country_iso2": "AR", "state": "Chaco", "is_capital": false, "latitude": -27.3667, "longitude": -59.0667, "population": 9763}, {"name": "Punta Alta", "country_iso2": "AR", "state": "Buenos Aires", "is_capital": false, "latitude": -38.88, "longitude": -62.075, "population": 58315}, {"name": "Punta Indio", "country_iso2": "AR", "state": "Buenos Aires", "is_capital": false, "latitude": -35.2667, "longitude": -57.2167, "population": 9362}, {"name": "Pérez", "country_iso2": "AR", "state": "Santa Fe", "is_capital": false, "latitude": -33.0, "longitude": -60.7667, "population": 26448}, {"name": "Quilmes", "country_iso2": "AR", "state": "Buenos Aires", "is_capital": false, "latitude": -34.7167, "longitude": -58.2667, "population": 262379}, {"name": "Quimilí", "country_iso2": "AR", "state": "Santiago del Estero", "is_capital": false, "latitude": -27.6333, "longitude": -62.4167, "population": 10959}, {"name": "Quitilipi", "country_iso2": "AR", "state": "Chaco", "is_capital": false, "latitude": -26.8667, "longitude": -60.2167, "population": 32083}, {"name": "Rada Tilly", "country_iso2": "AR", "state": "Chubut", "is_capital": false, "latitude": -45.9333, "longitude": -67.5333, "population": 9098}, {"name": "Rafael Calzada", "country_iso2": "AR", "state": "Buenos Aires", "is_capital": false, "latitude": -34.7833, "longitude": -58.3667, "population": 56419}, {"name": "Rafael Castillo", "country_iso2": "AR", "state": "Buenos Aires", "is_capital": false, "latitude": -34.7167, "longitude": -58.6167, "population": 147965}, {"name": "Rafaela", "country_iso2": "AR", "state": "Santa Fe", "is_capital": false, "latitude": -31.2667, "longitude": -61.4833, "population": 92945}, {"name": "Ramallo", "country_iso2": "AR", "state": "Buenos Aires", "is_capital": false, "latitude": -33.3167, "longitude": -60.2, "population": 11428}, {"name": "Ramos Mejía", "country_iso2": "AR", "state": "Buenos Aires", "is_capital": false, "latitude": -34.65, "longitude": -58.5667, "population": 120346}, {"name": "Ranchos", "country_iso2": "AR", "state": "Buenos Aires", "is_capital": false, "latitude": -35.5333, "longitude": -58.2833, "population": 10319}, {"name": "Rauch", "country_iso2": "AR", "state": "Buenos Aires", "is_capital": false, "latitude": -36.7667, "longitude": -59.1, "population": 14434}, {"name": "Rawson", "country_iso2": "AR", "state": "Chubut", "is_capital": true, "latitude": -43.3, "longitude": -65.1, "population": 24616}, {"name": "Reconquista", "country_iso2": "AR", "state": "Santa Fe", "is_capital": false, "latitude": -29.2333, "longitude": -59.9333, "population": 73293}, {"name": "Recreo", "country_iso2": "AR", "state": "Catamarca", "is_capital": false, "latitude": -29.2667, "longitude": -65.0667, "population": 11847}, {"name": "Remedios de Escalada", "country_iso2": "AR", "state": "Buenos Aires", "is_capital": false, "latitude": -34.7167, "longitude": -58.4, "population": 81465}, {"name": "Resistencia", "country_iso2": "AR", "state": "Chaco", "is_capital": true, "latitude": -27.4514, "longitude": -58.9867, "population": 298611}, {"name": "Rinconada", "country_iso2": "AR", "state": "Jujuy", "is_capital": false, "latitude": -22.4333, "longitude": -66.1667, "population": 364}, {"name": "Rivadavia", "country_iso2": "AR", "state": "San Juan", "is_capital": false, "latitude": -31.5303, "longitude": -68.5947, "population": 82582}, {"name": "Rivadavia", "country_iso2": "AR", "state": "Mendoza", "is_capital": false, "latitude": -33.1833, "longitude": -68.4667, "population": 82582}, {"name": "Rodeo", "country_iso2": "AR", "state": "San Juan", "is_capital": false, "latitude": -30.2164, "longitude": -69.1394, "population": 2625}, {"name": "Roldán", "country_iso2": "AR", "state": "Santa Fe", "is_capital": false, "latitude": -32.9011, "longitude": -60.9072, "population": 14113}, {"name": "Romang", "country_iso2": "AR", "state": "Santa Fe", "is_capital": false, "latitude": -29.5, "longitude": -59.7667, "population": 9237}, {"name": "Roque Pérez", "country_iso2": "AR", "state": "Buenos Aires", "is_capital": false, "latitude": -35.4167, "longitude": -59.3167, "population": 10902}, {"name": "Rosario", "country_iso2": "AR", "state": "Santa Fe", "is_capital": false, "latitude": -32.9575, "longitude": -60.6394, "population": 1276000}, {"name": "Rosario de Lerma", "country_iso2": "AR", "state": "Salta", "is_capital": false, "latitude": -24.9833, "longitude": -65.5833, "population": 21592}, {"name": "Rosario de la Frontera", "country_iso2": "AR", "state": "Salta", "is_capital": false, "latitude": -25.8, "longitude": -64.9667, "population": 26174}, {"name": "Rosario del Tala", "country_iso2": "AR", "state": "Entre Ríos", "is_capital": false, "latitude": -32.3, "longitude": -59.1333, "population": 12801}, {"name": "Rufino", "country_iso2": "AR", "state": "Santa Fe", "is_capital": false, "latitude": -34.2619, "longitude": -62.7114, "population": 18980}, {"name": "Río Colorado", "country_iso2": "AR", "state": "La Pampa", "is_capital": false, "latitude": -38.9908, "longitude": -64.0958, "population": 11733}, {"name": "Río Cuarto", "country_iso2": "AR", "state": "Córdoba", "is_capital": false, "latitude": -33.1333, "longitude": -64.35, "population": 200000}, {"name": "Río Gallegos", "country_iso2": "AR", "state": "Santa Cruz", "is_capital": true, "latitude": -51.6233, "longitude": -69.2161, "population": 95796}, {"name": "Río Grande", "country_iso2": "AR", "state": "Tierra del Fuego, Antártida e Islas del Atlántico Sur", "is_capital": false, "latitude": -53.7833, "longitude": -67.7, "population": 98017}, {"name": "Río Mayo", "country_iso2": "AR", "state": "Chubut", "is_capital": false, "latitude": -45.6869, "longitude": -70.26, "population": 2791}, {"name": "Río Segundo", "country_iso2": "AR", "state": "Córdoba", "is_capital": false, "latitude": -31.6501, "longitude": -63.9116, "population": 19713}, {"name": "Río Tercero", "country_iso2": "AR", "state": "Córdoba", "is_capital": false, "latitude": -32.1833, "longitude": -64.1, "population": 46421}, {"name": "Saavedra", "country_iso2": "AR", "state": "Buenos Aires", "is_capital": false, "latitude": -37.7833, "longitude": -62.35, "population": 19715}, {"name": "Saladas", "country_iso2": "AR", "state": "Corrientes", "is_capital": false, "latitude": -28.25, "longitude": -58.6167, "population": 18349}, {"name": "Salta", "country_iso2": "AR", "state": "Salta", "is_capital": true, "latitude": -24.7833, "longitude": -65.4167, "population": 535303}, {"name": "San Andrés de Giles", "country_iso2": "AR", "state": "Buenos Aires", "is_capital": false, "latitude": -34.4333, "longitude": -59.4333, "population": 26510}, {"name": "San Antonio Oeste", "country_iso2": "AR", "state": "Río Negro", "is_capital": false, "latitude": -40.7333, "longitude": -64.95, "population": 16265}, {"name": "San Antonio de Areco", "country_iso2": "AR", "state": "Buenos Aires", "is_capital": false, "latitude": -34.25, "longitude": -59.4667, "population": 26897}, {"name": "San Antonio de Padua", "country_iso2": "AR", "state": "Buenos Aires", "is_capital": false, "latitude": -34.6667, "longitude": -58.7, "population": 37775}, {"name": "San Antonio de los Cobres", "country_iso2": "AR", "state": "Salta", "is_capital": false, "latitude": -24.2178, "longitude": -66.32, "population": 5482}, {"name": "San Bernardo", "country_iso2": "AR", "state": "Chaco", "is_capital": false, "latitude": -27.2667, "longitude": -60.7, "population": 11101}, {"name": "San Carlos Centro", "country_iso2": "AR", "state": "Santa Fe", "is_capital": false, "latitude": -31.7333, "longitude": -61.1, "population": 11055}, {"name": "San Carlos de Bariloche", "country_iso2": "AR", "state": "Río Negro", "is_capital": false, "latitude": -41.15, "longitude": -71.3, "population": 112887}, {"name": "San Cristóbal", "country_iso2": "AR", "state": "Santa Fe", "is_capital": false, "latitude": -30.3167, "longitude": -61.2333, "population": 14389}, {"name": "San Fernando", "country_iso2": "AR", "state": "Buenos Aires", "is_capital": false, "latitude": -34.45, "longitude": -58.5667, "population": 163240}, {"name": "San Francisco", "country_iso2": "AR", "state": "Córdoba", "is_capital": false, "latitude": -31.4356, "longitude": -62.0714, "population": 62001}, {"name": "San Francisco Solano", "country_iso2": "AR", "state": "Buenos Aires", "is_capital": false, "latitude": -34.7667, "longitude": -58.3167, "population": 91322}, {"name": "San Isidro", "country_iso2": "AR", "state": "Buenos Aires", "is_capital": false, "latitude": -34.4739, "longitude": -58.525, "population": 43595}, {"name": "San Isidro de Lules", "country_iso2": "AR", "state": "Tucumán", "is_capital": false, "latitude": -26.9333, "longitude": -65.35, "population": 21088}, {"name": "San Javier", "country_iso2": "AR", "state": "Santa Fe", "is_capital": false, "latitude": -30.5833, "longitude": -59.95, "population": 13604}, {"name": "San Jorge", "country_iso2": "AR", "state": "Santa Fe", "is_capital": false, "latitude": -31.8961, "longitude": -61.8597, "population": 19521}, {"name": "San José de Feliciano", "country_iso2": "AR", "state": "Entre Ríos", "is_capital": false, "latitude": -30.3833, "longitude": -58.75, "population": 10282}, {"name": "San José de Jáchal", "country_iso2": "AR", "state": "San Juan", "is_capital": false, "latitude": -30.2333, "longitude": -68.75, "population": 21018}, {"name": "San Juan", "country_iso2": "AR", "state": "San Juan", "is_capital": true, "latitude": -31.5342, "longitude": -68.5261, "population": 471389}, {"name": "San Julián", "country_iso2": "AR", "state": "Santa Cruz", "is_capital": false, "latitude": -49.3, "longitude": -67.7167, "population": 7894}, {"name": "San Justo", "country_iso2": "AR", "state": "Buenos Aires", "is_capital": false, "latitude": -34.6833, "longitude": -58.55, "population": 136604}, {"name": "San Justo", "country_iso2": "AR", "state": "Santa Fe", "is_capital": false, "latitude": -30.7833, "longitude": -60.5833, "population": 47061}, {"name": "San Lorenzo", "country_iso2": "AR", "state": "Santa Fe", "is_capital": false, "latitude": -32.75, "longitude": -60.7333, "population": 196568}, {"name": "San Lorenzo", "country_iso2": "AR", "state": "Corrientes", "is_capital": false, "latitude": -28.1381, "longitude": -58.7681, "population": 47626}, {"name": "San Luis", "country_iso2": "AR", "state": "San Luis", "is_capital": true, "latitude": -33.3, "longitude": -66.3333, "population": 169947}, {"name": "San Luis del Palmar", "country_iso2": "AR", "state": "Corrientes", "is_capital": false, "latitude": -27.5167, "longitude": -58.5667, "population": 15347}, {"name": "San Martín", "country_iso2": "AR", "state": "Mendoza", "is_capital": false, "latitude": -33.0806, "longitude": -68.4706, "population": 79476}, {"name": "San Martín", "country_iso2": "AR", "state": "San Juan", "is_capital": false, "latitude": -31.4397, "longitude": -68.5206, "population": 22046}, {"name": "San Martín de los Andes", "country_iso2": "AR", "state": "Neuquén", "is_capital": false, "latitude": -40.1667, "longitude": -71.35, "population": 36913}, {"name": "San Miguel", "country_iso2": "AR", "state": "Buenos Aires", "is_capital": false, "latitude": -34.5333, "longitude": -58.7167, "population": 157532}, {"name": "San Miguel de Tucumán", "country_iso2": "AR", "state": "Tucumán", "is_capital": true, "latitude": -26.8167, "longitude": -65.2167, "population": 605767}, {"name": "San Nicolás de los Arroyos", "country_iso2": "AR", "state": "Buenos Aires", "is_capital": false, "latitude": -33.3333, "longitude": -60.2167, "population": 160000}, {"name": "San Pedro", "country_iso2": "AR", "state": "Buenos Aires", "is_capital": false, "latitude": -33.6792, "longitude": -59.6669, "population": 75616}, {"name": "San Pedro", "country_iso2": "AR", "state": "Jujuy", "is_capital": false, "latitude": -24.2196, "longitude": -64.87, "population": 58430}, {"name": "San Rafael", "country_iso2": "AR", "state": "Mendoza", "is_capital": false, "latitude": -34.6, "longitude": -68.3333, "population": 215020}, {"name": "San Ramón de la Nueva Orán", "country_iso2": "AR", "state": "Salta", "is_capital": false, "latitude": -23.1333, "longitude": -64.3333, "population": 76070}, {"name": "San Roque", "country_iso2": "AR", "state": "Corrientes", "is_capital": false, "latitude": -28.5667, "longitude": -58.7167, "population": 10885}, {"name": "San Salvador", "country_iso2": "AR", "state": "Entre Ríos", "is_capital": false, "latitude": -31.6167, "longitude": -58.5, "population": 12733}, {"name": "San Salvador de Jujuy", "country_iso2": "AR", "state": "Jujuy", "is_capital": true, "latitude": -24.1833, "longitude": -65.3, "population": 321789}, {"name": "San Vicente", "country_iso2": "AR", "state": "Buenos Aires", "is_capital": false, "latitude": -35.0167, "longitude": -58.4167, "population": 44529}, {"name": "Santa Elena", "country_iso2": "AR", "state": "Entre Ríos", "is_capital": false, "latitude": -30.95, "longitude": -59.8, "population": 20538}, {"name": "Santa Fe", "country_iso2": "AR", "state": "Santa Fe", "is_capital": true, "latitude": -31.6333, "longitude": -60.7, "population": 405683}, {"name": "Santa Lucía", "country_iso2": "AR", "state": "Corrientes", "is_capital": false, "latitude": -28.9833, "longitude": -59.1, "population": 11589}, {"name": "Santa María", "country_iso2": "AR", "state": "Catamarca", "is_capital": false, "latitude": -26.6833, "longitude": -66.0333, "population": 26929}, {"name": "Santa María", "country_iso2": "AR", "state": "Córdoba", "is_capital": false, "latitude": -31.2611, "longitude": -64.4639, "population": 9526}, {"name": "Santa Rosa", "country_iso2": "AR", "state": "La Pampa", "is_capital": true, "latitude": -36.6167, "longitude": -64.2833, "population": 102880}, {"name": "Santa Rosa", "country_iso2": "AR", "state": "Mendoza", "is_capital": false, "latitude": -33.25, "longitude": -68.15, "population": 15818}, {"name": "Santa Rosa de Calamuchita", "country_iso2": "AR", "state": "Córdoba", "is_capital": false, "latitude": -32.0667, "longitude": -64.5333, "population": 19012}, {"name": "Santa Rosa de Río Primero", "country_iso2": "AR", "state": "Córdoba", "is_capital": false, "latitude": -31.15, "longitude": -63.3833, "population": 10873}, {"name": "Santa Sylvina", "country_iso2": "AR", "state": "Chaco", "is_capital": false, "latitude": -27.7833, "longitude": -61.15, "population": 9040}, {"name": "Santiago del Estero", "country_iso2": "AR", "state": "Santiago del Estero", "is_capital": true, "latitude": -27.7833, "longitude": -64.2667, "population": 911506}, {"name": "Santo Tomé", "country_iso2": "AR", "state": "Santa Fe", "is_capital": false, "latitude": -31.6667, "longitude": -60.7667, "population": 65684}, {"name": "Santo Tomé", "country_iso2": "AR", "state": "Corrientes", "is_capital": false, "latitude": -28.55, "longitude": -56.05, "population": 23299}, {"name": "Sarandí", "country_iso2": "AR", "state": "Buenos Aires", "is_capital": false, "latitude": -34.6833, "longitude": -58.3333, "population": 60752}, {"name": "Sarmiento", "country_iso2": "AR", "state": "Chubut", "is_capital": false, "latitude": -45.6, "longitude": -69.0833, "population": 10858}, {"name": "Sauce", "country_iso2": "AR", "state": "Corrientes", "is_capital": false, "latitude": -30.0667, "longitude": -58.7667, "population": 9115}, {"name": "Senillosa", "country_iso2": "AR", "state": "Neuquén", "is_capital": false, "latitude": -39.01, "longitude": -68.43, "population": 11229}, {"name": "Sierra Colorada", "country_iso2": "AR", "state": "Río Negro", "is_capital": false, "latitude": -40.5833, "longitude": -67.8, "population": 1542}, {"name": "Sunchales", "country_iso2": "AR", "state": "Santa Fe", "is_capital": false, "latitude": -30.9333, "longitude": -61.5667, "population": 20537}, {"name": "Susques", "country_iso2": "AR", "state": "Jujuy", "is_capital": false, "latitude": -23.4167, "longitude": -66.4833, "population": 1093}, {"name": "Tafí Viejo", "country_iso2": "AR", "state": "Tucumán", "is_capital": false, "latitude": -26.7333, "longitude": -65.2667, "population": 39601}, {"name": "Tandil", "country_iso2": "AR", "state": "Buenos Aires", "is_capital": false, "latitude": -37.3167, "longitude": -59.1333, "population": 400}, {"name": "Tapiales", "country_iso2": "AR", "state": "Buenos Aires", "is_capital": false, "latitude": -34.7058, "longitude": -58.5047, "population": 23586}, {"name": "Tartagal", "country_iso2": "AR", "state": "Salta", "is_capital": false, "latitude": -22.5, "longitude": -63.8333, "population": 63196}, {"name": "Telsen", "country_iso2": "AR", "state": "Chubut", "is_capital": false, "latitude": -42.3833, "longitude": -66.95, "population": 544}, {"name": "Temperley", "country_iso2": "AR", "state": "Buenos Aires", "is_capital": false, "latitude": -34.7667, "longitude": -58.3833, "population": 121451}, {"name": "Termas de Río Hondo", "country_iso2": "AR", "state": "Santiago del Estero", "is_capital": false, "latitude": -27.4833, "longitude": -64.8667, "population": 32116}, {"name": "Tigre", "country_iso2": "AR", "state": "Buenos Aires", "is_capital": false, "latitude": -34.5, "longitude": -58.6167, "population": 64867}, {"name": "Tinogasta", "country_iso2": "AR", "state": "Catamarca", "is_capital": false, "latitude": -28.0667, "longitude": -67.5667, "population": 11485}, {"name": "Tolosa", "country_iso2": "AR", "state": "Buenos Aires", "is_capital": false, "latitude": -34.8942, "longitude": -57.9647, "population": 41705}, {"name": "Tornquist", "country_iso2": "AR", "state": "Buenos Aires", "is_capital": false, "latitude": -38.1, "longitude": -62.2167, "population": 11759}, {"name": "Tortuguitas", "country_iso2": "AR", "state": "Buenos Aires", "is_capital": false, "latitude": -34.475, "longitude": -58.7556, "population": 41390}, {"name": "Tostado", "country_iso2": "AR", "state": "Santa Fe", "is_capital": false, "latitude": -29.2333, "longitude": -61.7667, "population": 14582}, {"name": "Trancas", "country_iso2": "AR", "state": "Tucumán", "is_capital": false, "latitude": -26.2172, "longitude": -65.2831, "population": 3391}, {"name": "Trelew", "country_iso2": "AR", "state": "Chubut", "is_capital": false, "latitude": -43.25, "longitude": -65.3, "population": 97915}, {"name": "Trenque Lauquen", "country_iso2": "AR", "state": "Buenos Aires", "is_capital": false, "latitude": -35.9667, "longitude": -62.7, "population": 46019}, {"name": "Tres Arroyos", "country_iso2": "AR", "state": "Buenos Aires", "is_capital": false, "latitude": -38.3667, "longitude": -60.2667, "population": 62835}, {"name": "Tres Isletas", "country_iso2": "AR", "state": "Chaco", "is_capital": false, "latitude": -26.35, "longitude": -60.4167, "population": 24747}, {"name": "Tunuyán", "country_iso2": "AR", "state": "Mendoza", "is_capital": false, "latitude": -33.5667, "longitude": -69.0167, "population": 49132}, {"name": "Unquillo", "country_iso2": "AR", "state": "Córdoba", "is_capital": false, "latitude": -31.2333, "longitude": -64.3167, "population": 18483}, {"name": "Urdinarrain", "country_iso2": "AR", "state": "Entre Ríos", "is_capital": false, "latitude": -32.6856, "longitude": -58.8867, "population": 8986}, {"name": "Ushuaia", "country_iso2": "AR", "state": "Tierra del Fuego, Antártida e Islas del Atlántico Sur", "is_capital": true, "latitude": -54.8019, "longitude": -68.3031, "population": 82615}, {"name": "Uspallata", "country_iso2": "AR", "state": "Mendoza", "is_capital": false, "latitude": -32.5667, "longitude": -69.3167, "population": 3439}, {"name": "Veinticinco de Mayo", "country_iso2": "AR", "state": "Buenos Aires", "is_capital": false, "latitude": -35.4167, "longitude": -60.1667, "population": 35563}, {"name": "Veinticinco de Mayo", "country_iso2": "AR", "state": "La Pampa", "is_capital": false, "latitude": -37.7712, "longitude": -67.7174, "population": 5953}, {"name": "Veintiocho de Noviembre", "country_iso2": "AR", "state": "Santa Cruz", "is_capital": false, "latitude": -51.65, "longitude": -72.3, "population": 6145}, {"name": "Venado Tuerto", "country_iso2": "AR", "state": "Santa Fe", "is_capital": false, "latitude": -33.75, "longitude": -61.9667, "population": 83263}, {"name": "Vera", "country_iso2": "AR", "state": "Santa Fe", "is_capital": false, "latitude": -29.4667, "longitude": -60.2167, "population": 19185}, {"name": "Viale", "country_iso2": "AR", "state": "Entre Ríos", "is_capital": false, "latitude": -31.8667, "longitude": -60.0167, "population": 8939}, {"name": "Vicente López", "country_iso2": "AR", "state": "Buenos Aires", "is_capital": false, "latitude": -34.5333, "longitude": -58.475, "population": 24078}, {"name": "Victoria", "country_iso2": "AR", "state": "Entre Ríos", "is_capital": false, "latitude": -32.6167, "longitude": -60.1667, "population": 30623}, {"name": "Victorica", "country_iso2": "AR", "state": "La Pampa", "is_capital": false, "latitude": -36.2167, "longitude": -65.45, "population": 4458}, {"name": "Viedma", "country_iso2": "AR", "state": "Río Negro", "is_capital": true, "latitude": -40.8, "longitude": -63.0, "population": 59993}, {"name": "Villa Aberastain", "country_iso2": "AR", "state": "San Juan", "is_capital": false, "latitude": -31.65, "longitude": -68.5833, "population": 8946}, {"name": "Villa Adelina", "country_iso2": "AR", "state": "Buenos Aires", "is_capital": false, "latitude": -34.5167, "longitude": -58.5333, "population": 35307}, {"name": "Villa Alsina", "country_iso2": "AR", "state": "Buenos Aires", "is_capital": false, "latitude": -34.6667, "longitude": -58.4167, "population": 41155}, {"name": "Villa Ballester", "country_iso2": "AR", "state": "Buenos Aires", "is_capital": false, "latitude": -34.5167, "longitude": -58.5333, "population": 35301}, {"name": "Villa Berthet", "country_iso2": "AR", "state": "Chaco", "is_capital": false, "latitude": -27.2667, "longitude": -60.4167, "population": 12029}, {"name": "Villa Carlos Paz", "country_iso2": "AR", "state": "Córdoba", "is_capital": false, "latitude": -31.4, "longitude": -64.5167, "population": 75315}, {"name": "Villa Cañás", "country_iso2": "AR", "state": "Santa Fe", "is_capital": false, "latitude": -34.0, "longitude": -61.6, "population": 9433}, {"name": "Villa Celina", "country_iso2": "AR", "state": "Buenos Aires, Ciudad Autónoma de", "is_capital": false, "latitude": -34.7167, "longitude": -58.4833, "population": 78699}, {"name": "Villa Constitución", "country_iso2": "AR", "state": "Santa Fe", "is_capital": false, "latitude": -33.2333, "longitude": -60.3333, "population": 47374}, {"name": "Villa Dolores", "country_iso2": "AR", "state": "Córdoba", "is_capital": false, "latitude": -31.9333, "longitude": -65.2, "population": 29854}, {"name": "Villa Domínico", "country_iso2": "AR", "state": "Buenos Aires", "is_capital": false, "latitude": -34.6917, "longitude": -58.3333, "population": 62315}, {"name": "Villa Elisa", "country_iso2": "AR", "state": "Buenos Aires", "is_capital": false, "latitude": -34.8533, "longitude": -58.0792, "population": 19643}, {"name": "Villa Elisa", "country_iso2": "AR", "state": "Entre Ríos", "is_capital": false, "latitude": -32.1667, "longitude": -58.4, "population": 10266}, {"name": "Villa General Belgrano", "country_iso2": "AR", "state": "Córdoba", "is_capital": false, "latitude": -31.9667, "longitude": -64.5667, "population": 11656}, {"name": "Villa Gesell", "country_iso2": "AR", "state": "Buenos Aires", "is_capital": false, "latitude": -37.25, "longitude": -56.9833, "population": 29593}, {"name": "Villa Krause", "country_iso2": "AR", "state": "San Juan", "is_capital": false, "latitude": -31.5833, "longitude": -68.5333, "population": 107778}, {"name": "Villa La Angostura", "country_iso2": "AR", "state": "Neuquén", "is_capital": false, "latitude": -40.7625, "longitude": -71.6463, "population": 14246}, {"name": "Villa Luzuriaga", "country_iso2": "AR", "state": "Buenos Aires", "is_capital": false, "latitude": -34.6667, "longitude": -58.5833, "population": 94403}, {"name": "Villa María", "country_iso2": "AR", "state": "Córdoba", "is_capital": false, "latitude": -32.4103, "longitude": -63.2314, "population": 88600}, {"name": "Villa Mercedes", "country_iso2": "AR", "state": "San Luis", "is_capital": false, "latitude": -33.6667, "longitude": -65.4667, "population": 131046}, {"name": "Villa Nougues", "country_iso2": "AR", "state": "Tucumán", "is_capital": false, "latitude": -26.8578, "longitude": -65.3756, "population": 10785}, {"name": "Villa Nueva", "country_iso2": "AR", "state": "Córdoba", "is_capital": false, "latitude": -32.4331, "longitude": -63.2475, "population": 18818}, {"name": "Villa Ocampo", "country_iso2": "AR", "state": "Santa Fe", "is_capital": false, "latitude": -28.4833, "longitude": -59.35, "population": 19026}, {"name": "Villa Ojo de Agua", "country_iso2": "AR", "state": "Santiago del Estero", "is_capital": false, "latitude": -29.5167, "longitude": -63.7, "population": 15000}, {"name": "Villa Paranacito", "country_iso2": "AR", "state": "Entre Ríos", "is_capital": false, "latitude": -33.7, "longitude": -58.6833, "population": 15321}, {"name": "Villa Regina", "country_iso2": "AR", "state": "Río Negro", "is_capital": false, "latitude": -39.1, "longitude": -67.0667, "population": 30028}, {"name": "Villa Rumipal", "country_iso2": "AR", "state": "Córdoba", "is_capital": false, "latitude": -32.1879, "longitude": -64.4803, "population": 1269}, {"name": "Villa San José", "country_iso2": "AR", "state": "Entre Ríos", "is_capital": false, "latitude": -32.2, "longitude": -58.2167, "population": 16336}, {"name": "Villa Sarmiento", "country_iso2": "AR", "state": "Buenos Aires", "is_capital": false, "latitude": -34.6333, "longitude": -58.5667, "population": 17481}, {"name": "Villa Unión", "country_iso2": "AR", "state": "La Rioja", "is_capital": false, "latitude": -29.3, "longitude": -68.2, "population": 12263}, {"name": "Villa del Rosario", "country_iso2": "AR", "state": "Córdoba", "is_capital": false, "latitude": -31.5833, "longitude": -63.5333, "population": 15394}, {"name": "Villa Ángela", "country_iso2": "AR", "state": "Chaco", "is_capital": false, "latitude": -27.5833, "longitude": -60.7167, "population": 41403}, {"name": "Villaguay", "country_iso2": "AR", "state": "Entre Ríos", "is_capital": false, "latitude": -31.85, "longitude": -59.0167, "population": 49445}, {"name": "Villalonga", "country_iso2": "AR", "state": "Buenos Aires", "is_capital": false, "latitude": -39.8829, "longitude": -62.5833, "population": 2838}, {"name": "Virreyes", "country_iso2": "AR", "state": "Buenos Aires", "is_capital": false, "latitude": -34.45, "longitude": -58.5333, "population": 39507}, {"name": "Wanda", "country_iso2": "AR", "state": "Misiones", "is_capital": false, "latitude": -25.9667, "longitude": -54.5833, "population": 15529}, {"name": "Wilde", "country_iso2": "AR", "state": "Buenos Aires", "is_capital": false, "latitude": -34.7, "longitude": -58.3167, "population": 65881}, {"name": "Yacimiento Río Turbio", "country_iso2": "AR", "state": "Santa Cruz", "is_capital": false, "latitude": -51.5333, "longitude": -72.3, "population": 8814}, {"name": "Yerba Buena", "country_iso2": "AR", "state": "Tucumán", "is_capital": false, "latitude": -26.8167, "longitude": -65.3167, "population": 50057}, {"name": "Zapala", "country_iso2": "AR", "state": "Neuquén", "is_capital": false, "latitude": -38.9, "longitude": -70.0667, "population": 40472}, {"name": "Zárate", "country_iso2": "AR", "state": "Buenos Aires", "is_capital": false, "latitude": -34.0833, "longitude": -59.0333, "population": 109443}]