[{"name": "Abbotsford", "country_iso2": "CA", "state": "British Columbia", "is_capital": false, "latitude": 49.05, "longitude": -122.3167, "population": 153524}, {"name": "Acton", "country_iso2": "CA", "state": "Ontario", "is_capital": false, "latitude": 43.6333, "longitude": -80.0333, "population": 9377}, {"name": "Adjala-Tosorontio", "country_iso2": "CA", "state": "Ontario", "is_capital": false, "latitude": 44.1333, "longitude": -79.9333, "population": 10975}, {"name": "Airdrie", "country_iso2": "CA", "state": "Alberta", "is_capital": false, "latitude": 51.2917, "longitude": -114.0144, "population": 74100}, {"name": "Ajax", "country_iso2": "CA", "state": "Ontario", "is_capital": false, "latitude": 43.8583, "longitude": -79.0364, "population": 126666}, {"name": "Alfred and Plantagenet", "country_iso2": "CA", "state": "Ontario", "is_capital": false, "latitude": 45.5667, "longitude": -74.9167, "population": 9680}, {"name": "Alliston", "country_iso2": "CA", "state": "Ontario", "is_capital": false, "latitude": 44.15, "longitude": -79.8667, "population": 23253}, {"name": "Alma", "country_iso2": "CA", "state": "Quebec", "is_capital": false, "latitude": 48.55, "longitude": -71.65, "population": 30331}, {"name": "Amherst", "country_iso2": "CA", "state": "Nova Scotia", "is_capital": false, "latitude": 45.8167, "longitude": -64.2167, "population": 9548}, {"name": "Amherstburg", "country_iso2": "CA", "state": "Ontario", "is_capital": false, "latitude": 42.1, "longitude": -83.0833, "population": 23524}, {"name": "Amos", "country_iso2": "CA", "state": "Quebec", "is_capital": false, "latitude": 48.5667, "longitude": -78.1167, "population": 12675}, {"name": "Angus", "country_iso2": "CA", "state": "Ontario", "is_capital": false, "latitude": 44.3167, "longitude": -79.8833, "population": 14503}, {"name": "Arnprior", "country_iso2": "CA", "state": "Ontario", "is_capital": false, "latitude": 45.4333, "longitude": -76.35, "population": 11305}, {"name": "Aurora", "country_iso2": "CA", "state": "Ontario", "is_capital": false, "latitude": 44.0, "longitude": -79.4667, "population": 62057}, {"name": "Baie-Comeau", "country_iso2": "CA", "state": "Quebec", "is_capital": false, "latitude": 49.2167, "longitude": -68.15, "population": 20687}, {"name": "Barrie", "country_iso2": "CA", "state": "Ontario", "is_capital": false, "latitude": 44.3711, "longitude": -79.6769, "population": 154676}, {"name": "Bathurst", "country_iso2": "CA", "state": "New Brunswick", "is_capital": false, "latitude": 47.62, "longitude": -65.65, "population": 15985}, {"name": "Beaconsfield", "country_iso2": "CA", "state": "Quebec", "is_capital": false, "latitude": 45.4333, "longitude": -73.8667, "population": 19277}, {"name": "Beamsville", "country_iso2": "CA", "state": "Ontario", "is_capital": false, "latitude": 43.171, "longitude": -79.4767, "population": 13323}, {"name": "Beauharnois", "country_iso2": "CA", "state": "Quebec", "is_capital": false, "latitude": 45.32, "longitude": -73.87, "population": 13638}, {"name": "Beaumont", "country_iso2": "CA", "state": "Alberta", "is_capital": false, "latitude": 53.3572, "longitude": -113.4147, "population": 20888}, {"name": "Beckwith", "country_iso2": "CA", "state": "Ontario", "is_capital": false, "latitude": 45.0833, "longitude": -76.0667, "population": 9021}, {"name": "Belleville", "country_iso2": "CA", "state": "Ontario", "is_capital": false, "latitude": 44.1667, "longitude": -77.3833, "population": 75052}, {"name": "Beloeil", "country_iso2": "CA", "state": "Quebec", "is_capital": false, "latitude": 45.5667, "longitude": -73.2, "population": 52959}, {"name": "Binbrook", "country_iso2": "CA", "state": "Ontario", "is_capital": false, "latitude": 43.122, "longitude": -79.805, "population": 10791}, {"name": "Blackfalds", "country_iso2": "CA", "state": "Alberta", "is_capital": false, "latitude": 52.3833, "longitude": -113.8, "population": 10315}, {"name": "Blainville", "country_iso2": "CA", "state": "Quebec", "is_capital": false, "latitude": 45.67, "longitude": -73.88, "population": 59819}, {"name": "Bois-des-Filion", "country_iso2": "CA", "state": "Quebec", "is_capital": false, "latitude": 45.6667, "longitude": -73.75, "population": 10159}, {"name": "Boisbriand", "country_iso2": "CA", "state": "Quebec", "is_capital": false, "latitude": 45.62, "longitude": -73.83, "population": 28308}, {"name": "Bolton", "country_iso2": "CA", "state": "Ontario", "is_capital": false, "latitude": 43.8833, "longitude": -79.7333, "population": 26795}, {"name": "Boucherville", "country_iso2": "CA", "state": "Quebec", "is_capital": false, "latitude": 45.6, "longitude": -73.45, "population": 41743}, {"name": "Bowmanville", "country_iso2": "CA", "state": "Ontario", "is_capital": false, "latitude": 43.9125, "longitude": -78.6871, "population": 56742}, {"name": "Bracebridge", "country_iso2": "CA", "state": "Ontario", "is_capital": false, "latitude": 45.0333, "longitude": -79.3, "population": 16010}, {"name": "Bradford", "country_iso2": "CA", "state": "Ontario", "is_capital": false, "latitude": 44.1167, "longitude": -79.5667, "population": 38128}, {"name": "Bradford West Gwillimbury", "country_iso2": "CA", "state": "Ontario", "is_capital": false, "latitude": 44.1333, "longitude": -79.6333, "population": 42880}, {"name": "Brampton", "country_iso2": "CA", "state": "Ontario", "is_capital": false, "latitude": 43.6833, "longitude": -79.7667, "population": 656480}, {"name": "Brandon", "country_iso2": "CA", "state": "Manitoba", "is_capital": false, "latitude": 49.8483, "longitude": -99.95, "population": 51313}, {"name": "Brant", "country_iso2": "CA", "state": "Ontario", "is_capital": false, "latitude": 43.1167, "longitude": -80.3667, "population": 39474}, {"name": "Brantford", "country_iso2": "CA", "state": "Ontario", "is_capital": false, "latitude": 43.1667, "longitude": -80.25, "population": 104688}, {"name": "Bridgewater", "country_iso2": "CA", "state": "Nova Scotia", "is_capital": false, "latitude": 44.37, "longitude": -64.52, "population": 8790}, {"name": "Brighton", "country_iso2": "CA", "state": "Ontario", "is_capital": false, "latitude": 44.1222, "longitude": -77.7642, "population": 11844}, {"name": "Brock", "country_iso2": "CA", "state": "Ontario", "is_capital": false, "latitude": 44.3167, "longitude": -79.0833, "population": 11642}, {"name": "Brockton", "country_iso2": "CA", "state": "Ontario", "is_capital": false, "latitude": 44.1667, "longitude": -81.2167, "population": 9461}, {"name": "Brockville", "country_iso2": "CA", "state": "Ontario", "is_capital": false, "latitude": 44.5833, "longitude": -75.6833, "population": 22293}, {"name": "Bromont", "country_iso2": "CA", "state": "Quebec", "is_capital": false, "latitude": 45.3167, "longitude": -72.65, "population": 11357}, {"name": "Brooks", "country_iso2": "CA", "state": "Alberta", "is_capital": false, "latitude": 50.5642, "longitude": -111.8989, "population": 14924}, {"name": "Brossard", "country_iso2": "CA", "state": "Quebec", "is_capital": false, "latitude": 45.4667, "longitude": -73.45, "population": 91525}, {"name": "Buckingham", "country_iso2": "CA", "state": "Quebec", "is_capital": false, "latitude": 45.5889, "longitude": -75.4164, "population": 17407}, {"name": "Burlington", "country_iso2": "CA", "state": "Ontario", "is_capital": false, "latitude": 43.3167, "longitude": -79.8, "population": 186948}, {"name": "Burnaby", "country_iso2": "CA", "state": "British Columbia", "is_capital": false, "latitude": 49.2667, "longitude": -122.9667, "population": 249125}, {"name": "Bécancour", "country_iso2": "CA", "state": "Quebec", "is_capital": false, "latitude": 46.3333, "longitude": -72.4333, "population": 13561}, {"name": "Caledon", "country_iso2": "CA", "state": "Ontario", "is_capital": false, "latitude": 43.8667, "longitude": -79.8667, "population": 76581}, {"name": "Caledonia", "country_iso2": "CA", "state": "Ontario", "is_capital": false, "latitude": 43.0773, "longitude": -79.9514, "population": 12179}, {"name": "Calgary", "country_iso2": "CA", "state": "Alberta", "is_capital": false, "latitude": 51.05, "longitude": -114.0667, "population": 1306784}, {"name": "Cambridge", "country_iso2": "CA", "state": "Ontario", "is_capital": false, "latitude": 43.3972, "longitude": -80.3114, "population": 138479}, {"name": "Campbell River", "country_iso2": "CA", "state": "British Columbia", "is_capital": false, "latitude": 50.0244, "longitude": -125.2475, "population": 38108}, {"name": "Campbellton", "country_iso2": "CA", "state": "New Brunswick", "is_capital": false, "latitude": 48.005, "longitude": -66.6731, "population": 8833}, {"name": "Camrose", "country_iso2": "CA", "state": "Alberta", "is_capital": false, "latitude": 53.0167, "longitude": -112.8333, "population": 18772}, {"name": "Candiac", "country_iso2": "CA", "state": "Quebec", "is_capital": false, "latitude": 45.38, "longitude": -73.52, "population": 22997}, {"name": "Canmore", "country_iso2": "CA", "state": "Alberta", "is_capital": false, "latitude": 51.089, "longitude": -115.359, "population": 15990}, {"name": "Cantley", "country_iso2": "CA", "state": "Quebec", "is_capital": false, "latitude": 45.5667, "longitude": -75.7833, "population": 11449}, {"name": "Cape Breton", "country_iso2": "CA", "state": "Nova Scotia", "is_capital": false, "latitude": 46.1389, "longitude": -60.1931, "population": 93694}, {"name": "Carignan", "country_iso2": "CA", "state": "Quebec", "is_capital": false, "latitude": 45.45, "longitude": -73.3, "population": 11740}, {"name": "Carleton Place", "country_iso2": "CA", "state": "Ontario", "is_capital": false, "latitude": 45.1333, "longitude": -76.1333, "population": 13940}, {"name": "Castlegar", "country_iso2": "CA", "state": "British Columbia", "is_capital": false, "latitude": 49.3256, "longitude": -117.6661, "population": 10029}, {"name": "Cavan Monaghan", "country_iso2": "CA", "state": "Ontario", "is_capital": false, "latitude": 44.2, "longitude": -78.4667, "population": 10016}, {"name": "Central Elgin", "country_iso2": "CA", "state": "Ontario", "is_capital": false, "latitude": 42.7667, "longitude": -81.1, "population": 13746}, {"name": "Central Saanich", "country_iso2": "CA", "state": "British Columbia", "is_capital": false, "latitude": 48.5142, "longitude": -123.3839, "population": 17385}, {"name": "Centre Wellington", "country_iso2": "CA", "state": "Ontario", "is_capital": false, "latitude": 43.7, "longitude": -80.3667, "population": 31093}, {"name": "Chambly", "country_iso2": "CA", "state": "Quebec", "is_capital": false, "latitude": 45.4311, "longitude": -73.2873, "population": 31444}, {"name": "Champlain", "country_iso2": "CA", "state": "Ontario", "is_capital": false, "latitude": 45.5333, "longitude": -74.65, "population": 8706}, {"name": "Charlottetown", "country_iso2": "CA", "state": "Prince Edward Island", "is_capital": true, "latitude": 46.2403, "longitude": -63.1347, "population": 52390}, {"name": "Chatham", "country_iso2": "CA", "state": "Ontario", "is_capital": false, "latitude": 42.4229, "longitude": -82.1324, "population": 103988}, {"name": "Chatham", "country_iso2": "CA", "state": "New Brunswick", "is_capital": false, "latitude": 47.0443, "longitude": -65.3781, "population": 11594}, {"name": "Chester", "country_iso2": "CA", "state": "Nova Scotia", "is_capital": false, "latitude": 44.65, "longitude": -64.3, "population": 10310}, {"name": "Chestermere", "country_iso2": "CA", "state": "Alberta", "is_capital": false, "latitude": 51.05, "longitude": -113.8225, "population": 22163}, {"name": "Chicoutimi", "country_iso2": "CA", "state": "Quebec", "is_capital": false, "latitude": 48.4333, "longitude": -71.0667, "population": 103934}, {"name": "Chilliwack", "country_iso2": "CA", "state": "British Columbia", "is_capital": false, "latitude": 49.1577, "longitude": -121.9509, "population": 93203}, {"name": "Châteauguay", "country_iso2": "CA", "state": "Quebec", "is_capital": false, "latitude": 45.38, "longitude": -73.75, "population": 75891}, {"name": "Clarence-Rockland", "country_iso2": "CA", "state": "Ontario", "is_capital": false, "latitude": 45.4833, "longitude": -75.2, "population": 26505}, {"name": "Clarington", "country_iso2": "CA", "state": "Ontario", "is_capital": false, "latitude": 43.935, "longitude": -78.6083, "population": 101427}, {"name": "Clearview", "country_iso2": "CA", "state": "Ontario", "is_capital": false, "latitude": 44.3981, "longitude": -80.0742, "population": 14151}, {"name": "Coaldale", "country_iso2": "CA", "state": "Alberta", "is_capital": false, "latitude": 49.7333, "longitude": -112.6167, "population": 8771}, {"name": "Coaticook", "country_iso2": "CA", "state": "Quebec", "is_capital": false, "latitude": 45.1333, "longitude": -71.8, "population": 8698}, {"name": "Cobourg", "country_iso2": "CA", "state": "Ontario", "is_capital": false, "latitude": 43.9667, "longitude": -78.1667, "population": 20519}, {"name": "Cochrane", "country_iso2": "CA", "state": "Alberta", "is_capital": false, "latitude": 51.189, "longitude": -114.467, "population": 32199}, {"name": "Cold Lake", "country_iso2": "CA", "state": "Alberta", "is_capital": false, "latitude": 54.4642, "longitude": -110.1825, "population": 14961}, {"name": "Coldstream", "country_iso2": "CA", "state": "British Columbia", "is_capital": false, "latitude": 50.22, "longitude": -119.2481, "population": 11171}, {"name": "Collingwood", "country_iso2": "CA", "state": "Ontario", "is_capital": false, "latitude": 44.5, "longitude": -80.2167, "population": 24811}, {"name": "Colwood", "country_iso2": "CA", "state": "British Columbia", "is_capital": false, "latitude": 48.4236, "longitude": -123.4958, "population": 18961}, {"name": "Comox", "country_iso2": "CA", "state": "British Columbia", "is_capital": false, "latitude": 49.6733, "longitude": -124.9022, "population": 14806}, {"name": "Conception Bay South", "country_iso2": "CA", "state": "Newfoundland and Labrador", "is_capital": false, "latitude": 47.5167, "longitude": -52.9833, "population": 27168}, {"name": "Coquitlam", "country_iso2": "CA", "state": "British Columbia", "is_capital": false, "latitude": 49.2839, "longitude": -122.7919, "population": 148625}, {"name": "Corman Park No. 344", "country_iso2": "CA", "state": "Saskatchewan", "is_capital": false, "latitude": 52.2291, "longitude": -106.8002, "population": 8909}, {"name": "Corner Brook", "country_iso2": "CA", "state": "Newfoundland and Labrador", "is_capital": false, "latitude": 48.9287, "longitude": -57.926, "population": 19333}, {"name": "Cornwall", "country_iso2": "CA", "state": "Ontario", "is_capital": false, "latitude": 45.0275, "longitude": -74.74, "population": 47845}, {"name": "Courtenay", "country_iso2": "CA", "state": "British Columbia", "is_capital": false, "latitude": 49.6878, "longitude": -124.9944, "population": 48917}, {"name": "Cowansville", "country_iso2": "CA", "state": "Quebec", "is_capital": false, "latitude": 45.2, "longitude": -72.75, "population": 15234}, {"name": "Cranbrook", "country_iso2": "CA", "state": "British Columbia", "is_capital": false, "latitude": 49.5097, "longitude": -115.7667, "population": 20499}, {"name": "Crystal Beach", "country_iso2": "CA", "state": "Ontario", "is_capital": false, "latitude": 42.8661, "longitude": -79.0624, "population": 9531}, {"name": "Côte-Saint-Luc", "country_iso2": "CA", "state": "Quebec", "is_capital": false, "latitude": 45.4687, "longitude": -73.6673, "population": 34504}, {"name": "Dawson Creek", "country_iso2": "CA", "state": "British Columbia", "is_capital": false, "latitude": 55.7606, "longitude": -120.2356, "population": 12323}, {"name": "Delta", "country_iso2": "CA", "state": "British Columbia", "is_capital": false, "latitude": 49.0847, "longitude": -123.0586, "population": 108455}, {"name": "Deux-Montagnes", "country_iso2": "CA", "state": "Quebec", "is_capital": false, "latitude": 45.5333, "longitude": -73.8833, "population": 17915}, {"name": "Dieppe", "country_iso2": "CA", "state": "New Brunswick", "is_capital": false, "latitude": 46.0989, "longitude": -64.7242, "population": 28114}, {"name": "Dolbeau", "country_iso2": "CA", "state": "Quebec", "is_capital": false, "latitude": 48.8666, "longitude": -72.2333, "population": 10849}, {"name": "Dollard-des-Ormeaux", "country_iso2": "CA", "state": "Quebec", "is_capital": false, "latitude": 45.4833, "longitude": -73.8167, "population": 48403}, {"name": "Donnacona", "country_iso2": "CA", "state": "Quebec", "is_capital": false, "latitude": 46.6747, "longitude": -71.7294, "population": 8952}, {"name": "Dorval", "country_iso2": "CA", "state": "Quebec", "is_capital": false, "latitude": 45.45, "longitude": -73.75, "population": 19302}, {"name": "Drummondville", "country_iso2": "CA", "state": "Quebec", "is_capital": false, "latitude": 45.8833, "longitude": -72.4833, "population": 79258}, {"name": "Duncan", "country_iso2": "CA", "state": "British Columbia", "is_capital": false, "latitude": 48.7787, "longitude": -123.7079, "population": 24358}, {"name": "East Gwillimbury", "country_iso2": "CA", "state": "Ontario", "is_capital": false, "latitude": 44.1333, "longitude": -79.4167, "population": 34637}, {"name": "East Kelowna", "country_iso2": "CA", "state": "British Columbia", "is_capital": false, "latitude": 49.8625, "longitude": -119.5833, "population": 36078}, {"name": "East St. Paul", "country_iso2": "CA", "state": "Manitoba", "is_capital": false, "latitude": 49.9772, "longitude": -97.0103, "population": 9725}, {"name": "Edmonton", "country_iso2": "CA", "state": "Alberta", "is_capital": true, "latitude": 53.5344, "longitude": -113.4903, "population": 1151635}, {"name": "Edmundston", "country_iso2": "CA", "state": "New Brunswick", "is_capital": false, "latitude": 47.3765, "longitude": -68.3253, "population": 16437}, {"name": "Elizabethtown-Kitley", "country_iso2": "CA", "state": "Ontario", "is_capital": false, "latitude": 44.7, "longitude": -75.8833, "population": 9545}, {"name": "Elliot Lake", "country_iso2": "CA", "state": "Ontario", "is_capital": false, "latitude": 46.3833, "longitude": -82.65, "population": 11372}, {"name": "Elmira", "country_iso2": "CA", "state": "Ontario", "is_capital": false, "latitude": 43.5996, "longitude": -80.5604, "population": 10790}, {"name": "Embrun", "country_iso2": "CA", "state": "Ontario", "is_capital": false, "latitude": 45.2735, "longitude": -75.292, "population": 8680}, {"name": "Erin", "country_iso2": "CA", "state": "Ontario", "is_capital": false, "latitude": 43.7667, "longitude": -80.0667, "population": 11439}, {"name": "Esquimalt", "country_iso2": "CA", "state": "British Columbia", "is_capital": false, "latitude": 48.4306, "longitude": -123.4147, "population": 17533}, {"name": "Essa", "country_iso2": "CA", "state": "Ontario", "is_capital": false, "latitude": 44.25, "longitude": -79.7833, "population": 22970}, {"name": "Essex", "country_iso2": "CA", "state": "Ontario", "is_capital": false, "latitude": 42.0833, "longitude": -82.9, "population": 21216}, {"name": "Estevan", "country_iso2": "CA", "state": "Saskatchewan", "is_capital": false, "latitude": 49.1392, "longitude": -102.9861, "population": 10851}, {"name": "Fergus", "country_iso2": "CA", "state": "Ontario", "is_capital": false, "latitude": 43.707, "longitude": -80.3777, "population": 23209}, {"name": "Fort Erie", "country_iso2": "CA", "state": "Ontario", "is_capital": false, "latitude": 42.9167, "longitude": -79.0167, "population": 32901}, {"name": "Fort McMurray", "country_iso2": "CA", "state": "Alberta", "is_capital": false, "latitude": 56.7333, "longitude": -111.3833, "population": 68002}, {"name": "Fort Saskatchewan", "country_iso2": "CA", "state": "Alberta", "is_capital": false, "latitude": 53.7128, "longitude": -113.2133, "population": 27088}, {"name": "Fort St. John", "country_iso2": "CA", "state": "British Columbia", "is_capital": false, "latitude": 56.2465, "longitude": -120.8476, "population": 21465}, {"name": "Fredericton", "country_iso2": "CA", "state": "New Brunswick", "is_capital": true, "latitude": 45.9636, "longitude": -66.6431, "population": 64614}, {"name": "Gander", "country_iso2": "CA", "state": "Newfoundland and Labrador", "is_capital": false, "latitude": 48.9569, "longitude": -54.6089, "population": 11880}, {"name": "Gaspé", "country_iso2": "CA", "state": "Quebec", "is_capital": false, "latitude": 48.8333, "longitude": -64.4833, "population": 15163}, {"name": "Gatineau", "country_iso2": "CA", "state": "Quebec", "is_capital": false, "latitude": 45.4833, "longitude": -75.65, "population": 291041}, {"name": "Georgetown", "country_iso2": "CA", "state": "Ontario", "is_capital": false, "latitude": 43.6526, "longitude": -79.9281, "population": 44058}, {"name": "Georgian Bluffs", "country_iso2": "CA", "state": "Ontario", "is_capital": false, "latitude": 44.65, "longitude": -81.0333, "population": 11100}, {"name": "Georgina", "country_iso2": "CA", "state": "Ontario", "is_capital": false, "latitude": 44.3, "longitude": -79.4333, "population": 47642}, {"name": "Gibsons", "country_iso2": "CA", "state": "British Columbia", "is_capital": false, "latitude": 49.4028, "longitude": -123.5036, "population": 9603}, {"name": "Glace Bay", "country_iso2": "CA", "state": "Nova Scotia", "is_capital": false, "latitude": 46.2, "longitude": -59.9667, "population": 16915}, {"name": "Granby", "country_iso2": "CA", "state": "Quebec", "is_capital": false, "latitude": 45.4, "longitude": -72.7333, "population": 69025}, {"name": "Grand Falls", "country_iso2": "CA", "state": "Newfoundland and Labrador", "is_capital": false, "latitude": 48.9578, "longitude": -55.6633, "population": 13853}, {"name": "Grande Prairie", "country_iso2": "CA", "state": "Alberta", "is_capital": false, "latitude": 55.1708, "longitude": -118.7947, "population": 64141}, {"name": "Gravenhurst", "country_iso2": "CA", "state": "Ontario", "is_capital": false, "latitude": 44.9167, "longitude": -79.3667, "population": 12311}, {"name": "Greater Napanee", "country_iso2": "CA", "state": "Ontario", "is_capital": false, "latitude": 44.25, "longitude": -76.95, "population": 15892}, {"name": "Grey Highlands", "country_iso2": "CA", "state": "Ontario", "is_capital": false, "latitude": 44.3333, "longitude": -80.5, "population": 9804}, {"name": "Grimsby", "country_iso2": "CA", "state": "Ontario", "is_capital": false, "latitude": 43.2, "longitude": -79.55, "population": 28883}, {"name": "Guelph", "country_iso2": "CA", "state": "Ontario", "is_capital": false, "latitude": 43.55, "longitude": -80.25, "population": 144356}, {"name": "Guelph/Eramosa", "country_iso2": "CA", "state": "Ontario", "is_capital": false, "latitude": 43.63, "longitude": -80.22, "population": 13904}, {"name": "Halifax", "country_iso2": "CA", "state": "Nova Scotia", "is_capital": true, "latitude": 44.6475, "longitude": -63.5906, "population": 439819}, {"name": "Halton Hills", "country_iso2": "CA", "state": "Ontario", "is_capital": false, "latitude": 43.63, "longitude": -79.95, "population": 62951}, {"name": "Hamilton", "country_iso2": "CA", "state": "Ontario", "is_capital": false, "latitude": 43.2567, "longitude": -79.8692, "population": 729560}, {"name": "Hamilton Township", "country_iso2": "CA", "state": "Ontario", "is_capital": false, "latitude": 44.054, "longitude": -78.2164, "population": 10942}, {"name": "Hanover", "country_iso2": "CA", "state": "Manitoba", "is_capital": false, "latitude": 49.4433, "longitude": -96.8492, "population": 15733}, {"name": "Hauterive", "country_iso2": "CA", "state": "Quebec", "is_capital": false, "latitude": 49.1833, "longitude": -68.2667, "population": 11147}, {"name": "Hawkesbury", "country_iso2": "CA", "state": "Ontario", "is_capital": false, "latitude": 45.6, "longitude": -74.6, "population": 11755}, {"name": "High River", "country_iso2": "CA", "state": "Alberta", "is_capital": false, "latitude": 50.5808, "longitude": -113.8744, "population": 14324}, {"name": "Hinton", "country_iso2": "CA", "state": "Alberta", "is_capital": false, "latitude": 53.4114, "longitude": -117.5639, "population": 9882}, {"name": "Hudson", "country_iso2": "CA", "state": "Quebec", "is_capital": false, "latitude": 45.45, "longitude": -74.15, "population": 24245}, {"name": "Huntsville", "country_iso2": "CA", "state": "Ontario", "is_capital": false, "latitude": 45.3333, "longitude": -79.2167, "population": 19816}, {"name": "Huron East", "country_iso2": "CA", "state": "Ontario", "is_capital": false, "latitude": 43.63, "longitude": -81.28, "population": 9138}, {"name": "Ingersoll", "country_iso2": "CA", "state": "Ontario", "is_capital": false, "latitude": 43.0392, "longitude": -80.8836, "population": 13693}, {"name": "Innisfil", "country_iso2": "CA", "state": "Ontario", "is_capital": false, "latitude": 44.3, "longitude": -79.5833, "population": 43326}, {"name": "Inverness", "country_iso2": "CA", "state": "Nova Scotia", "is_capital": false, "latitude": 46.2, "longitude": -61.1, "population": 17235}, {"name": "Iqaluit", "country_iso2": "CA", "state": "Nunavut", "is_capital": true, "latitude": 63.7598, "longitude": -68.5107, "population": 7740}, {"name": "Joliette", "country_iso2": "CA", "state": "Quebec", "is_capital": false, "latitude": 46.0167, "longitude": -73.45, "population": 49246}, {"name": "Kamloops", "country_iso2": "CA", "state": "British Columbia", "is_capital": false, "latitude": 50.6761, "longitude": -120.3408, "population": 97902}, {"name": "Kanata", "country_iso2": "CA", "state": "Ontario", "is_capital": false, "latitude": 45.3333, "longitude": -75.9, "population": 137118}, {"name": "Kawartha Lakes", "country_iso2": "CA", "state": "Ontario", "is_capital": false, "latitude": 44.35, "longitude": -78.75, "population": 79247}, {"name": "Kelowna", "country_iso2": "CA", "state": "British Columbia", "is_capital": false, "latitude": 49.8881, "longitude": -119.4956, "population": 181380}, {"name": "Kenora", "country_iso2": "CA", "state": "Ontario", "is_capital": false, "latitude": 49.7667, "longitude": -94.4833, "population": 14967}, {"name": "Kentville", "country_iso2": "CA", "state": "Nova Scotia", "is_capital": false, "latitude": 45.0775, "longitude": -64.4958, "population": 14905}, {"name": "Keswick", "country_iso2": "CA", "state": "Ontario", "is_capital": false, "latitude": 44.25, "longitude": -79.4667, "population": 27145}, {"name": "Kincardine", "country_iso2": "CA", "state": "Ontario", "is_capital": false, "latitude": 44.1667, "longitude": -81.6333, "population": 11389}, {"name": "King", "country_iso2": "CA", "state": "Ontario", "is_capital": false, "latitude": 44.0463, "longitude": -79.6044, "population": 27333}, {"name": "Kingston", "country_iso2": "CA", "state": "Ontario", "is_capital": false, "latitude": 44.3128, "longitude": -76.4553, "population": 132485}, {"name": "Kingsville", "country_iso2": "CA", "state": "Ontario", "is_capital": false, "latitude": 42.1, "longitude": -82.7167, "population": 22119}, {"name": "Kirkland", "country_iso2": "CA", "state": "Quebec", "is_capital": false, "latitude": 45.45, "longitude": -73.8667, "population": 19413}, {"name": "Kitchener", "country_iso2": "CA", "state": "Ontario", "is_capital": false, "latitude": 43.4186, "longitude": -80.4728, "population": 522888}, {"name": "La Prairie", "country_iso2": "CA", "state": "Quebec", "is_capital": false, "latitude": 45.42, "longitude": -73.5, "population": 26406}, {"name": "La Pêche", "country_iso2": "CA", "state": "Quebec", "is_capital": false, "latitude": 45.6833, "longitude": -75.9833, "population": 8636}, {"name": "La Tuque", "country_iso2": "CA", "state": "Quebec", "is_capital": false, "latitude": 48.0652, "longitude": -74.0528, "population": 11001}, {"name": "LaSalle", "country_iso2": "CA", "state": "Ontario", "is_capital": false, "latitude": 42.2167, "longitude": -83.0667, "population": 32721}, {"name": "Labrador City", "country_iso2": "CA", "state": "Newfoundland and Labrador", "is_capital": false, "latitude": 52.95, "longitude": -66.9167, "population": 9011}, {"name": "Lac-Brome", "country_iso2": "CA", "state": "Quebec", "is_capital": false, "latitude": 45.2167, "longitude": -72.5167, "population": 58889}, {"name": "Lachute", "country_iso2": "CA", "state": "Quebec", "is_capital": false, "latitude": 45.65, "longitude": -74.3333, "population": 14100}, {"name": "Lacombe", "country_iso2": "CA", "state": "Alberta", "is_capital": false, "latitude": 52.4683, "longitude": -113.7369, "population": 13396}, {"name": "Ladner", "country_iso2": "CA", "state": "British Columbia", "is_capital": false, "latitude": 49.0833, "longitude": -123.0833, "population": 23016}, {"name": "Ladysmith", "country_iso2": "CA", "state": "British Columbia", "is_capital": false, "latitude": 48.9975, "longitude": -123.8203, "population": 11194}, {"name": "Lake Country", "country_iso2": "CA", "state": "British Columbia", "is_capital": false, "latitude": 50.0833, "longitude": -119.4142, "population": 15817}, {"name": "Lakeshore", "country_iso2": "CA", "state": "Ontario", "is_capital": false, "latitude": 42.2399, "longitude": -82.6511, "population": 40410}, {"name": "Lambton Shores", "country_iso2": "CA", "state": "Ontario", "is_capital": false, "latitude": 43.1833, "longitude": -81.9, "population": 10631}, {"name": "Langford Station", "country_iso2": "CA", "state": "British Columbia", "is_capital": false, "latitude": 48.4506, "longitude": -123.5058, "population": 46584}, {"name": "Langley", "country_iso2": "CA", "state": "British Columbia", "is_capital": false, "latitude": 49.0987, "longitude": -122.6597, "population": 28963}, {"name": "Laurentian Valley", "country_iso2": "CA", "state": "Ontario", "is_capital": false, "latitude": 45.7681, "longitude": -77.2239, "population": 9450}, {"name": "Laurentides", "country_iso2": "CA", "state": "Quebec", "is_capital": false, "latitude": 45.85, "longitude": -73.7667, "population": 15768}, {"name": "Laval", "country_iso2": "CA", "state": "Quebec", "is_capital": false, "latitude": 45.5833, "longitude": -73.75, "population": 438366}, {"name": "Lavaltrie", "country_iso2": "CA", "state": "Quebec", "is_capital": false, "latitude": 45.8833, "longitude": -73.2833, "population": 14425}, {"name": "Leamington", "country_iso2": "CA", "state": "Ontario", "is_capital": false, "latitude": 42.0667, "longitude": -82.5833, "population": 35730}, {"name": "Leduc", "country_iso2": "CA", "state": "Alberta", "is_capital": false, "latitude": 53.2594, "longitude": -113.5492, "population": 34094}, {"name": "Leeds and the Thousand Islands", "country_iso2": "CA", "state": "Ontario", "is_capital": false, "latitude": 44.45, "longitude": -76.08, "population": 9465}, {"name": "Les Coteaux", "country_iso2": "CA", "state": "Quebec", "is_capital": false, "latitude": 45.28, "longitude": -74.23, "population": 19582}, {"name": "Les Îles-de-la-Madeleine", "country_iso2": "CA", "state": "Quebec", "is_capital": false, "latitude": 47.3833, "longitude": -61.8667, "population": 12010}, {"name": "Lethbridge", "country_iso2": "CA", "state": "Alberta", "is_capital": false, "latitude": 49.6942, "longitude": -112.8328, "population": 98406}, {"name": "Lincoln", "country_iso2": "CA", "state": "Ontario", "is_capital": false, "latitude": 43.13, "longitude": -79.43, "population": 25719}, {"name": "Lindsay", "country_iso2": "CA", "state": "Ontario", "is_capital": false, "latitude": 44.35, "longitude": -78.7333, "population": 22367}, {"name": "Listowel", "country_iso2": "CA", "state": "Ontario", "is_capital": false, "latitude": 43.7351, "longitude": -80.9533, "population": 9539}, {"name": "Lloydminster", "country_iso2": "CA", "state": "Saskatchewan", "is_capital": false, "latitude": 53.2783, "longitude": -110.005, "population": 31582}, {"name": "Lloydminster", "country_iso2": "CA", "state": "Alberta", "is_capital": false, "latitude": 53.2807, "longitude": -110.035, "population": 19739}, {"name": "London", "country_iso2": "CA", "state": "Ontario", "is_capital": false, "latitude": 42.9836, "longitude": -81.2497, "population": 423369}, {"name": "Longueuil", "country_iso2": "CA", "state": "Quebec", "is_capital": false, "latitude": 45.5333, "longitude": -73.5167, "population": 254483}, {"name": "Lorraine", "country_iso2": "CA", "state": "Quebec", "is_capital": false, "latitude": 45.6833, "longitude": -73.7833, "population": 9502}, {"name": "Loyalist", "country_iso2": "CA", "state": "Ontario", "is_capital": false, "latitude": 44.25, "longitude": -76.75, "population": 17943}, {"name": "Lévis", "country_iso2": "CA", "state": "Quebec", "is_capital": false, "latitude": 46.8, "longitude": -71.1833, "population": 149683}, {"name": "L’Ancienne-Lorette", "country_iso2": "CA", "state": "Quebec", "is_capital": false, "latitude": 46.8, "longitude": -71.35, "population": 16970}, {"name": "L’Assomption", "country_iso2": "CA", "state": "Quebec", "is_capital": false, "latitude": 45.8333, "longitude": -73.4167, "population": 23442}, {"name": "L’Epiphanie", "country_iso2": "CA", "state": "Quebec", "is_capital": false, "latitude": 45.8483, "longitude": -73.5061, "population": 8883}, {"name": "L’Île-Perrot", "country_iso2": "CA", "state": "Quebec", "is_capital": false, "latitude": 45.3833, "longitude": -73.95, "population": 11638}, {"name": "Magog", "country_iso2": "CA", "state": "Quebec", "is_capital": false, "latitude": 45.2667, "longitude": -72.15, "population": 28312}, {"name": "Malahide", "country_iso2": "CA", "state": "Ontario", "is_capital": false, "latitude": 42.7928, "longitude": -80.9361, "population": 9292}, {"name": "Maple Ridge", "country_iso2": "CA", "state": "British Columbia", "is_capital": false, "latitude": 49.2167, "longitude": -122.6, "population": 90990}, {"name": "Mapleton", "country_iso2": "CA", "state": "Ontario", "is_capital": false, "latitude": 43.7358, "longitude": -80.6681, "population": 10527}, {"name": "Marieville", "country_iso2": "CA", "state": "Quebec", "is_capital": false, "latitude": 45.4333, "longitude": -73.1667, "population": 10094}, {"name": "Markham", "country_iso2": "CA", "state": "Ontario", "is_capital": false, "latitude": 43.8767, "longitude": -79.2633, "population": 338503}, {"name": "Martensville", "country_iso2": "CA", "state": "Saskatchewan", "is_capital": false, "latitude": 52.2897, "longitude": -106.6667, "population": 10549}, {"name": "Mascouche", "country_iso2": "CA", "state": "Quebec", "is_capital": false, "latitude": 45.75, "longitude": -73.6, "population": 51183}, {"name": "Matane", "country_iso2": "CA", "state": "Quebec", "is_capital": false, "latitude": 48.85, "longitude": -67.5333, "population": 13987}, {"name": "Meaford", "country_iso2": "CA", "state": "Ontario", "is_capital": false, "latitude": 44.58, "longitude": -80.73, "population": 10991}, {"name": "Medicine Hat", "country_iso2": "CA", "state": "Alberta", "is_capital": false, "latitude": 50.0417, "longitude": -110.6775, "population": 63382}, {"name": "Mercier", "country_iso2": "CA", "state": "Quebec", "is_capital": false, "latitude": 45.32, "longitude": -73.75, "population": 14626}, {"name": "Middlesex Centre", "country_iso2": "CA", "state": "Ontario", "is_capital": false, "latitude": 43.05, "longitude": -81.45, "population": 18928}, {"name": "Midland", "country_iso2": "CA", "state": "Ontario", "is_capital": false, "latitude": 44.75, "longitude": -79.8833, "population": 26246}, {"name": "Milton", "country_iso2": "CA", "state": "Ontario", "is_capital": false, "latitude": 43.5083, "longitude": -79.8833, "population": 132979}, {"name": "Minto", "country_iso2": "CA", "state": "Ontario", "is_capital": false, "latitude": 43.9167, "longitude": -80.8667, "population": 8671}, {"name": "Mirabel", "country_iso2": "CA", "state": "Quebec", "is_capital": false, "latitude": 45.65, "longitude": -74.0833, "population": 61108}, {"name": "Miramichi", "country_iso2": "CA", "state": "New Brunswick", "is_capital": false, "latitude": 47.0196, "longitude": -65.5072, "population": 17692}, {"name": "Mission", "country_iso2": "CA", "state": "British Columbia", "is_capital": false, "latitude": 49.1337, "longitude": -122.3112, "population": 41519}, {"name": "Mississauga", "country_iso2": "CA", "state": "Ontario", "is_capital": false, "latitude": 43.6, "longitude": -79.65, "population": 717961}, {"name": "Mississippi Mills", "country_iso2": "CA", "state": "Ontario", "is_capital": false, "latitude": 45.2167, "longitude": -76.2, "population": 14740}, {"name": "Mistassini", "country_iso2": "CA", "state": "Quebec", "is_capital": false, "latitude": 48.8229, "longitude": -72.2154, "population": 13718}, {"name": "Moncton", "country_iso2": "CA", "state": "New Brunswick", "is_capital": false, "latitude": 46.1328, "longitude": -64.7714, "population": 119785}, {"name": "Mono", "country_iso2": "CA", "state": "Ontario", "is_capital": false, "latitude": 44.0167, "longitude": -80.0667, "population": 9421}, {"name": "Mont-Laurier", "country_iso2": "CA", "state": "Quebec", "is_capital": false, "latitude": 46.55, "longitude": -75.5, "population": 13779}, {"name": "Mont-Royal", "country_iso2": "CA", "state": "Quebec", "is_capital": false, "latitude": 45.5161, "longitude": -73.6431, "population": 20953}, {"name": "Mont-Saint-Hilaire", "country_iso2": "CA", "state": "Quebec", "is_capital": false, "latitude": 45.5622, "longitude": -73.1917, "population": 18859}, {"name": "Mont-Tremblant", "country_iso2": "CA", "state": "Quebec", "is_capital": false, "latitude": 46.1167, "longitude": -74.6, "population": 9646}, {"name": "Montmagny", "country_iso2": "CA", "state": "Quebec", "is_capital": false, "latitude": 46.9833, "longitude": -70.55, "population": 11491}, {"name": "Montréal", "country_iso2": "CA", "state": "Quebec", "is_capital": false, "latitude": 45.5089, "longitude": -73.5617, "population": 3675219}, {"name": "Moose Jaw", "country_iso2": "CA", "state": "Saskatchewan", "is_capital": false, "latitude": 50.3933, "longitude": -105.5519, "population": 33665}, {"name": "Morden", "country_iso2": "CA", "state": "Manitoba", "is_capital": false, "latitude": 49.1919, "longitude": -98.1006, "population": 9929}, {"name": "Morinville", "country_iso2": "CA", "state": "Alberta", "is_capital": false, "latitude": 53.8022, "longitude": -113.6497, "population": 10385}, {"name": "Mount Pearl Park", "country_iso2": "CA", "state": "Newfoundland and Labrador", "is_capital": false, "latitude": 47.5189, "longitude": -52.8058, "population": 22477}, {"name": "Nanaimo", "country_iso2": "CA", "state": "British Columbia", "is_capital": false, "latitude": 49.1642, "longitude": -123.9364, "population": 106079}, {"name": "Nelson", "country_iso2": "CA", "state": "British Columbia", "is_capital": false, "latitude": 49.5, "longitude": -117.2833, "population": 11198}, {"name": "New Glasgow", "country_iso2": "CA", "state": "Nova Scotia", "is_capital": false, "latitude": 45.5926, "longitude": -62.6455, "population": 19316}, {"name": "New Hamburg", "country_iso2": "CA", "state": "Ontario", "is_capital": false, "latitude": 43.3808, "longitude": -80.7062, "population": 14379}, {"name": "New Tecumseth", "country_iso2": "CA", "state": "Ontario", "is_capital": false, "latitude": 44.0833, "longitude": -79.75, "population": 43948}, {"name": "New Westminster", "country_iso2": "CA", "state": "British Columbia", "is_capital": false, "latitude": 49.2069, "longitude": -122.9111, "population": 78916}, {"name": "Newmarket", "country_iso2": "CA", "state": "Ontario", "is_capital": false, "latitude": 44.05, "longitude": -79.4667, "population": 87942}, {"name": "Niagara Falls", "country_iso2": "CA", "state": "Ontario", "is_capital": false, "latitude": 43.06, "longitude": -79.1067, "population": 94415}, {"name": "Niagara-on-the-Lake", "country_iso2": "CA", "state": "Ontario", "is_capital": false, "latitude": 43.2553, "longitude": -79.0717, "population": 19088}, {"name": "North Battleford", "country_iso2": "CA", "state": "Saskatchewan", "is_capital": false, "latitude": 52.7575, "longitude": -108.2861, "population": 13836}, {"name": "North Bay", "country_iso2": "CA", "state": "Ontario", "is_capital": false, "latitude": 46.3, "longitude": -79.45, "population": 52662}, {"name": "North Cowichan", "country_iso2": "CA", "state": "British Columbia", "is_capital": false, "latitude": 48.8236, "longitude": -123.7192, "population": 31990}, {"name": "North Dumfries", "country_iso2": "CA", "state": "Ontario", "is_capital": false, "latitude": 43.32, "longitude": -80.38, "population": 10619}, {"name": "North Dundas", "country_iso2": "CA", "state": "Ontario", "is_capital": false, "latitude": 45.0833, "longitude": -75.35, "population": 11278}, {"name": "North Glengarry", "country_iso2": "CA", "state": "Ontario", "is_capital": false, "latitude": 45.3333, "longitude": -74.7333, "population": 10109}, {"name": "North Grenville", "country_iso2": "CA", "state": "Ontario", "is_capital": false, "latitude": 44.9667, "longitude": -75.65, "population": 17964}, {"name": "North Perth", "country_iso2": "CA", "state": "Ontario", "is_capital": false, "latitude": 43.73, "longitude": -80.95, "population": 13130}, {"name": "North Saanich", "country_iso2": "CA", "state": "British Columbia", "is_capital": false, "latitude": 48.6142, "longitude": -123.42, "population": 12235}, {"name": "North Vancouver", "country_iso2": "CA", "state": "British Columbia", "is_capital": false, "latitude": 49.3202, "longitude": -123.0699, "population": 58120}, {"name": "Norwich", "country_iso2": "CA", "state": "Ontario", "is_capital": false, "latitude": 42.9833, "longitude": -80.6, "population": 11001}, {"name": "Notre-Dame-de-l'Île-Perrot", "country_iso2": "CA", "state": "Quebec", "is_capital": false, "latitude": 45.3667, "longitude": -73.9333, "population": 11427}, {"name": "Notre-Dame-des-Prairies", "country_iso2": "CA", "state": "Quebec", "is_capital": false, "latitude": 46.05, "longitude": -73.4333, "population": 9471}, {"name": "Oak Bay", "country_iso2": "CA", "state": "British Columbia", "is_capital": false, "latitude": 48.4264, "longitude": -123.3228, "population": 17990}, {"name": "Oakville", "country_iso2": "CA", "state": "Ontario", "is_capital": false, "latitude": 43.45, "longitude": -79.6833, "population": 213759}, {"name": "Okotoks", "country_iso2": "CA", "state": "Alberta", "is_capital": false, "latitude": 50.725, "longitude": -113.975, "population": 30405}, {"name": "Olds", "country_iso2": "CA", "state": "Alberta", "is_capital": false, "latitude": 51.7928, "longitude": -114.1067, "population": 9184}, {"name": "Orangeville", "country_iso2": "CA", "state": "Ontario", "is_capital": false, "latitude": 43.9167, "longitude": -80.1167, "population": 34177}, {"name": "Orillia", "country_iso2": "CA", "state": "Ontario", "is_capital": false, "latitude": 44.6, "longitude": -79.4167, "population": 33411}, {"name": "Oro-Medonte", "country_iso2": "CA", "state": "Ontario", "is_capital": false, "latitude": 44.5667, "longitude": -79.5833, "population": 21036}, {"name": "Oromocto", "country_iso2": "CA", "state": "New Brunswick", "is_capital": false, "latitude": 45.8488, "longitude": -66.4788, "population": 9223}, {"name": "Oshawa", "country_iso2": "CA", "state": "Ontario", "is_capital": false, "latitude": 43.9, "longitude": -78.85, "population": 335949}, {"name": "Ottawa", "country_iso2": "CA", "state": "Ontario", "is_capital": true, "latitude": 45.4247, "longitude": -75.695, "population": 1068821}, {"name": "Owen Sound", "country_iso2": "CA", "state": "Ontario", "is_capital": false, "latitude": 44.5667, "longitude": -80.9333, "population": 22318}, {"name": "Paradise", "country_iso2": "CA", "state": "Newfoundland and Labrador", "is_capital": false, "latitude": 47.5333, "longitude": -52.8667, "population": 22957}, {"name": "Paris", "country_iso2": "CA", "state": "Ontario", "is_capital": false, "latitude": 43.2, "longitude": -80.3833, "population": 14956}, {"name": "Parksville", "country_iso2": "CA", "state": "British Columbia", "is_capital": false, "latitude": 49.315, "longitude": -124.312, "population": 27330}, {"name": "Pelham", "country_iso2": "CA", "state": "Ontario", "is_capital": false, "latitude": 43.0333, "longitude": -79.3333, "population": 18192}, {"name": "Pembroke", "country_iso2": "CA", "state": "Ontario", "is_capital": false, "latitude": 45.8167, "longitude": -77.1, "population": 16571}, {"name": "Penetanguishene", "country_iso2": "CA", "state": "Ontario", "is_capital": false, "latitude": 44.7667, "longitude": -79.9333, "population": 10077}, {"name": "Penticton", "country_iso2": "CA", "state": "British Columbia", "is_capital": false, "latitude": 49.4911, "longitude": -119.5886, "population": 36893}, {"name": "Perth East", "country_iso2": "CA", "state": "Ontario", "is_capital": false, "latitude": 43.47, "longitude": -80.95, "population": 12261}, {"name": "Petawawa", "country_iso2": "CA", "state": "Ontario", "is_capital": false, "latitude": 45.9, "longitude": -77.2833, "population": 18160}, {"name": "Peterborough", "country_iso2": "CA", "state": "Ontario", "is_capital": false, "latitude": 44.3, "longitude": -78.3167, "population": 84793}, {"name": "Pickering", "country_iso2": "CA", "state": "Ontario", "is_capital": false, "latitude": 43.8354, "longitude": -79.089, "population": 99186}, {"name": "Pincourt", "country_iso2": "CA", "state": "Quebec", "is_capital": false, "latitude": 45.3833, "longitude": -73.9833, "population": 14751}, {"name": "Pitt Meadows", "country_iso2": "CA", "state": "British Columbia", "is_capital": false, "latitude": 49.2333, "longitude": -122.6833, "population": 19146}, {"name": "Pointe-Claire", "country_iso2": "CA", "state": "Quebec", "is_capital": false, "latitude": 45.45, "longitude": -73.8167, "population": 33488}, {"name": "Pont-Rouge", "country_iso2": "CA", "state": "Quebec", "is_capital": false, "latitude": 46.75, "longitude": -71.7, "population": 8723}, {"name": "Port Alberni", "country_iso2": "CA", "state": "British Columbia", "is_capital": false, "latitude": 49.2339, "longitude": -124.805, "population": 21711}, {"name": "Port Colborne", "country_iso2": "CA", "state": "Ontario", "is_capital": false, "latitude": 42.8833, "longitude": -79.25, "population": 20033}, {"name": "Port Coquitlam", "country_iso2": "CA", "state": "British Columbia", "is_capital": false, "latitude": 49.2625, "longitude": -122.7811, "population": 61498}, {"name": "Port Elgin", "country_iso2": "CA", "state": "Ontario", "is_capital": false, "latitude": 44.4333, "longitude": -81.3833, "population": 9619}, {"name": "Port Hope", "country_iso2": "CA", "state": "Ontario", "is_capital": false, "latitude": 43.95, "longitude": -78.3, "population": 17294}, {"name": "Port Moody", "country_iso2": "CA", "state": "British Columbia", "is_capital": false, "latitude": 49.2831, "longitude": -122.8317, "population": 33535}, {"name": "Port Perry", "country_iso2": "CA", "state": "Ontario", "is_capital": false, "latitude": 44.1, "longitude": -78.9333, "population": 9553}, {"name": "Port-Alfred", "country_iso2": "CA", "state": "Quebec", "is_capital": false, "latitude": 48.3333, "longitude": -70.8833, "population": 13350}, {"name": "Portage La Prairie", "country_iso2": "CA", "state": "Manitoba", "is_capital": false, "latitude": 49.9728, "longitude": -98.2919, "population": 13270}, {"name": "Powell River", "country_iso2": "CA", "state": "British Columbia", "is_capital": false, "latitude": 49.8353, "longitude": -124.5247, "population": 13943}, {"name": "Prince Albert", "country_iso2": "CA", "state": "Saskatchewan", "is_capital": false, "latitude": 53.2, "longitude": -105.75, "population": 37756}, {"name": "Prince George", "country_iso2": "CA", "state": "British Columbia", "is_capital": false, "latitude": 53.9169, "longitude": -122.7494, "population": 76708}, {"name": "Prince Rupert", "country_iso2": "CA", "state": "British Columbia", "is_capital": false, "latitude": 54.3122, "longitude": -130.3271, "population": 12300}, {"name": "Prévost", "country_iso2": "CA", "state": "Quebec", "is_capital": false, "latitude": 45.87, "longitude": -74.08, "population": 12171}, {"name": "Qualicum Beach", "country_iso2": "CA", "state": "British Columbia", "is_capital": false, "latitude": 49.35, "longitude": -124.4333, "population": 9303}, {"name": "Quebec City", "country_iso2": "CA", "state": "Quebec", "is_capital": true, "latitude": 46.8139, "longitude": -71.2081, "population": 733156}, {"name": "Queens", "country_iso2": "CA", "state": "Nova Scotia", "is_capital": false, "latitude": 44.0333, "longitude": -64.7167, "population": 10307}, {"name": "Quesnel", "country_iso2": "CA", "state": "British Columbia", "is_capital": false, "latitude": 52.9784, "longitude": -122.4927, "population": 12110}, {"name": "Quinte West", "country_iso2": "CA", "state": "Ontario", "is_capital": false, "latitude": 44.1833, "longitude": -77.5667, "population": 46560}, {"name": "Quispamsis", "country_iso2": "CA", "state": "New Brunswick", "is_capital": false, "latitude": 45.4322, "longitude": -65.9462, "population": 24881}, {"name": "Ramara", "country_iso2": "CA", "state": "Ontario", "is_capital": false, "latitude": 44.6333, "longitude": -79.2167, "population": 9488}, {"name": "Rawdon", "country_iso2": "CA", "state": "Quebec", "is_capital": false, "latitude": 46.05, "longitude": -73.7167, "population": 10416}, {"name": "Red Deer", "country_iso2": "CA", "state": "Alberta", "is_capital": false, "latitude": 52.2681, "longitude": -113.8111, "population": 100844}, {"name": "Regina", "country_iso2": "CA", "state": "Saskatchewan", "is_capital": true, "latitude": 50.4547, "longitude": -104.6067, "population": 226404}, {"name": "Repentigny", "country_iso2": "CA", "state": "Quebec", "is_capital": false, "latitude": 45.7333, "longitude": -73.4667, "population": 86100}, {"name": "Richmond", "country_iso2": "CA", "state": "British Columbia", "is_capital": false, "latitude": 49.1667, "longitude": -123.1333, "population": 209937}, {"name": "Richmond Hill", "country_iso2": "CA", "state": "Ontario", "is_capital": false, "latitude": 43.8667, "longitude": -79.4333, "population": 202022}, {"name": "Rideau Lakes", "country_iso2": "CA", "state": "Ontario", "is_capital": false, "latitude": 44.6667, "longitude": -76.2167, "population": 10207}, {"name": "Rimouski", "country_iso2": "CA", "state": "Quebec", "is_capital": false, "latitude": 48.45, "longitude": -68.53, "population": 48935}, {"name": "Riverview", "country_iso2": "CA", "state": "New Brunswick", "is_capital": false, "latitude": 46.0613, "longitude": -64.8052, "population": 20584}, {"name": "Rivière-du-Loup", "country_iso2": "CA", "state": "Quebec", "is_capital": false, "latitude": 47.8333, "longitude": -69.5333, "population": 20118}, {"name": "Roberval", "country_iso2": "CA", "state": "Quebec", "is_capital": false, "latitude": 48.52, "longitude": -72.23, "population": 10227}, {"name": "Rockland", "country_iso2": "CA", "state": "Ontario", "is_capital": false, "latitude": 45.5459, "longitude": -75.2836, "population": 13625}, {"name": "Rosemère", "country_iso2": "CA", "state": "Quebec", "is_capital": false, "latitude": 45.6369, "longitude": -73.8, "population": 14090}, {"name": "Rouyn-Noranda", "country_iso2": "CA", "state": "Quebec", "is_capital": false, "latitude": 48.2333, "longitude": -79.0167, "population": 42313}, {"name": "Russell", "country_iso2": "CA", "state": "Ontario", "is_capital": false, "latitude": 45.2569, "longitude": -75.3583, "population": 19598}, {"name": "Saanich", "country_iso2": "CA", "state": "British Columbia", "is_capital": false, "latitude": 48.484, "longitude": -123.381, "population": 117735}, {"name": "Saguenay", "country_iso2": "CA", "state": "Quebec", "is_capital": false, "latitude": 48.4167, "longitude": -71.0667, "population": 144723}, {"name": "Saint John", "country_iso2": "CA", "state": "New Brunswick", "is_capital": false, "latitude": 45.2806, "longitude": -66.0761, "population": 69895}, {"name": "Saint-Amable", "country_iso2": "CA", "state": "Quebec", "is_capital": false, "latitude": 45.65, "longitude": -73.3, "population": 13322}, {"name": "Saint-Augustin-de-Desmaures", "country_iso2": "CA", "state": "Quebec", "is_capital": false, "latitude": 46.7333, "longitude": -71.4667, "population": 19907}, {"name": "Saint-Basile-le-Grand", "country_iso2": "CA", "state": "Quebec", "is_capital": false, "latitude": 45.5333, "longitude": -73.2833, "population": 17053}, {"name": "Saint-Bruno-de-Montarville", "country_iso2": "CA", "state": "Quebec", "is_capital": false, "latitude": 45.5333, "longitude": -73.35, "population": 26273}, {"name": "Saint-Charles-Borromée", "country_iso2": "CA", "state": "Quebec", "is_capital": false, "latitude": 46.05, "longitude": -73.4667, "population": 15285}, {"name": "Saint-Colomban", "country_iso2": "CA", "state": "Quebec", "is_capital": false, "latitude": 45.73, "longitude": -74.13, "population": 17740}, {"name": "Saint-Constant", "country_iso2": "CA", "state": "Quebec", "is_capital": false, "latitude": 45.37, "longitude": -73.57, "population": 29954}, {"name": "Saint-Eustache", "country_iso2": "CA", "state": "Quebec", "is_capital": false, "latitude": 45.57, "longitude": -73.9, "population": 45276}, {"name": "Saint-Félicien", "country_iso2": "CA", "state": "Quebec", "is_capital": false, "latitude": 48.65, "longitude": -72.45, "population": 10278}, {"name": "Saint-Georges", "country_iso2": "CA", "state": "Quebec", "is_capital": false, "latitude": 46.0966, "longitude": -70.6768, "population": 32935}, {"name": "Saint-Hyacinthe", "country_iso2": "CA", "state": "Quebec", "is_capital": false, "latitude": 45.6167, "longitude": -72.95, "population": 57239}, {"name": "Saint-Jean-sur-Richelieu", "country_iso2": "CA", "state": "Quebec", "is_capital": false, "latitude": 45.3167, "longitude": -73.2667, "population": 97873}, {"name": "Saint-Jérôme", "country_iso2": "CA", "state": "Quebec", "is_capital": false, "latitude": 45.7833, "longitude": -74.0, "population": 100859}, {"name": "Saint-Lambert", "country_iso2": "CA", "state": "Quebec", "is_capital": false, "latitude": 45.5, "longitude": -73.5167, "population": 22761}, {"name": "Saint-Lazare", "country_iso2": "CA", "state": "Quebec", "is_capital": false, "latitude": 45.4, "longitude": -74.1333, "population": 22354}, {"name": "Saint-Lin--Laurentides", "country_iso2": "CA", "state": "Quebec", "is_capital": false, "latitude": 45.85, "longitude": -73.7667, "population": 24030}, {"name": "Saint-Raymond", "country_iso2": "CA", "state": "Quebec", "is_capital": false, "latitude": 46.9, "longitude": -71.8333, "population": 9615}, {"name": "Saint-Sauveur", "country_iso2": "CA", "state": "Quebec", "is_capital": false, "latitude": 45.9, "longitude": -74.17, "population": 9881}, {"name": "Saint-Zotique", "country_iso2": "CA", "state": "Quebec", "is_capital": false, "latitude": 45.25, "longitude": -74.25, "population": 9618}, {"name": "Sainte-Adèle", "country_iso2": "CA", "state": "Quebec", "is_capital": false, "latitude": 45.95, "longitude": -74.13, "population": 12137}, {"name": "Sainte-Agathe-des-Monts", "country_iso2": "CA", "state": "Quebec", "is_capital": false, "latitude": 46.05, "longitude": -74.28, "population": 12136}, {"name": "Sainte-Anne-des-Plaines", "country_iso2": "CA", "state": "Quebec", "is_capital": false, "latitude": 45.7617, "longitude": -73.8204, "population": 15221}, {"name": "Sainte-Catherine", "country_iso2": "CA", "state": "Quebec", "is_capital": false, "latitude": 45.4, "longitude": -73.58, "population": 17347}, {"name": "Sainte-Julie", "country_iso2": "CA", "state": "Quebec", "is_capital": false, "latitude": 45.5833, "longitude": -73.3333, "population": 30045}, {"name": "Sainte-Julienne", "country_iso2": "CA", "state": "Quebec", "is_capital": false, "latitude": 45.97, "longitude": -73.72, "population": 9331}, {"name": "Sainte-Marie", "country_iso2": "CA", "state": "Quebec", "is_capital": false, "latitude": 46.45, "longitude": -71.0333, "population": 13134}, {"name": "Sainte-Marthe-sur-le-Lac", "country_iso2": "CA", "state": "Quebec", "is_capital": false, "latitude": 45.53, "longitude": -73.93, "population": 19797}, {"name": "Sainte-Sophie", "country_iso2": "CA", "state": "Quebec", "is_capital": false, "latitude": 45.82, "longitude": -73.9, "population": 13375}, {"name": "Sainte-Thérèse", "country_iso2": "CA", "state": "Quebec", "is_capital": false, "latitude": 45.6333, "longitude": -73.85, "population": 26533}, {"name": "Salaberry-de-Valleyfield", "country_iso2": "CA", "state": "Quebec", "is_capital": false, "latitude": 45.25, "longitude": -74.13, "population": 42787}, {"name": "Salmon Arm", "country_iso2": "CA", "state": "British Columbia", "is_capital": false, "latitude": 50.7022, "longitude": -119.2722, "population": 19432}, {"name": "Sarnia", "country_iso2": "CA", "state": "Ontario", "is_capital": false, "latitude": 42.9994, "longitude": -82.3089, "population": 73944}, {"name": "Saskatoon", "country_iso2": "CA", "state": "Saskatchewan", "is_capital": false, "latitude": 52.1333, "longitude": -106.6833, "population": 266141}, {"name": "Saugeen Shores", "country_iso2": "CA", "state": "Ontario", "is_capital": false, "latitude": 44.4333, "longitude": -81.3667, "population": 13715}, {"name": "Sault Ste. Marie", "country_iso2": "CA", "state": "Ontario", "is_capital": false, "latitude": 46.5333, "longitude": -84.35, "population": 72051}, {"name": "Scugog", "country_iso2": "CA", "state": "Ontario", "is_capital": false, "latitude": 44.09, "longitude": -78.936, "population": 21617}, {"name": "Sechelt", "country_iso2": "CA", "state": "British Columbia", "is_capital": false, "latitude": 49.4742, "longitude": -123.7542, "population": 10200}, {"name": "Selkirk", "country_iso2": "CA", "state": "Manitoba", "is_capital": false, "latitude": 50.1436, "longitude": -96.8839, "population": 10278}, {"name": "Selwyn", "country_iso2": "CA", "state": "Ontario", "is_capital": false, "latitude": 44.4167, "longitude": -78.3333, "population": 18653}, {"name": "Sept-Îles", "country_iso2": "CA", "state": "Quebec", "is_capital": false, "latitude": 50.2167, "longitude": -66.3833, "population": 24569}, {"name": "Severn", "country_iso2": "CA", "state": "Ontario", "is_capital": false, "latitude": 44.75, "longitude": -79.5167, "population": 13477}, {"name": "Shawinigan", "country_iso2": "CA", "state": "Quebec", "is_capital": false, "latitude": 46.5667, "longitude": -72.75, "population": 49620}, {"name": "Shediac", "country_iso2": "CA", "state": "New Brunswick", "is_capital": false, "latitude": 46.2167, "longitude": -64.5333, "population": 8563}, {"name": "Shelburne", "country_iso2": "CA", "state": "Ontario", "is_capital": false, "latitude": 44.0833, "longitude": -80.2, "population": 8989}, {"name": "Sherbrooke", "country_iso2": "CA", "state": "Quebec", "is_capital": false, "latitude": 45.4, "longitude": -71.9, "population": 172950}, {"name": "Sidney", "country_iso2": "CA", "state": "British Columbia", "is_capital": false, "latitude": 48.6506, "longitude": -123.3986, "population": 12318}, {"name": "Simcoe", "country_iso2": "CA", "state": "Ontario", "is_capital": false, "latitude": 42.8376, "longitude": -80.3073, "population": 16121}, {"name": "Smiths Falls", "country_iso2": "CA", "state": "Ontario", "is_capital": false, "latitude": 44.9, "longitude": -76.0167, "population": 9517}, {"name": "Sooke", "country_iso2": "CA", "state": "British Columbia", "is_capital": false, "latitude": 48.3761, "longitude": -123.7378, "population": 15086}, {"name": "Sorel-Tracy", "country_iso2": "CA", "state": "Quebec", "is_capital": false, "latitude": 46.0333, "longitude": -73.1167, "population": 36650}, {"name": "South Dundas", "country_iso2": "CA", "state": "Ontario", "is_capital": false, "latitude": 44.9167, "longitude": -75.2667, "population": 10833}, {"name": "South Frontenac", "country_iso2": "CA", "state": "Ontario", "is_capital": false, "latitude": 44.5081, "longitude": -76.4939, "population": 20188}, {"name": "South Glengarry", "country_iso2": "CA", "state": "Ontario", "is_capital": false, "latitude": 45.2, "longitude": -74.5833, "population": 13150}, {"name": "South Huron", "country_iso2": "CA", "state": "Ontario", "is_capital": false, "latitude": 43.32, "longitude": -81.5, "population": 10096}, {"name": "South Stormont", "country_iso2": "CA", "state": "Ontario", "is_capital": false, "latitude": 45.0833, "longitude": -74.9667, "population": 13570}, {"name": "Springfield", "country_iso2": "CA", "state": "Manitoba", "is_capital": false, "latitude": 49.9292, "longitude": -96.6939, "population": 16142}, {"name": "Springwater", "country_iso2": "CA", "state": "Ontario", "is_capital": false, "latitude": 44.4333, "longitude": -79.7333, "population": 21701}, {"name": "Spruce Grove", "country_iso2": "CA", "state": "Alberta", "is_capital": false, "latitude": 53.545, "longitude": -113.9008, "population": 39348}, {"name": "Squamish", "country_iso2": "CA", "state": "British Columbia", "is_capital": false, "latitude": 49.7017, "longitude": -123.1589, "population": 23819}, {"name": "St. Albert", "country_iso2": "CA", "state": "Alberta", "is_capital": false, "latitude": 53.6303, "longitude": -113.6258, "population": 68232}, {"name": "St. Andrews", "country_iso2": "CA", "state": "Manitoba", "is_capital": false, "latitude": 50.27, "longitude": -96.9747, "population": 11913}, {"name": "St. Catharines", "country_iso2": "CA", "state": "Ontario", "is_capital": false, "latitude": 43.1833, "longitude": -79.2333, "population": 242460}, {"name": "St. Clair", "country_iso2": "CA", "state": "Ontario", "is_capital": false, "latitude": 42.7833, "longitude": -82.35, "population": 14659}, {"name": "St. Clements", "country_iso2": "CA", "state": "Manitoba", "is_capital": false, "latitude": 50.2689, "longitude": -96.6742, "population": 11586}, {"name": "St. John's", "country_iso2": "CA", "state": "Newfoundland and Labrador", "is_capital": true, "latitude": 47.4817, "longitude": -52.7971, "population": 185565}, {"name": "St. Thomas", "country_iso2": "CA", "state": "Ontario", "is_capital": false, "latitude": 42.775, "longitude": -81.1833, "population": 45732}, {"name": "Stanley", "country_iso2": "CA", "state": "Manitoba", "is_capital": false, "latitude": 49.1331, "longitude": -98.0656, "population": 8981}, {"name": "Steinbach", "country_iso2": "CA", "state": "Manitoba", "is_capital": false, "latitude": 49.5258, "longitude": -96.6839, "population": 17806}, {"name": "Stoneham-et-Tewkesbury", "country_iso2": "CA", "state": "Quebec", "is_capital": false, "latitude": 47.1667, "longitude": -71.4333, "population": 9682}, {"name": "Stony Plain", "country_iso2": "CA", "state": "Alberta", "is_capital": false, "latitude": 53.5264, "longitude": -114.0069, "population": 17993}, {"name": "Stouffville", "country_iso2": "CA", "state": "Ontario", "is_capital": false, "latitude": 43.9667, "longitude": -79.25, "population": 49864}, {"name": "Stratford", "country_iso2": "CA", "state": "Ontario", "is_capital": false, "latitude": 43.3708, "longitude": -80.9819, "population": 33232}, {"name": "Stratford", "country_iso2": "CA", "state": "Prince Edward Island", "is_capital": false, "latitude": 46.2167, "longitude": -63.0893, "population": 10927}, {"name": "Strathmore", "country_iso2": "CA", "state": "Alberta", "is_capital": false, "latitude": 51.0378, "longitude": -113.4003, "population": 14339}, {"name": "Strathroy", "country_iso2": "CA", "state": "Ontario", "is_capital": false, "latitude": 42.9558, "longitude": -81.6226, "population": 16056}, {"name": "Strathroy-Caradoc", "country_iso2": "CA", "state": "Ontario", "is_capital": false, "latitude": 42.9575, "longitude": -81.6167, "population": 23871}, {"name": "Sudbury", "country_iso2": "CA", "state": "Ontario", "is_capital": false, "latitude": 46.49, "longitude": -81.01, "population": 166004}, {"name": "Summerland", "country_iso2": "CA", "state": "British Columbia", "is_capital": false, "latitude": 49.6006, "longitude": -119.6778, "population": 11615}, {"name": "Summerside", "country_iso2": "CA", "state": "Prince Edward Island", "is_capital": false, "latitude": 46.4, "longitude": -63.7833, "population": 16001}, {"name": "Surrey", "country_iso2": "CA", "state": "British Columbia", "is_capital": false, "latitude": 49.19, "longitude": -122.8489, "population": 568322}, {"name": "Swift Current", "country_iso2": "CA", "state": "Saskatchewan", "is_capital": false, "latitude": 50.2881, "longitude": -107.7939, "population": 16750}, {"name": "Sydney Mines", "country_iso2": "CA", "state": "Nova Scotia", "is_capital": false, "latitude": 46.2333, "longitude": -60.2167, "population": 12353}, {"name": "Sylvan Lake", "country_iso2": "CA", "state": "Alberta", "is_capital": false, "latitude": 52.3083, "longitude": -114.0964, "population": 16142}, {"name": "Taber", "country_iso2": "CA", "state": "Alberta", "is_capital": false, "latitude": 49.7847, "longitude": -112.1508, "population": 8978}, {"name": "Taché", "country_iso2": "CA", "state": "Manitoba", "is_capital": false, "latitude": 49.7081, "longitude": -96.6736, "population": 11916}, {"name": "Tay", "country_iso2": "CA", "state": "Ontario", "is_capital": false, "latitude": 44.7167, "longitude": -79.7667, "population": 10033}, {"name": "Tecumseh", "country_iso2": "CA", "state": "Ontario", "is_capital": false, "latitude": 42.2431, "longitude": -82.9256, "population": 23300}, {"name": "Temiskaming Shores", "country_iso2": "CA", "state": "Ontario", "is_capital": false, "latitude": 47.5167, "longitude": -79.6833, "population": 9920}, {"name": "Terrace", "country_iso2": "CA", "state": "British Columbia", "is_capital": false, "latitude": 54.5164, "longitude": -128.5997, "population": 14633}, {"name": "Terrebonne", "country_iso2": "CA", "state": "Quebec", "is_capital": false, "latitude": 45.7, "longitude": -73.6333, "population": 119944}, {"name": "Thames Centre", "country_iso2": "CA", "state": "Ontario", "is_capital": false, "latitude": 43.03, "longitude": -81.08, "population": 13980}, {"name": "The Nation / La Nation", "country_iso2": "CA", "state": "Ontario", "is_capital": false, "latitude": 45.35, "longitude": -75.0333, "population": 12808}, {"name": "Thetford Mines", "country_iso2": "CA", "state": "Quebec", "is_capital": false, "latitude": 46.1, "longitude": -71.3, "population": 26072}, {"name": "Thompson", "country_iso2": "CA", "state": "Manitoba", "is_capital": false, "latitude": 55.7433, "longitude": -97.8553, "population": 13035}, {"name": "Thorold", "country_iso2": "CA", "state": "Ontario", "is_capital": false, "latitude": 43.1167, "longitude": -79.2, "population": 23816}, {"name": "Thunder Bay", "country_iso2": "CA", "state": "Ontario", "is_capital": false, "latitude": 48.3822, "longitude": -89.2461, "population": 108843}, {"name": "Tillsonburg", "country_iso2": "CA", "state": "Ontario", "is_capital": false, "latitude": 42.8667, "longitude": -80.7333, "population": 18615}, {"name": "Timmins", "country_iso2": "CA", "state": "Ontario", "is_capital": false, "latitude": 48.4667, "longitude": -81.3333, "population": 41145}, {"name": "Tiny", "country_iso2": "CA", "state": "Ontario", "is_capital": false, "latitude": 44.6833, "longitude": -79.95, "population": 11787}, {"name": "Toronto", "country_iso2": "CA", "state": "Ontario", "is_capital": true, "latitude": 43.7417, "longitude": -79.3733, "population": 5647656}, {"name": "Tottenham", "country_iso2": "CA", "state": "Ontario", "is_capital": false, "latitude": 44.0238, "longitude": -79.8045, "population": 9609}, {"name": "Trail", "country_iso2": "CA", "state": "British Columbia", "is_capital": false, "latitude": 49.095, "longitude": -117.71, "population": 12863}, {"name": "Trent Hills", "country_iso2": "CA", "state": "Ontario", "is_capital": false, "latitude": 44.3142, "longitude": -77.8514, "population": 12900}, {"name": "Trois-Rivières", "country_iso2": "CA", "state": "Quebec", "is_capital": false, "latitude": 46.35, "longitude": -72.55, "population": 139163}, {"name": "Truro", "country_iso2": "CA", "state": "Nova Scotia", "is_capital": false, "latitude": 45.3647, "longitude": -63.28, "population": 23583}, {"name": "Tsawwassen", "country_iso2": "CA", "state": "British Columbia", "is_capital": false, "latitude": 49.0436, "longitude": -123.0985, "population": 23940}, {"name": "Uxbridge", "country_iso2": "CA", "state": "Ontario", "is_capital": false, "latitude": 44.1167, "longitude": -79.1333, "population": 21556}, {"name": "Val-des-Monts", "country_iso2": "CA", "state": "Quebec", "is_capital": false, "latitude": 45.65, "longitude": -75.6667, "population": 13328}, {"name": "Val-d’Or", "country_iso2": "CA", "state": "Quebec", "is_capital": false, "latitude": 48.1, "longitude": -77.7833, "population": 32752}, {"name": "Vancouver", "country_iso2": "CA", "state": "British Columbia", "is_capital": false, "latitude": 49.25, "longitude": -123.1, "population": 2426160}, {"name": "Varennes", "country_iso2": "CA", "state": "Quebec", "is_capital": false, "latitude": 45.6833, "longitude": -73.4333, "population": 21198}, {"name": "Vaudreuil-Dorion", "country_iso2": "CA", "state": "Quebec", "is_capital": false, "latitude": 45.4, "longitude": -74.0333, "population": 43268}, {"name": "Vaughan", "country_iso2": "CA", "state": "Ontario", "is_capital": false, "latitude": 43.8333, "longitude": -79.5, "population": 323103}, {"name": "Vernon", "country_iso2": "CA", "state": "British Columbia", "is_capital": false, "latitude": 50.267, "longitude": -119.272, "population": 51896}, {"name": "Victoria", "country_iso2": "CA", "state": "British Columbia", "is_capital": true, "latitude": 48.4283, "longitude": -123.3647, "population": 363222}, {"name": "Victoriaville", "country_iso2": "CA", "state": "Quebec", "is_capital": false, "latitude": 46.05, "longitude": -71.9667, "population": 47760}, {"name": "View Royal", "country_iso2": "CA", "state": "British Columbia", "is_capital": false, "latitude": 48.4517, "longitude": -123.4339, "population": 11575}, {"name": "Wallaceburg", "country_iso2": "CA", "state": "Ontario", "is_capital": false, "latitude": 42.5984, "longitude": -82.3916, "population": 10323}, {"name": "Warman", "country_iso2": "CA", "state": "Saskatchewan", "is_capital": false, "latitude": 52.3219, "longitude": -106.5842, "population": 12419}, {"name": "Wasaga Beach", "country_iso2": "CA", "state": "Ontario", "is_capital": false, "latitude": 44.5206, "longitude": -80.0167, "population": 24862}, {"name": "Waterloo", "country_iso2": "CA", "state": "Ontario", "is_capital": false, "latitude": 43.4667, "longitude": -80.5167, "population": 121436}, {"name": "Welland", "country_iso2": "CA", "state": "Ontario", "is_capital": false, "latitude": 42.9833, "longitude": -79.2333, "population": 69302}, {"name": "Wellesley", "country_iso2": "CA", "state": "Ontario", "is_capital": false, "latitude": 43.55, "longitude": -80.7167, "population": 11260}, {"name": "Wellington North", "country_iso2": "CA", "state": "Ontario", "is_capital": false, "latitude": 43.9, "longitude": -80.57, "population": 11914}, {"name": "West Grey", "country_iso2": "CA", "state": "Ontario", "is_capital": false, "latitude": 44.1833, "longitude": -80.8167, "population": 12518}, {"name": "West Lincoln", "country_iso2": "CA", "state": "Ontario", "is_capital": false, "latitude": 43.0667, "longitude": -79.5667, "population": 14500}, {"name": "West Nipissing / Nipissing Ouest", "country_iso2": "CA", "state": "Ontario", "is_capital": false, "latitude": 46.3667, "longitude": -79.9167, "population": 14364}, {"name": "West Perth", "country_iso2": "CA", "state": "Ontario", "is_capital": false, "latitude": 43.47, "longitude": -81.2, "population": 8865}, {"name": "West Vancouver", "country_iso2": "CA", "state": "British Columbia", "is_capital": false, "latitude": 49.3667, "longitude": -123.1667, "population": 44122}, {"name": "Westmount", "country_iso2": "CA", "state": "Quebec", "is_capital": false, "latitude": 45.4833, "longitude": -73.6, "population": 19658}, {"name": "Wetaskiwin", "country_iso2": "CA", "state": "Alberta", "is_capital": false, "latitude": 52.9694, "longitude": -113.3769, "population": 12594}, {"name": "Weyburn", "country_iso2": "CA", "state": "Saskatchewan", "is_capital": false, "latitude": 49.6611, "longitude": -103.8525, "population": 11019}, {"name": "Whistler", "country_iso2": "CA", "state": "British Columbia", "is_capital": false, "latitude": 50.1208, "longitude": -122.9544, "population": 11854}, {"name": "Whitby", "country_iso2": "CA", "state": "Ontario", "is_capital": false, "latitude": 43.8833, "longitude": -78.9417, "population": 138501}, {"name": "White Rock", "country_iso2": "CA", "state": "British Columbia", "is_capital": false, "latitude": 49.025, "longitude": -122.8028, "population": 109167}, {"name": "Whitecourt", "country_iso2": "CA", "state": "Alberta", "is_capital": false, "latitude": 54.1417, "longitude": -115.6833, "population": 9195}, {"name": "Whitehorse", "country_iso2": "CA", "state": "Yukon", "is_capital": true, "latitude": 60.7029, "longitude": -135.0691, "population": 28201}, {"name": "Williams Lake", "country_iso2": "CA", "state": "British Columbia", "is_capital": false, "latitude": 52.1294, "longitude": -122.1383, "population": 11906}, {"name": "Wilmot", "country_iso2": "CA", "state": "Ontario", "is_capital": false, "latitude": 43.4, "longitude": -80.65, "population": 21429}, {"name": "Windsor", "country_iso2": "CA", "state": "Ontario", "is_capital": false, "latitude": 42.2833, "longitude": -83.0, "population": 306519}, {"name": "Winkler", "country_iso2": "CA", "state": "Manitoba", "is_capital": false, "latitude": 49.1817, "longitude": -97.9397, "population": 15335}, {"name": "Winnipeg", "country_iso2": "CA", "state": "Manitoba", "is_capital": true, "latitude": 49.8844, "longitude": -97.1464, "population": 758515}, {"name": "Wood Buffalo", "country_iso2": "CA", "state": "Alberta", "is_capital": false, "latitude": 57.6042, "longitude": -111.3284, "population": 72326}, {"name": "Woodstock", "country_iso2": "CA", "state": "Ontario", "is_capital": false, "latitude": 43.1306, "longitude": -80.7467, "population": 46705}, {"name": "Woolwich", "country_iso2": "CA", "state": "Ontario", "is_capital": false, "latitude": 43.5667, "longitude": -80.4833, "population": 26999}, {"name": "Yellowknife", "country_iso2": "CA", "state": "Northwest Territories", "is_capital": true, "latitude": 62.4709, "longitude": -114.4053, "population": 20340}, {"name": "Yorkton", "country_iso2": "CA", "state": "Saskatchewan", "is_capital": false, "latitude": 51.2139, "longitude": -102.4628, "population": 16280}]