[{"name": "Altamira", "country_iso2": "DO", "state": "Cibao Norte", "is_capital": false, "latitude": 19.6667, "longitude": -70.8333, "population": 18868}, {"name": "Arenoso", "country_iso2": "DO", "state": "Cibao Nordeste", "is_capital": false, "latitude": 19.18, "longitude": -69.85, "population": 14062}, {"name": "Azua", "country_iso2": "DO", "state": "Valdesia", "is_capital": false, "latitude": 18.46, "longitude": -70.74, "population": 91345}, {"name": "Baitoa", "country_iso2": "DO", "state": "Cibao Sur", "is_capital": false, "latitude": 19.32, "longitude": -70.7, "population": 11778}, {"name": "Baní", "country_iso2": "DO", "state": "Valdesia", "is_capital": false, "latitude": 18.29, "longitude": -70.33, "population": 145595}, {"name": "Barahona", "country_iso2": "DO", "state": "Enriquillo", "is_capital": true, "latitude": 18.2079, "longitude": -71.0996, "population": 83619}, {"name": "Bayaguana", "country_iso2": "DO", "state": "Higuamo", "is_capital": false, "latitude": 18.76, "longitude": -69.64, "population": 31889}, {"name": "Boca Chica", "country_iso2": "DO", "state": "Ozama", "is_capital": false, "latitude": 18.4539, "longitude": -69.6064, "population": 142019}, {"name": "Bohechío", "country_iso2": "DO", "state": "El Valle", "is_capital": false, "latitude": 18.77, "longitude": -70.98, "population": 9685}, {"name": "Bonao", "country_iso2": "DO", "state": "Cibao Sur", "is_capital": false, "latitude": 18.95, "longitude": -70.41, "population": 125338}, {"name": "Bávaro", "country_iso2": "DO", "state": "Yuma", "is_capital": false, "latitude": 18.717, "longitude": -68.45, "population": 150000}, {"name": "Cabarete", "country_iso2": "DO", "state": "Cibao Norte", "is_capital": false, "latitude": 19.7511, "longitude": -70.4083, "population": 14600}, {"name": "Cabral", "country_iso2": "DO", "state": "Enriquillo", "is_capital": false, "latitude": 18.25, "longitude": -71.2167, "population": 14823}, {"name": "Cabrera", "country_iso2": "DO", "state": "Cibao Nordeste", "is_capital": false, "latitude": 19.6426, "longitude": -69.9049, "population": 24218}, {"name": "Cambita Garabitos", "country_iso2": "DO", "state": "Valdesia", "is_capital": false, "latitude": 18.45, "longitude": -70.2, "population": 31057}, {"name": "Castañuelas", "country_iso2": "DO", "state": "Cibao Noroeste", "is_capital": false, "latitude": 19.7, "longitude": -71.5, "population": 14921}, {"name": "Castillo", "country_iso2": "DO", "state": "Cibao Nordeste", "is_capital": false, "latitude": 19.22, "longitude": -70.03, "population": 15709}, {"name": "Cayetano Germosén", "country_iso2": "DO", "state": "Cibao Norte", "is_capital": false, "latitude": 19.33, "longitude": -70.48, "population": 16439}, {"name": "Cenoví", "country_iso2": "DO", "state": "Cibao Nordeste", "is_capital": false, "latitude": 19.25, "longitude": -70.37, "population": 16056}, {"name": "Cercado Abajo", "country_iso2": "DO", "state": "El Valle", "is_capital": false, "latitude": 18.73, "longitude": -71.52, "population": 20843}, {"name": "Cevicos", "country_iso2": "DO", "state": "Cibao Sur", "is_capital": false, "latitude": 19.0045, "longitude": -69.979, "population": 12589}, {"name": "Comendador", "country_iso2": "DO", "state": "El Valle", "is_capital": false, "latitude": 18.8833, "longitude": -71.7, "population": 27908}, {"name": "Constanza", "country_iso2": "DO", "state": "Cibao Sur", "is_capital": false, "latitude": 18.91, "longitude": -70.75, "population": 59052}, {"name": "Consuelito", "country_iso2": "DO", "state": "Higuamo", "is_capital": false, "latitude": 18.6124, "longitude": -69.2577, "population": 60000}, {"name": "Cotuí", "country_iso2": "DO", "state": "Cibao Sur", "is_capital": false, "latitude": 19.06, "longitude": -70.15, "population": 76554}, {"name": "Dajabón", "country_iso2": "DO", "state": "Cibao Noroeste", "is_capital": false, "latitude": 19.5667, "longitude": -71.71, "population": 28071}, {"name": "Duvergé", "country_iso2": "DO", "state": "Enriquillo", "is_capital": false, "latitude": 18.3188, "longitude": -71.5945, "population": 12029}, {"name": "El Cacao", "country_iso2": "DO", "state": "Valdesia", "is_capital": false, "latitude": 18.52, "longitude": -70.3, "population": 9540}, {"name": "El Factor", "country_iso2": "DO", "state": "Cibao Nordeste", "is_capital": false, "latitude": 19.32, "longitude": -69.88, "population": 24240}, {"name": "El Seibo", "country_iso2": "DO", "state": "Yuma", "is_capital": false, "latitude": 18.77, "longitude": -69.04, "population": 66867}, {"name": "Enriquillo", "country_iso2": "DO", "state": "Enriquillo", "is_capital": false, "latitude": 17.9, "longitude": -71.2333, "population": 13164}, {"name": "Esperalvillo", "country_iso2": "DO", "state": "Higuamo", "is_capital": false, "latitude": 18.82, "longitude": -70.03, "population": 20900}, {"name": "Esperanza", "country_iso2": "DO", "state": "Cibao Noroeste", "is_capital": false, "latitude": 19.58, "longitude": -70.99, "population": 62205}, {"name": "Fantino", "country_iso2": "DO", "state": "Cibao Sur", "is_capital": false, "latitude": 19.12, "longitude": -70.3, "population": 22117}, {"name": "Galván", "country_iso2": "DO", "state": "Enriquillo", "is_capital": false, "latitude": 18.5039, "longitude": -71.34, "population": 15702}, {"name": "Gaspar Hernández", "country_iso2": "DO", "state": "Cibao Norte", "is_capital": false, "latitude": 19.62, "longitude": -70.28, "population": 37852}, {"name": "Guayacanes", "country_iso2": "DO", "state": "Higuamo", "is_capital": false, "latitude": 18.4186, "longitude": -69.4582, "population": 37889}, {"name": "Guaymate", "country_iso2": "DO", "state": "Yuma", "is_capital": false, "latitude": 18.58, "longitude": -68.98, "population": 16558}, {"name": "Guerra", "country_iso2": "DO", "state": "Ozama", "is_capital": false, "latitude": 18.55, "longitude": -69.7, "population": 43963}, {"name": "Gurabo al Medio", "country_iso2": "DO", "state": "Cibao Norte", "is_capital": false, "latitude": 19.4739, "longitude": -70.6727, "population": 126668}, {"name": "Hato Mayor", "country_iso2": "DO", "state": "Higuamo", "is_capital": false, "latitude": 18.767, "longitude": -69.267, "population": 61517}, {"name": "Higüey", "country_iso2": "DO", "state": "Yuma", "is_capital": false, "latitude": 18.6181, "longitude": -68.7111, "population": 251243}, {"name": "Hondo Valle", "country_iso2": "DO", "state": "El Valle", "is_capital": false, "latitude": 18.72, "longitude": -71.7, "population": 10587}, {"name": "Imbert", "country_iso2": "DO", "state": "Cibao Norte", "is_capital": false, "latitude": 19.75, "longitude": -70.83, "population": 22058}, {"name": "Jamao al Norte", "country_iso2": "DO", "state": "Cibao Norte", "is_capital": false, "latitude": 19.65, "longitude": -70.6167, "population": 15390}, {"name": "Jarabacoa", "country_iso2": "DO", "state": "Cibao Sur", "is_capital": false, "latitude": 19.1167, "longitude": -70.6333, "population": 68585}, {"name": "Jicomé", "country_iso2": "DO", "state": "Cibao Noroeste", "is_capital": false, "latitude": 19.65, "longitude": -70.95, "population": 20777}, {"name": "Jima Abajo", "country_iso2": "DO", "state": "Cibao Sur", "is_capital": false, "latitude": 19.13, "longitude": -70.38, "population": 30261}, {"name": "Jimaní", "country_iso2": "DO", "state": "Enriquillo", "is_capital": false, "latitude": 18.4833, "longitude": -71.85, "population": 11414}, {"name": "Juan de Herrera", "country_iso2": "DO", "state": "El Valle", "is_capital": false, "latitude": 18.8667, "longitude": -71.2333, "population": 13062}, {"name": "La Caleta", "country_iso2": "DO", "state": "Ozama", "is_capital": false, "latitude": 18.45, "longitude": -69.6833, "population": 46698}, {"name": "La Ciénaga", "country_iso2": "DO", "state": "Enriquillo", "is_capital": false, "latitude": 18.07, "longitude": -71.1, "population": 9112}, {"name": "La Mata", "country_iso2": "DO", "state": "Cibao Sur", "is_capital": false, "latitude": 19.1, "longitude": -70.1681, "population": 38962}, {"name": "La Romana", "country_iso2": "DO", "state": "Yuma", "is_capital": true, "latitude": 18.43, "longitude": -68.97, "population": 139238}, {"name": "La Vega", "country_iso2": "DO", "state": "Cibao Sur", "is_capital": true, "latitude": 19.22, "longitude": -70.53, "population": 220279}, {"name": "Laguna Salada", "country_iso2": "DO", "state": "Cibao Noroeste", "is_capital": false, "latitude": 19.65, "longitude": -71.0833, "population": 23962}, {"name": "Las Charcas", "country_iso2": "DO", "state": "Valdesia", "is_capital": false, "latitude": 18.45, "longitude": -70.62, "population": 11243}, {"name": "Las Guáranas", "country_iso2": "DO", "state": "Cibao Nordeste", "is_capital": false, "latitude": 19.2, "longitude": -70.22, "population": 14661}, {"name": "Las Matas de Farfán", "country_iso2": "DO", "state": "El Valle", "is_capital": false, "latitude": 18.87, "longitude": -71.52, "population": 44163}, {"name": "Las Matas de Santa Cruz", "country_iso2": "DO", "state": "Cibao Noroeste", "is_capital": false, "latitude": 19.67, "longitude": -71.5, "population": 10559}, {"name": "Las Terrenas", "country_iso2": "DO", "state": "Cibao Nordeste", "is_capital": false, "latitude": 19.32, "longitude": -69.53, "population": 18829}, {"name": "Licey al Medio", "country_iso2": "DO", "state": "Cibao Norte", "is_capital": false, "latitude": 19.43, "longitude": -70.62, "population": 25539}, {"name": "Loma de Cabrera", "country_iso2": "DO", "state": "Cibao Noroeste", "is_capital": false, "latitude": 19.422, "longitude": -71.615, "population": 15624}, {"name": "Los Alcarrizos", "country_iso2": "DO", "state": "Ozama", "is_capital": false, "latitude": 18.5167, "longitude": -70.0167, "population": 272776}, {"name": "Los Almácigos", "country_iso2": "DO", "state": "Cibao Noroeste", "is_capital": false, "latitude": 19.4083, "longitude": -71.4417, "population": 11183}, {"name": "Los Bellosos", "country_iso2": "DO", "state": "Cibao Norte", "is_capital": false, "latitude": 19.8333, "longitude": -71.0167, "population": 12414}, {"name": "Los Hidalgos", "country_iso2": "DO", "state": "Cibao Norte", "is_capital": false, "latitude": 19.73, "longitude": -71.03, "population": 12639}, {"name": "Los Llanos", "country_iso2": "DO", "state": "Higuamo", "is_capital": false, "latitude": 18.62, "longitude": -69.5, "population": 22573}, {"name": "Los Minas", "country_iso2": "DO", "state": "Ozama", "is_capital": false, "latitude": 18.4989, "longitude": -69.8576, "population": 104846}, {"name": "Luperón", "country_iso2": "DO", "state": "Cibao Norte", "is_capital": false, "latitude": 19.9, "longitude": -70.95, "population": 16494}, {"name": "Maimón", "country_iso2": "DO", "state": "Cibao Sur", "is_capital": false, "latitude": 18.77, "longitude": -70.33, "population": 23885}, {"name": "Maizal", "country_iso2": "DO", "state": "Cibao Noroeste", "is_capital": false, "latitude": 19.65, "longitude": -71.03, "population": 9486}, {"name": "Mao", "country_iso2": "DO", "state": "Cibao Noroeste", "is_capital": true, "latitude": 19.5667, "longitude": -71.0833, "population": 76863}, {"name": "Matanzas", "country_iso2": "DO", "state": "Valdesia", "is_capital": false, "latitude": 18.243, "longitude": -70.4177, "population": 35414}, {"name": "Miches", "country_iso2": "DO", "state": "Yuma", "is_capital": false, "latitude": 18.98, "longitude": -69.05, "population": 20813}, {"name": "Moca", "country_iso2": "DO", "state": "Cibao Norte", "is_capital": false, "latitude": 19.3833, "longitude": -70.5167, "population": 94981}, {"name": "Monción", "country_iso2": "DO", "state": "Cibao Noroeste", "is_capital": false, "latitude": 19.4167, "longitude": -71.1667, "population": 11753}, {"name": "Monte Cristi", "country_iso2": "DO", "state": "Cibao Noroeste", "is_capital": false, "latitude": 19.8667, "longitude": -71.65, "population": 24674}, {"name": "Monte Plata", "country_iso2": "DO", "state": "Higuamo", "is_capital": false, "latitude": 18.81, "longitude": -69.79, "population": 37614}, {"name": "Nagua", "country_iso2": "DO", "state": "Cibao Nordeste", "is_capital": false, "latitude": 19.38, "longitude": -69.85, "population": 76933}, {"name": "Neiba", "country_iso2": "DO", "state": "Enriquillo", "is_capital": false, "latitude": 18.49, "longitude": -71.42, "population": 36511}, {"name": "Nizao", "country_iso2": "DO", "state": "Valdesia", "is_capital": false, "latitude": 18.25, "longitude": -70.2, "population": 27028}, {"name": "Padre Las Casas", "country_iso2": "DO", "state": "Valdesia", "is_capital": false, "latitude": 18.7317, "longitude": -70.9392, "population": 40545}, {"name": "Pantanal", "country_iso2": "DO", "state": "Yuma", "is_capital": false, "latitude": 18.5586, "longitude": -68.3694, "population": 138919}, {"name": "Paraíso", "country_iso2": "DO", "state": "Enriquillo", "is_capital": false, "latitude": 18.0, "longitude": -71.1667, "population": 15390}, {"name": "Pedernales", "country_iso2": "DO", "state": "Enriquillo", "is_capital": false, "latitude": 18.0333, "longitude": -71.75, "population": 13805}, {"name": "Pedro Brand", "country_iso2": "DO", "state": "Ozama", "is_capital": false, "latitude": 18.5667, "longitude": -70.0911, "population": 74016}, {"name": "Pepillo Salcedo", "country_iso2": "DO", "state": "Cibao Noroeste", "is_capital": false, "latitude": 19.7, "longitude": -71.75, "population": 9136}, {"name": "Peralta", "country_iso2": "DO", "state": "Valdesia", "is_capital": false, "latitude": 18.5167, "longitude": -70.7833, "population": 15257}, {"name": "Piedra Blanca", "country_iso2": "DO", "state": "Cibao Sur", "is_capital": false, "latitude": 18.8438, "longitude": -70.3157, "population": 20934}, {"name": "Pimentel", "country_iso2": "DO", "state": "Cibao Nordeste", "is_capital": false, "latitude": 19.1833, "longitude": -70.1, "population": 17864}, {"name": "Pueblo Viejo", "country_iso2": "DO", "state": "Valdesia", "is_capital": false, "latitude": 18.4, "longitude": -70.7667, "population": 11235}, {"name": "Puerto Plata", "country_iso2": "DO", "state": "Cibao Norte", "is_capital": false, "latitude": 19.8, "longitude": -70.6833, "population": 318419}, {"name": "Puñal", "country_iso2": "DO", "state": "Cibao Norte", "is_capital": false, "latitude": 19.4, "longitude": -70.6167, "population": 46516}, {"name": "Quisqueya", "country_iso2": "DO", "state": "Higuamo", "is_capital": false, "latitude": 18.5542, "longitude": -69.4056, "population": 19034}, {"name": "Ramón Santana", "country_iso2": "DO", "state": "Higuamo", "is_capital": false, "latitude": 18.55, "longitude": -69.1833, "population": 8901}, {"name": "Rancho Arriba", "country_iso2": "DO", "state": "Valdesia", "is_capital": false, "latitude": 18.7147, "longitude": -70.4618, "population": 10299}, {"name": "Río Grande", "country_iso2": "DO", "state": "Cibao Norte", "is_capital": false, "latitude": 19.73, "longitude": -70.8, "population": 20154}, {"name": "Río San Juan", "country_iso2": "DO", "state": "Cibao Nordeste", "is_capital": false, "latitude": 19.64, "longitude": -70.08, "population": 15168}, {"name": "Río Verde Arriba", "country_iso2": "DO", "state": "Cibao Sur", "is_capital": false, "latitude": 19.32, "longitude": -70.57, "population": 33809}, {"name": "Sabana Grande de Boyá", "country_iso2": "DO", "state": "Higuamo", "is_capital": false, "latitude": 18.95, "longitude": -69.8, "population": 31096}, {"name": "Sabana Grande de Palenque", "country_iso2": "DO", "state": "Valdesia", "is_capital": false, "latitude": 18.27, "longitude": -70.15, "population": 15466}, {"name": "Sabana Iglesia", "country_iso2": "DO", "state": "Cibao Norte", "is_capital": false, "latitude": 19.33, "longitude": -70.75, "population": 13348}, {"name": "Sabana Yegua", "country_iso2": "DO", "state": "Valdesia", "is_capital": false, "latitude": 18.7167, "longitude": -71.0167, "population": 11300}, {"name": "Sabana de La Mar", "country_iso2": "DO", "state": "Higuamo", "is_capital": false, "latitude": 19.07, "longitude": -69.39, "population": 16272}, {"name": "Sabaneta", "country_iso2": "DO", "state": "Cibao Noroeste", "is_capital": false, "latitude": 19.4833, "longitude": -71.35, "population": 34540}, {"name": "Sabaneta de Yásica", "country_iso2": "DO", "state": "Cibao Norte", "is_capital": false, "latitude": 19.6667, "longitude": -70.3833, "population": 10545}, {"name": "Salcedo", "country_iso2": "DO", "state": "Cibao Nordeste", "is_capital": false, "latitude": 19.378, "longitude": -70.418, "population": 39557}, {"name": "Samaná", "country_iso2": "DO", "state": "Cibao Nordeste", "is_capital": false, "latitude": 19.2053, "longitude": -69.3364, "population": 58156}, {"name": "San Cristóbal", "country_iso2": "DO", "state": "Valdesia", "is_capital": true, "latitude": 18.4167, "longitude": -70.1333, "population": 232769}, {"name": "San Francisco de Macorís", "country_iso2": "DO", "state": "Cibao Nordeste", "is_capital": true, "latitude": 19.3, "longitude": -70.25, "population": 188118}, {"name": "San Gregorio de Nigua", "country_iso2": "DO", "state": "Valdesia", "is_capital": false, "latitude": 18.38, "longitude": -70.08, "population": 30268}, {"name": "San José de Las Matas", "country_iso2": "DO", "state": "Cibao Norte", "is_capital": false, "latitude": 19.33, "longitude": -70.93, "population": 38628}, {"name": "San José de Ocoa", "country_iso2": "DO", "state": "Valdesia", "is_capital": false, "latitude": 18.55, "longitude": -70.5, "population": 39451}, {"name": "San Juan", "country_iso2": "DO", "state": "El Valle", "is_capital": true, "latitude": 18.81, "longitude": -71.23, "population": 132177}, {"name": "San Lorenzo de Guayubín", "country_iso2": "DO", "state": "Cibao Noroeste", "is_capital": false, "latitude": 19.62, "longitude": -71.33, "population": 35923}, {"name": "San Luis", "country_iso2": "DO", "state": "Ozama", "is_capital": false, "latitude": 18.5473, "longitude": -69.8019, "population": 56933}, {"name": "San Pedro de Macorís", "country_iso2": "DO", "state": "Higuamo", "is_capital": true, "latitude": 18.4572, "longitude": -69.3061, "population": 195307}, {"name": "San Rafael del Yuma", "country_iso2": "DO", "state": "Yuma", "is_capital": false, "latitude": 18.4333, "longitude": -68.6667, "population": 21967}, {"name": "San Víctor Abajo", "country_iso2": "DO", "state": "Cibao Norte", "is_capital": false, "latitude": 19.45, "longitude": -70.53, "population": 21009}, {"name": "Santiago", "country_iso2": "DO", "state": "Cibao Norte", "is_capital": true, "latitude": 19.4572, "longitude": -70.6889, "population": 1343423}, {"name": "Santo Domingo", "country_iso2": "DO", "state": "Ozama", "is_capital": true, "latitude": 18.4764, "longitude": -69.8933, "population": 1128678}, {"name": "Santo Domingo Este", "country_iso2": "DO", "state": "Ozama", "is_capital": true, "latitude": 18.4855, "longitude": -69.8734, "population": 948855}, {"name": "Santo Tomás de Jánico", "country_iso2": "DO", "state": "Cibao Norte", "is_capital": false, "latitude": 19.3261, "longitude": -70.815, "population": 16993}, {"name": "Sosúa", "country_iso2": "DO", "state": "Cibao Norte", "is_capital": false, "latitude": 19.75, "longitude": -70.52, "population": 49593}, {"name": "Sánchez", "country_iso2": "DO", "state": "Cibao Nordeste", "is_capital": false, "latitude": 19.2289, "longitude": -69.6119, "population": 24509}, {"name": "Tamayo", "country_iso2": "DO", "state": "Enriquillo", "is_capital": false, "latitude": 18.4, "longitude": -71.2, "population": 26772}, {"name": "Tamboril", "country_iso2": "DO", "state": "Cibao Norte", "is_capital": false, "latitude": 19.48, "longitude": -70.6, "population": 51695}, {"name": "Tenares", "country_iso2": "DO", "state": "Cibao Nordeste", "is_capital": false, "latitude": 19.37, "longitude": -70.35, "population": 27765}, {"name": "Tábara Arriba", "country_iso2": "DO", "state": "Valdesia", "is_capital": false, "latitude": 18.5667, "longitude": -70.8833, "population": 17647}, {"name": "Vallejuelo", "country_iso2": "DO", "state": "El Valle", "is_capital": false, "latitude": 18.65, "longitude": -71.33, "population": 12403}, {"name": "Vicente Noble", "country_iso2": "DO", "state": "Enriquillo", "is_capital": false, "latitude": 18.3833, "longitude": -71.1833, "population": 21605}, {"name": "Villa Altagracia", "country_iso2": "DO", "state": "Valdesia", "is_capital": false, "latitude": 18.67, "longitude": -70.17, "population": 84312}, {"name": "Villa Bisonó", "country_iso2": "DO", "state": "Cibao Norte", "is_capital": false, "latitude": 19.56, "longitude": -70.87, "population": 42092}, {"name": "Villa González", "country_iso2": "DO", "state": "Cibao Norte", "is_capital": false, "latitude": 19.5333, "longitude": -70.7833, "population": 37349}, {"name": "Villa Isabela", "country_iso2": "DO", "state": "Cibao Norte", "is_capital": false, "latitude": 19.82, "longitude": -71.05, "population": 17169}, {"name": "Villa Jaragua", "country_iso2": "DO", "state": "Enriquillo", "is_capital": false, "latitude": 18.48, "longitude": -71.5, "population": 10619}, {"name": "Villa Riva", "country_iso2": "DO", "state": "Cibao Nordeste", "is_capital": false, "latitude": 19.18, "longitude": -69.92, "population": 33663}, {"name": "Villa Tapia", "country_iso2": "DO", "state": "Cibao Nordeste", "is_capital": false, "latitude": 19.3, "longitude": -70.42, "population": 24871}, {"name": "Villa Vásquez", "country_iso2": "DO", "state": "Cibao Noroeste", "is_capital": false, "latitude": 19.74, "longitude": -71.45, "population": 14424}, {"name": "Yaguate", "country_iso2": "DO", "state": "Valdesia", "is_capital": false, "latitude": 18.33, "longitude": -70.18, "population": 42325}, {"name": "Yamasá", "country_iso2": "DO", "state": "Higuamo", "is_capital": false, "latitude": 18.7667, "longitude": -70.0167, "population": 55348}, {"name": "Yayas de Viajama", "country_iso2": "DO", "state": "Valdesia", "is_capital": false, "latitude": 18.6, "longitude": -70.92, "population": 17620}, {"name": "Yásica Arriba", "country_iso2": "DO", "state": "Cibao Norte", "is_capital": false, "latitude": 19.6333, "longitude": -70.6, "population": 23114}]