[{"name": "Alausí", "country_iso2": "EC", "state": "Chimborazo", "is_capital": false, "latitude": -2.19, "longitude": -78.85, "population": 6071}, {"name": "Ambato", "country_iso2": "EC", "state": "Tungurahua", "is_capital": true, "latitude": -1.2422, "longitude": -78.6289, "population": 177316}, {"name": "Atacames", "country_iso2": "EC", "state": "Esmeraldas", "is_capital": false, "latitude": 0.8667, "longitude": -79.8333, "population": 18948}, {"name": "Atuntaqui", "country_iso2": "EC", "state": "Imbabura", "is_capital": false, "latitude": 0.3317, "longitude": -78.2189, "population": 25115}, {"name": "Azogues", "country_iso2": "EC", "state": "Cañar", "is_capital": true, "latitude": -2.7333, "longitude": -78.8333, "population": 35763}, {"name": "Babahoyo", "country_iso2": "EC", "state": "Los Ríos", "is_capital": true, "latitude": -1.8167, "longitude": -79.5167, "population": 98251}, {"name": "Bahía de Caráquez", "country_iso2": "EC", "state": "Manabí", "is_capital": false, "latitude": -0.5995, "longitude": -80.4245, "population": 22209}, {"name": "Balzar", "country_iso2": "EC", "state": "Guayas", "is_capital": false, "latitude": -1.36, "longitude": -79.9, "population": 32744}, {"name": "Baláo", "country_iso2": "EC", "state": "Guayas", "is_capital": false, "latitude": -2.91, "longitude": -79.81, "population": 12850}, {"name": "Baños", "country_iso2": "EC", "state": "Tungurahua", "is_capital": false, "latitude": -1.3964, "longitude": -78.4247, "population": 14100}, {"name": "Baños", "country_iso2": "EC", "state": "Azuay", "is_capital": false, "latitude": -2.9, "longitude": -79.0667, "population": 12271}, {"name": "Calceta", "country_iso2": "EC", "state": "Manabí", "is_capital": false, "latitude": -0.84, "longitude": -80.17, "population": 20011}, {"name": "Camilo Ponce Enríquez", "country_iso2": "EC", "state": "Azuay", "is_capital": false, "latitude": -3.05, "longitude": -79.7333, "population": 22810}, {"name": "Cariamanga", "country_iso2": "EC", "state": "Loja", "is_capital": false, "latitude": -4.32, "longitude": -79.56, "population": 13175}, {"name": "Catamayo", "country_iso2": "EC", "state": "Loja", "is_capital": false, "latitude": -3.9833, "longitude": -79.35, "population": 27026}, {"name": "Cayambe", "country_iso2": "EC", "state": "Pichincha", "is_capital": false, "latitude": 0.0439, "longitude": -78.1561, "population": 44559}, {"name": "Chone", "country_iso2": "EC", "state": "Manabí", "is_capital": false, "latitude": -0.6833, "longitude": -80.1, "population": 54629}, {"name": "Cotacachi", "country_iso2": "EC", "state": "Imbabura", "is_capital": false, "latitude": 0.3, "longitude": -78.2667, "population": 10526}, {"name": "Cuenca", "country_iso2": "EC", "state": "Azuay", "is_capital": true, "latitude": -2.8974, "longitude": -79.0045, "population": 361524}, {"name": "Cumandá", "country_iso2": "EC", "state": "Chimborazo", "is_capital": false, "latitude": -2.2058, "longitude": -79.1339, "population": 11442}, {"name": "Daule", "country_iso2": "EC", "state": "Guayas", "is_capital": false, "latitude": -1.8667, "longitude": -79.9833, "population": 161498}, {"name": "El Carmen", "country_iso2": "EC", "state": "Manabí", "is_capital": false, "latitude": -0.2736, "longitude": -79.4597, "population": 52366}, {"name": "Eloy Alfaro", "country_iso2": "EC", "state": "Guayas", "is_capital": false, "latitude": -2.1733, "longitude": -79.8311, "population": 295211}, {"name": "Esmeraldas", "country_iso2": "EC", "state": "Esmeraldas", "is_capital": true, "latitude": 0.9667, "longitude": -79.6528, "population": 155487}, {"name": "Guabo", "country_iso2": "EC", "state": "El Oro", "is_capital": false, "latitude": -3.2388, "longitude": -79.8292, "population": 22172}, {"name": "Gualaquiza", "country_iso2": "EC", "state": "Morona-Santiago", "is_capital": false, "latitude": -3.38, "longitude": -78.58, "population": 9157}, {"name": "Guano", "country_iso2": "EC", "state": "Chimborazo", "is_capital": false, "latitude": -1.5833, "longitude": -78.6333, "population": 9136}, {"name": "Guaranda", "country_iso2": "EC", "state": "Bolívar", "is_capital": true, "latitude": -1.6, "longitude": -79.0, "population": 30755}, {"name": "Guayaquil", "country_iso2": "EC", "state": "Guayas", "is_capital": true, "latitude": -2.19, "longitude": -79.8875, "population": 3094420}, {"name": "Huaquillas", "country_iso2": "EC", "state": "El Oro", "is_capital": false, "latitude": -3.4814, "longitude": -80.2432, "population": 56021}, {"name": "Ibarra", "country_iso2": "EC", "state": "Imbabura", "is_capital": true, "latitude": 0.3627, "longitude": -78.1307, "population": 131856}, {"name": "Jaramijó", "country_iso2": "EC", "state": "Manabí", "is_capital": false, "latitude": -0.9487, "longitude": -80.6363, "population": 28397}, {"name": "Jipijapa", "country_iso2": "EC", "state": "Manabí", "is_capital": false, "latitude": -1.3486, "longitude": -80.5786, "population": 45382}, {"name": "La Concordia", "country_iso2": "EC", "state": "Santo Domingo de los Tsáchilas", "is_capital": false, "latitude": -0.0067, "longitude": -79.3958, "population": 35474}, {"name": "La Libertad", "country_iso2": "EC", "state": "Guayas", "is_capital": false, "latitude": -2.2333, "longitude": -80.9, "population": 112154}, {"name": "La Maná", "country_iso2": "EC", "state": "Cotopaxi", "is_capital": false, "latitude": -0.93, "longitude": -79.22, "population": 31740}, {"name": "La Troncal", "country_iso2": "EC", "state": "Cañar", "is_capital": false, "latitude": -2.4, "longitude": -79.33, "population": 39600}, {"name": "Latacunga", "country_iso2": "EC", "state": "Cotopaxi", "is_capital": true, "latitude": -0.9319, "longitude": -78.6161, "population": 77267}, {"name": "Loja", "country_iso2": "EC", "state": "Loja", "is_capital": true, "latitude": -3.9833, "longitude": -79.2, "population": 203496}, {"name": "Lomas de Sargentillo", "country_iso2": "EC", "state": "Guayas", "is_capital": false, "latitude": -1.8833, "longitude": -80.0833, "population": 16603}, {"name": "Macará", "country_iso2": "EC", "state": "Loja", "is_capital": false, "latitude": -4.3833, "longitude": -79.95, "population": 12454}, {"name": "Macas", "country_iso2": "EC", "state": "Morona-Santiago", "is_capital": true, "latitude": -2.3667, "longitude": -78.1333, "population": 22398}, {"name": "Machachi", "country_iso2": "EC", "state": "Pichincha", "is_capital": false, "latitude": -0.51, "longitude": -78.57, "population": 24188}, {"name": "Machala", "country_iso2": "EC", "state": "El Oro", "is_capital": true, "latitude": -3.2667, "longitude": -79.9667, "population": 288072}, {"name": "Manta", "country_iso2": "EC", "state": "Manabí", "is_capital": false, "latitude": -0.95, "longitude": -80.7162, "population": 258697}, {"name": "Milagro", "country_iso2": "EC", "state": "Guayas", "is_capital": false, "latitude": -2.1347, "longitude": -79.5872, "population": 159970}, {"name": "Montalvo", "country_iso2": "EC", "state": "Los Ríos", "is_capital": false, "latitude": -1.79, "longitude": -79.2875, "population": 16248}, {"name": "Montecristi", "country_iso2": "EC", "state": "Manabí", "is_capital": false, "latitude": -1.05, "longitude": -80.6667, "population": 71066}, {"name": "Muisne", "country_iso2": "EC", "state": "Esmeraldas", "is_capital": false, "latitude": 0.6108, "longitude": -80.0186, "population": 5574}, {"name": "Naranjal", "country_iso2": "EC", "state": "Guayas", "is_capital": false, "latitude": -2.6736, "longitude": -79.6183, "population": 39323}, {"name": "Naranjito", "country_iso2": "EC", "state": "Guayas", "is_capital": false, "latitude": -2.1667, "longitude": -79.4653, "population": 34664}, {"name": "Nueva Loja", "country_iso2": "EC", "state": "Sucumbíos", "is_capital": true, "latitude": 0.0847, "longitude": -76.8828, "population": 55627}, {"name": "Otavalo", "country_iso2": "EC", "state": "Imbabura", "is_capital": false, "latitude": 0.2303, "longitude": -78.2625, "population": 41718}, {"name": "Palestina", "country_iso2": "EC", "state": "Guayas", "is_capital": false, "latitude": -1.6263, "longitude": -79.977, "population": 10392}, {"name": "Pasaje", "country_iso2": "EC", "state": "El Oro", "is_capital": false, "latitude": -3.3269, "longitude": -79.8049, "population": 60147}, {"name": "Pedernales", "country_iso2": "EC", "state": "Manabí", "is_capital": false, "latitude": 0.07, "longitude": -80.055, "population": 27068}, {"name": "Pedro Carbo", "country_iso2": "EC", "state": "Guayas", "is_capital": false, "latitude": -1.8179, "longitude": -80.233, "population": 24882}, {"name": "Pelileo", "country_iso2": "EC", "state": "Tungurahua", "is_capital": false, "latitude": -1.3306, "longitude": -78.5428, "population": 11403}, {"name": "Piedrahita", "country_iso2": "EC", "state": "Guayas", "is_capital": false, "latitude": -1.9167, "longitude": -80.0115, "population": 10010}, {"name": "Piñas", "country_iso2": "EC", "state": "El Oro", "is_capital": false, "latitude": -3.6806, "longitude": -79.6806, "population": 18482}, {"name": "Playas", "country_iso2": "EC", "state": "Guayas", "is_capital": false, "latitude": -2.63, "longitude": -80.39, "population": 48156}, {"name": "Portoviejo", "country_iso2": "EC", "state": "Manabí", "is_capital": true, "latitude": -1.0561, "longitude": -80.4553, "population": 244129}, {"name": "Puerto Ayora", "country_iso2": "EC", "state": "Galápagos", "is_capital": false, "latitude": -0.75, "longitude": -90.3167, "population": 12696}, {"name": "Puerto Baquerizo Moreno", "country_iso2": "EC", "state": "Galápagos", "is_capital": true, "latitude": -0.9025, "longitude": -89.6092, "population": 7290}, {"name": "Puerto Francisco de Orellana", "country_iso2": "EC", "state": "Orellana", "is_capital": true, "latitude": -0.4625, "longitude": -76.9842, "population": 51281}, {"name": "Puerto López", "country_iso2": "EC", "state": "Manabí", "is_capital": false, "latitude": -1.5589, "longitude": -80.8106, "population": 12598}, {"name": "Puerto Quito", "country_iso2": "EC", "state": "Pichincha", "is_capital": false, "latitude": 0.1272, "longitude": -79.2531, "population": 20445}, {"name": "Puerto Villamil", "country_iso2": "EC", "state": "Galápagos", "is_capital": false, "latitude": -0.9568, "longitude": -90.9672, "population": 2200}, {"name": "Pujilí", "country_iso2": "EC", "state": "Cotopaxi", "is_capital": false, "latitude": -0.95, "longitude": -78.69, "population": 16152}, {"name": "Puyo", "country_iso2": "EC", "state": "Pastaza", "is_capital": true, "latitude": -1.4861, "longitude": -78.0028, "population": 33325}, {"name": "Píllaro", "country_iso2": "EC", "state": "Tungurahua", "is_capital": false, "latitude": -1.1667, "longitude": -78.5333, "population": 9816}, {"name": "Quevedo", "country_iso2": "EC", "state": "Los Ríos", "is_capital": false, "latitude": -1.0333, "longitude": -79.45, "population": 177792}, {"name": "Quito", "country_iso2": "EC", "state": "Pichincha", "is_capital": true, "latitude": -0.22, "longitude": -78.5125, "population": 1763275}, {"name": "Ricaurte", "country_iso2": "EC", "state": "Azuay", "is_capital": false, "latitude": -2.8667, "longitude": -78.9333, "population": 14006}, {"name": "Riobamba", "country_iso2": "EC", "state": "Chimborazo", "is_capital": true, "latitude": -1.6731, "longitude": -78.6483, "population": 177213}, {"name": "Rocafuerte", "country_iso2": "EC", "state": "Manabí", "is_capital": false, "latitude": -0.9236, "longitude": -80.4495, "population": 10574}, {"name": "Rosa Zarate", "country_iso2": "EC", "state": "Esmeraldas", "is_capital": false, "latitude": 0.33, "longitude": -79.48, "population": 31120}, {"name": "Salinas", "country_iso2": "EC", "state": "Guayas", "is_capital": false, "latitude": -2.2167, "longitude": -80.9501, "population": 35066}, {"name": "Samborondón", "country_iso2": "EC", "state": "Guayas", "is_capital": false, "latitude": -2.1833, "longitude": -79.8833, "population": 72425}, {"name": "San Antonio de Ibarra", "country_iso2": "EC", "state": "Imbabura", "is_capital": false, "latitude": 0.3627, "longitude": -78.1307, "population": 17500}, {"name": "San Gabriel", "country_iso2": "EC", "state": "Carchi", "is_capital": false, "latitude": 0.5983, "longitude": -77.8353, "population": 14497}, {"name": "San Jacinto de Buena Fe", "country_iso2": "EC", "state": "Los Ríos", "is_capital": false, "latitude": -0.8986, "longitude": -79.4889, "population": 46779}, {"name": "San Lorenzo de Esmeraldas", "country_iso2": "EC", "state": "Esmeraldas", "is_capital": false, "latitude": 1.2864, "longitude": -78.8353, "population": 28491}, {"name": "San Miguel", "country_iso2": "EC", "state": "Bolívar", "is_capital": false, "latitude": -1.7, "longitude": -79.0333, "population": 8806}, {"name": "San Miguel de Salcedo", "country_iso2": "EC", "state": "Cotopaxi", "is_capital": false, "latitude": -1.05, "longitude": -78.5833, "population": 16751}, {"name": "San Vicente", "country_iso2": "EC", "state": "Manabí", "is_capital": false, "latitude": -0.591, "longitude": -80.4094, "population": 10404}, {"name": "San Vicente", "country_iso2": "EC", "state": "Bolívar", "is_capital": false, "latitude": -1.9082, "longitude": -79.2486, "population": 9819}, {"name": "Sangolquí", "country_iso2": "EC", "state": "Pichincha", "is_capital": false, "latitude": -0.3344, "longitude": -78.4475, "population": 96647}, {"name": "Santa Cruz", "country_iso2": "EC", "state": "Galápagos", "is_capital": false, "latitude": -0.5333, "longitude": -90.35, "population": 11262}, {"name": "Santa Elena", "country_iso2": "EC", "state": "Santa Elena", "is_capital": true, "latitude": -2.2267, "longitude": -80.8583, "population": 54565}, {"name": "Santa Rosa", "country_iso2": "EC", "state": "El Oro", "is_capital": false, "latitude": -3.4522, "longitude": -79.9617, "population": 56842}, {"name": "Santo Domingo de los Colorados", "country_iso2": "EC", "state": "Santo Domingo de los Tsáchilas", "is_capital": true, "latitude": -0.2542, "longitude": -79.1719, "population": 334826}, {"name": "Simón Bolívar", "country_iso2": "EC", "state": "Guayas", "is_capital": false, "latitude": -2.0025, "longitude": -79.4856, "population": 8696}, {"name": "Sinincay", "country_iso2": "EC", "state": "Azuay", "is_capital": false, "latitude": -2.8333, "longitude": -79.0, "population": 12650}, {"name": "Sucúa", "country_iso2": "EC", "state": "Morona-Santiago", "is_capital": false, "latitude": -2.46, "longitude": -78.17, "population": 10846}, {"name": "Tena", "country_iso2": "EC", "state": "Napo", "is_capital": true, "latitude": -0.989, "longitude": -77.8159, "population": 29724}, {"name": "Tosagua", "country_iso2": "EC", "state": "Manabí", "is_capital": false, "latitude": -0.78, "longitude": -80.26, "population": 11317}, {"name": "Tulcán", "country_iso2": "EC", "state": "Carchi", "is_capital": true, "latitude": 0.8117, "longitude": -77.7186, "population": 56719}, {"name": "Valdez", "country_iso2": "EC", "state": "Esmeraldas", "is_capital": false, "latitude": 1.25, "longitude": -79.0, "population": 4956}, {"name": "Valencia", "country_iso2": "EC", "state": "Los Ríos", "is_capital": false, "latitude": -0.9525, "longitude": -79.3531, "population": 22996}, {"name": "Valle", "country_iso2": "EC", "state": "Azuay", "is_capital": false, "latitude": -2.95, "longitude": -78.9833, "population": 18692}, {"name": "Velasco Ibarra", "country_iso2": "EC", "state": "Guayas", "is_capital": false, "latitude": -1.0439, "longitude": -79.6383, "population": 41778}, {"name": "Ventanas", "country_iso2": "EC", "state": "Los Ríos", "is_capital": false, "latitude": -1.45, "longitude": -79.47, "population": 41531}, {"name": "Vinces", "country_iso2": "EC", "state": "Los Ríos", "is_capital": false, "latitude": -1.55, "longitude": -79.7333, "population": 35064}, {"name": "Yaguachi Nuevo", "country_iso2": "EC", "state": "Guayas", "is_capital": false, "latitude": -2.12, "longitude": -79.69, "population": 22972}, {"name": "Yantzaza", "country_iso2": "EC", "state": "Zamora-Chinchipe", "is_capital": false, "latitude": -3.85, "longitude": -78.75, "population": 13335}, {"name": "Yaupi", "country_iso2": "EC", "state": "Morona-Santiago", "is_capital": false, "latitude": -2.8379, "longitude": -77.9357, "population": 293}, {"name": "Zamora", "country_iso2": "EC", "state": "Zamora-Chinchipe", "is_capital": true, "latitude": -4.0692, "longitude": -78.9567, "population": 17584}, {"name": "Zaruma", "country_iso2": "EC", "state": "El Oro", "is_capital": false, "latitude": -3.6833, "longitude": -79.6, "population": 10005}, {"name": "Zumbagua", "country_iso2": "EC", "state": "Cotopaxi", "is_capital": false, "latitude": -0.9558, "longitude": -78.9017, "population": 11895}]