[{"name": "Alajärvi", "country_iso2": "FI", "state": "Etelä-Pohjanmaa", "is_capital": false, "latitude": 63.0, "longitude": 23.8167, "population": 9113}, {"name": "Alavus", "country_iso2": "FI", "state": "Etelä-Pohjanmaa", "is_capital": false, "latitude": 62.5917, "longitude": 23.6167, "population": 10933}, {"name": "Espoo", "country_iso2": "FI", "state": "Uusimaa", "is_capital": false, "latitude": 60.2056, "longitude": 24.6556, "population": 314821}, {"name": "Eura", "country_iso2": "FI", "state": "Satakunta", "is_capital": false, "latitude": 61.1333, "longitude": 22.1333, "population": 11184}, {"name": "Eurajoki", "country_iso2": "FI", "state": "Satakunta", "is_capital": false, "latitude": 61.2, "longitude": 21.7333, "population": 9143}, {"name": "Forssa", "country_iso2": "FI", "state": "Kanta-Häme", "is_capital": false, "latitude": 60.8167, "longitude": 23.625, "population": 16469}, {"name": "Halikko", "country_iso2": "FI", "state": "Varsinais-Suomi", "is_capital": false, "latitude": 60.3972, "longitude": 23.0778, "population": 8879}, {"name": "Hamina", "country_iso2": "FI", "state": "Kymenlaakso", "is_capital": false, "latitude": 60.5667, "longitude": 27.2, "population": 19534}, {"name": "Haukipudas", "country_iso2": "FI", "state": "Pohjois-Pohjanmaa", "is_capital": false, "latitude": 65.1833, "longitude": 25.35, "population": 18994}, {"name": "Heinola", "country_iso2": "FI", "state": "Päijät-Häme", "is_capital": false, "latitude": 61.2, "longitude": 26.0333, "population": 17953}, {"name": "Helsinki", "country_iso2": "FI", "state": "Uusimaa", "is_capital": true, "latitude": 60.1708, "longitude": 24.9375, "population": 1360075}, {"name": "Hollola", "country_iso2": "FI", "state": "Päijät-Häme", "is_capital": false, "latitude": 60.9867, "longitude": 25.5167, "population": 22885}, {"name": "Huittinen", "country_iso2": "FI", "state": "Satakunta", "is_capital": false, "latitude": 61.175, "longitude": 22.7, "population": 9646}, {"name": "Hyvinkää", "country_iso2": "FI", "state": "Uusimaa", "is_capital": false, "latitude": 60.6333, "longitude": 24.85, "population": 46925}, {"name": "Hämeenkyrö", "country_iso2": "FI", "state": "Pirkanmaa", "is_capital": false, "latitude": 61.6333, "longitude": 23.2, "population": 10319}, {"name": "Hämeenlinna", "country_iso2": "FI", "state": "Kanta-Häme", "is_capital": true, "latitude": 60.9944, "longitude": 24.4667, "population": 68288}, {"name": "Ii", "country_iso2": "FI", "state": "Pohjois-Pohjanmaa", "is_capital": false, "latitude": 65.3167, "longitude": 25.3667, "population": 9766}, {"name": "Iisalmi", "country_iso2": "FI", "state": "Pohjois-Savo", "is_capital": false, "latitude": 63.5567, "longitude": 27.1883, "population": 20618}, {"name": "Ilmajoki", "country_iso2": "FI", "state": "Etelä-Pohjanmaa", "is_capital": false, "latitude": 62.7333, "longitude": 22.5833, "population": 12369}, {"name": "Imatra", "country_iso2": "FI", "state": "Etelä-Karjala", "is_capital": false, "latitude": 61.1833, "longitude": 28.7667, "population": 24919}, {"name": "Jakobstad", "country_iso2": "FI", "state": "Pohjanmaa", "is_capital": false, "latitude": 63.6667, "longitude": 22.7, "population": 19475}, {"name": "Janakkala", "country_iso2": "FI", "state": "Kanta-Häme", "is_capital": false, "latitude": 60.9167, "longitude": 24.65, "population": 16123}, {"name": "Joensuu", "country_iso2": "FI", "state": "Pohjois-Karjala", "is_capital": true, "latitude": 62.6, "longitude": 29.75, "population": 78175}, {"name": "Joutseno", "country_iso2": "FI", "state": "Etelä-Karjala", "is_capital": false, "latitude": 61.123, "longitude": 28.5015, "population": 10659}, {"name": "Jyväskylä", "country_iso2": "FI", "state": "Keski-Suomi", "is_capital": true, "latitude": 62.2417, "longitude": 25.7417, "population": 147856}, {"name": "Jyväskylän Maalaiskunta", "country_iso2": "FI", "state": "Keski-Suomi", "is_capital": false, "latitude": 62.2889, "longitude": 25.7417, "population": 31870}, {"name": "Jämsä", "country_iso2": "FI", "state": "Keski-Suomi", "is_capital": false, "latitude": 61.8667, "longitude": 25.1833, "population": 19182}, {"name": "Järvenpää", "country_iso2": "FI", "state": "Uusimaa", "is_capital": false, "latitude": 60.475, "longitude": 25.0917, "population": 46490}, {"name": "Kaarina", "country_iso2": "FI", "state": "Varsinais-Suomi", "is_capital": false, "latitude": 60.4, "longitude": 22.3667, "population": 36389}, {"name": "Kajaani", "country_iso2": "FI", "state": "Kainuu", "is_capital": true, "latitude": 64.2311, "longitude": 27.7194, "population": 36513}, {"name": "Kalajoki", "country_iso2": "FI", "state": "Pohjois-Pohjanmaa", "is_capital": false, "latitude": 64.2667, "longitude": 23.95, "population": 12372}, {"name": "Kangasala", "country_iso2": "FI", "state": "Pirkanmaa", "is_capital": false, "latitude": 61.4667, "longitude": 24.0667, "population": 33601}, {"name": "Kankaanpää", "country_iso2": "FI", "state": "Satakunta", "is_capital": false, "latitude": 61.8, "longitude": 22.4, "population": 12394}, {"name": "Karis", "country_iso2": "FI", "state": "Uusimaa", "is_capital": false, "latitude": 60.0708, "longitude": 23.6625, "population": 9155}, {"name": "Karkkila", "country_iso2": "FI", "state": "Uusimaa", "is_capital": false, "latitude": 60.5333, "longitude": 24.2167, "population": 8581}, {"name": "Kauhajoki", "country_iso2": "FI", "state": "Etelä-Pohjanmaa", "is_capital": false, "latitude": 62.4319, "longitude": 22.1794, "population": 12618}, {"name": "Kauhava", "country_iso2": "FI", "state": "Etelä-Pohjanmaa", "is_capital": false, "latitude": 63.1, "longitude": 23.0667, "population": 15165}, {"name": "Kauniainen", "country_iso2": "FI", "state": "Uusimaa", "is_capital": false, "latitude": 60.2167, "longitude": 24.7333, "population": 10270}, {"name": "Kemi", "country_iso2": "FI", "state": "Lappi", "is_capital": false, "latitude": 65.7361, "longitude": 24.5636, "population": 19371}, {"name": "Kemijärvi", "country_iso2": "FI", "state": "Lappi", "is_capital": false, "latitude": 66.7167, "longitude": 27.4333, "population": 7030}, {"name": "Kempele", "country_iso2": "FI", "state": "Pohjois-Pohjanmaa", "is_capital": false, "latitude": 64.9125, "longitude": 25.5083, "population": 19514}, {"name": "Kerava", "country_iso2": "FI", "state": "Uusimaa", "is_capital": false, "latitude": 60.4, "longitude": 25.1, "population": 38211}, {"name": "Keuruu", "country_iso2": "FI", "state": "Keski-Suomi", "is_capital": false, "latitude": 62.2583, "longitude": 24.7083, "population": 9184}, {"name": "Kiiminki", "country_iso2": "FI", "state": "Pohjois-Pohjanmaa", "is_capital": false, "latitude": 65.1333, "longitude": 25.775, "population": 13320}, {"name": "Kirkkonummi", "country_iso2": "FI", "state": "Uusimaa", "is_capital": false, "latitude": 60.1167, "longitude": 24.4333, "population": 41154}, {"name": "Kitee", "country_iso2": "FI", "state": "Pohjois-Karjala", "is_capital": false, "latitude": 62.1, "longitude": 30.1333, "population": 9689}, {"name": "Kivistö", "country_iso2": "FI", "state": "Uusimaa", "is_capital": false, "latitude": 60.3236, "longitude": 24.8453, "population": 10665}, {"name": "Klaukkala", "country_iso2": "FI", "state": "Uusimaa", "is_capital": false, "latitude": 60.382, "longitude": 24.7492, "population": 21019}, {"name": "Kokkola", "country_iso2": "FI", "state": "Keski-Pohjanmaa", "is_capital": true, "latitude": 63.8367, "longitude": 23.1333, "population": 48299}, {"name": "Kontiolahti", "country_iso2": "FI", "state": "Pohjois-Karjala", "is_capital": false, "latitude": 62.7667, "longitude": 29.85, "population": 15136}, {"name": "Korsholm", "country_iso2": "FI", "state": "Pohjanmaa", "is_capital": false, "latitude": 63.1125, "longitude": 21.6778, "population": 19763}, {"name": "Kotka", "country_iso2": "FI", "state": "Kymenlaakso", "is_capital": false, "latitude": 60.4667, "longitude": 26.9417, "population": 50477}, {"name": "Kouvola", "country_iso2": "FI", "state": "Kymenlaakso", "is_capital": true, "latitude": 60.8681, "longitude": 26.7042, "population": 78824}, {"name": "Kuopio", "country_iso2": "FI", "state": "Pohjois-Savo", "is_capital": true, "latitude": 62.8925, "longitude": 27.6783, "population": 124131}, {"name": "Kurikka", "country_iso2": "FI", "state": "Etelä-Pohjanmaa", "is_capital": false, "latitude": 62.6167, "longitude": 22.4, "population": 19759}, {"name": "Kuusamo", "country_iso2": "FI", "state": "Pohjois-Pohjanmaa", "is_capital": false, "latitude": 65.9667, "longitude": 29.1833, "population": 15019}, {"name": "Kuusankoski", "country_iso2": "FI", "state": "Kymenlaakso", "is_capital": false, "latitude": 60.9083, "longitude": 26.6236, "population": 19831}, {"name": "Lahti", "country_iso2": "FI", "state": "Päijät-Häme", "is_capital": true, "latitude": 60.9833, "longitude": 25.65, "population": 120809}, {"name": "Lapinlahti", "country_iso2": "FI", "state": "Pohjois-Savo", "is_capital": false, "latitude": 63.3667, "longitude": 27.3833, "population": 8975}, {"name": "Lappeenranta", "country_iso2": "FI", "state": "Etelä-Karjala", "is_capital": true, "latitude": 61.0667, "longitude": 28.1833, "population": 72959}, {"name": "Lapua", "country_iso2": "FI", "state": "Etelä-Pohjanmaa", "is_capital": false, "latitude": 62.97, "longitude": 23.0083, "population": 14024}, {"name": "Laukaa", "country_iso2": "FI", "state": "Keski-Suomi", "is_capital": false, "latitude": 62.4167, "longitude": 25.95, "population": 18762}, {"name": "Lempäälä", "country_iso2": "FI", "state": "Pirkanmaa", "is_capital": false, "latitude": 61.3167, "longitude": 23.75, "population": 24711}, {"name": "Leppävirta", "country_iso2": "FI", "state": "Pohjois-Savo", "is_capital": false, "latitude": 62.5, "longitude": 27.7833, "population": 9049}, {"name": "Lieksa", "country_iso2": "FI", "state": "Pohjois-Karjala", "is_capital": false, "latitude": 63.3167, "longitude": 30.0167, "population": 10228}, {"name": "Lieto", "country_iso2": "FI", "state": "Varsinais-Suomi", "is_capital": false, "latitude": 60.505, "longitude": 22.4583, "population": 20637}, {"name": "Liminka", "country_iso2": "FI", "state": "Pohjois-Pohjanmaa", "is_capital": false, "latitude": 64.8083, "longitude": 25.4167, "population": 10256}, {"name": "Liperi", "country_iso2": "FI", "state": "Pohjois-Karjala", "is_capital": false, "latitude": 62.5333, "longitude": 29.3833, "population": 11969}, {"name": "Lohja", "country_iso2": "FI", "state": "Uusimaa", "is_capital": false, "latitude": 60.25, "longitude": 24.0667, "population": 45645}, {"name": "Loimaa", "country_iso2": "FI", "state": "Varsinais-Suomi", "is_capital": false, "latitude": 60.85, "longitude": 23.0583, "population": 15423}, {"name": "Loviisa", "country_iso2": "FI", "state": "Uusimaa", "is_capital": false, "latitude": 60.4583, "longitude": 26.2333, "population": 14557}, {"name": "Mariehamn", "country_iso2": "FI", "state": "Åland", "is_capital": true, "latitude": 60.1, "longitude": 19.9333, "population": 11812}, {"name": "Masku", "country_iso2": "FI", "state": "Varsinais-Suomi", "is_capital": false, "latitude": 60.5667, "longitude": 22.1, "population": 9619}, {"name": "Mikkeli", "country_iso2": "FI", "state": "Etelä-Savo", "is_capital": true, "latitude": 61.689, "longitude": 27.272, "population": 51919}, {"name": "Mikkelin Maalaiskunta", "country_iso2": "FI", "state": "Etelä-Savo", "is_capital": false, "latitude": 61.6776, "longitude": 27.2021, "population": 11988}, {"name": "Muhos", "country_iso2": "FI", "state": "Pohjois-Pohjanmaa", "is_capital": false, "latitude": 64.8, "longitude": 26.0, "population": 8827}, {"name": "Muurame", "country_iso2": "FI", "state": "Keski-Suomi", "is_capital": false, "latitude": 62.1333, "longitude": 25.675, "population": 10551}, {"name": "Mäntsälä", "country_iso2": "FI", "state": "Uusimaa", "is_capital": false, "latitude": 60.6361, "longitude": 25.3194, "population": 20957}, {"name": "Naantali", "country_iso2": "FI", "state": "Varsinais-Suomi", "is_capital": false, "latitude": 60.4667, "longitude": 22.0333, "population": 19999}, {"name": "Nastola", "country_iso2": "FI", "state": "Päijät-Häme", "is_capital": false, "latitude": 60.95, "longitude": 25.9333, "population": 14890}, {"name": "Nivala", "country_iso2": "FI", "state": "Pohjois-Pohjanmaa", "is_capital": false, "latitude": 63.925, "longitude": 24.975, "population": 10454}, {"name": "Nokia", "country_iso2": "FI", "state": "Pirkanmaa", "is_capital": false, "latitude": 61.4767, "longitude": 23.5053, "population": 35730}, {"name": "Nurmes", "country_iso2": "FI", "state": "Pohjois-Karjala", "is_capital": false, "latitude": 63.545, "longitude": 29.1333, "population": 9130}, {"name": "Nurmijärvi", "country_iso2": "FI", "state": "Uusimaa", "is_capital": false, "latitude": 60.4667, "longitude": 24.8083, "population": 44833}, {"name": "Nurmo", "country_iso2": "FI", "state": "Etelä-Pohjanmaa", "is_capital": false, "latitude": 62.8278, "longitude": 22.9083, "population": 10785}, {"name": "Närpes", "country_iso2": "FI", "state": "Pohjanmaa", "is_capital": false, "latitude": 62.4667, "longitude": 21.3333, "population": 9621}, {"name": "Orimattila", "country_iso2": "FI", "state": "Päijät-Häme", "is_capital": false, "latitude": 60.8042, "longitude": 25.7333, "population": 15669}, {"name": "Orivesi", "country_iso2": "FI", "state": "Pirkanmaa", "is_capital": false, "latitude": 61.675, "longitude": 24.3583, "population": 8842}, {"name": "Oulu", "country_iso2": "FI", "state": "Pohjois-Pohjanmaa", "is_capital": true, "latitude": 65.0142, "longitude": 25.4719, "population": 214814}, {"name": "Oulunsalo", "country_iso2": "FI", "state": "Pohjois-Pohjanmaa", "is_capital": false, "latitude": 64.9333, "longitude": 25.4167, "population": 9771}, {"name": "Paimio", "country_iso2": "FI", "state": "Varsinais-Suomi", "is_capital": false, "latitude": 60.45, "longitude": 22.7, "population": 11236}, {"name": "Pargas", "country_iso2": "FI", "state": "Varsinais-Suomi", "is_capital": false, "latitude": 60.3, "longitude": 22.3, "population": 12266}, {"name": "Pedersöre", "country_iso2": "FI", "state": "Pohjanmaa", "is_capital": false, "latitude": 63.6642, "longitude": 22.7006, "population": 11225}, {"name": "Pieksämäki", "country_iso2": "FI", "state": "Etelä-Savo", "is_capital": false, "latitude": 62.3003, "longitude": 27.1642, "population": 17050}, {"name": "Pielisjärvi", "country_iso2": "FI", "state": "Pohjois-Karjala", "is_capital": false, "latitude": 63.3, "longitude": 30.05, "population": 16150}, {"name": "Pirkkala", "country_iso2": "FI", "state": "Pirkanmaa", "is_capital": false, "latitude": 61.4667, "longitude": 23.65, "population": 20763}, {"name": "Pori", "country_iso2": "FI", "state": "Satakunta", "is_capital": true, "latitude": 61.4833, "longitude": 21.8, "population": 84026}, {"name": "Porvoo", "country_iso2": "FI", "state": "Uusimaa", "is_capital": false, "latitude": 60.3944, "longitude": 25.6639, "population": 51464}, {"name": "Raahe", "country_iso2": "FI", "state": "Pohjois-Pohjanmaa", "is_capital": false, "latitude": 64.6833, "longitude": 24.4667, "population": 23797}, {"name": "Raisio", "country_iso2": "FI", "state": "Varsinais-Suomi", "is_capital": false, "latitude": 60.4858, "longitude": 22.1692, "population": 25331}, {"name": "Raseborg", "country_iso2": "FI", "state": "Uusimaa", "is_capital": false, "latitude": 59.975, "longitude": 23.4333, "population": 27209}, {"name": "Rauma", "country_iso2": "FI", "state": "Satakunta", "is_capital": false, "latitude": 61.1333, "longitude": 21.5, "population": 38832}, {"name": "Riihimäki", "country_iso2": "FI", "state": "Kanta-Häme", "is_capital": false, "latitude": 60.7333, "longitude": 24.7667, "population": 28483}, {"name": "Rovaniemi", "country_iso2": "FI", "state": "Lappi", "is_capital": true, "latitude": 66.5, "longitude": 25.7333, "population": 65329}, {"name": "Saarijärvi", "country_iso2": "FI", "state": "Keski-Suomi", "is_capital": false, "latitude": 62.705, "longitude": 25.2583, "population": 8847}, {"name": "Salo", "country_iso2": "FI", "state": "Varsinais-Suomi", "is_capital": false, "latitude": 60.3861, "longitude": 23.125, "population": 51056}, {"name": "Sastamala", "country_iso2": "FI", "state": "Pirkanmaa", "is_capital": false, "latitude": 61.3417, "longitude": 22.9083, "population": 23515}, {"name": "Savonlinna", "country_iso2": "FI", "state": "Etelä-Savo", "is_capital": false, "latitude": 61.8681, "longitude": 28.8861, "population": 31842}, {"name": "Seinäjoki", "country_iso2": "FI", "state": "Etelä-Pohjanmaa", "is_capital": true, "latitude": 62.7917, "longitude": 22.8417, "population": 66271}, {"name": "Siilinjärvi", "country_iso2": "FI", "state": "Pohjois-Savo", "is_capital": false, "latitude": 63.075, "longitude": 27.66, "population": 21290}, {"name": "Sipoo", "country_iso2": "FI", "state": "Uusimaa", "is_capital": false, "latitude": 60.375, "longitude": 25.2667, "population": 22595}, {"name": "Sippola", "country_iso2": "FI", "state": "Kymenlaakso", "is_capital": false, "latitude": 60.7392, "longitude": 27.0003, "population": 15278}, {"name": "Sodankylä", "country_iso2": "FI", "state": "Lappi", "is_capital": false, "latitude": 67.4167, "longitude": 26.5833, "population": 8126}, {"name": "Sotkamo", "country_iso2": "FI", "state": "Kainuu", "is_capital": false, "latitude": 64.1333, "longitude": 28.3833, "population": 10274}, {"name": "Sääminki", "country_iso2": "FI", "state": "Etelä-Savo", "is_capital": false, "latitude": 61.8675, "longitude": 28.8786, "population": 11710}, {"name": "Tampere", "country_iso2": "FI", "state": "Pirkanmaa", "is_capital": true, "latitude": 61.4981, "longitude": 23.76, "population": 334112}, {"name": "Tornio", "country_iso2": "FI", "state": "Lappi", "is_capital": false, "latitude": 65.85, "longitude": 24.15, "population": 21018}, {"name": "Turku", "country_iso2": "FI", "state": "Varsinais-Suomi", "is_capital": true, "latitude": 60.4517, "longitude": 22.2669, "population": 202250}, {"name": "Tuusula", "country_iso2": "FI", "state": "Uusimaa", "is_capital": false, "latitude": 60.4333, "longitude": 25.05, "population": 41475}, {"name": "Ulvila", "country_iso2": "FI", "state": "Satakunta", "is_capital": false, "latitude": 61.4325, "longitude": 21.8825, "population": 12533}, {"name": "Uusikaupunki", "country_iso2": "FI", "state": "Varsinais-Suomi", "is_capital": false, "latitude": 60.8, "longitude": 21.4167, "population": 14938}, {"name": "Vaasa", "country_iso2": "FI", "state": "Pohjanmaa", "is_capital": true, "latitude": 63.1, "longitude": 21.6167, "population": 69036}, {"name": "Valkeakoski", "country_iso2": "FI", "state": "Pirkanmaa", "is_capital": false, "latitude": 61.2667, "longitude": 24.0333, "population": 20694}, {"name": "Valkeala", "country_iso2": "FI", "state": "Kymenlaakso", "is_capital": false, "latitude": 60.9389, "longitude": 26.7972, "population": 11195}, {"name": "Vammala", "country_iso2": "FI", "state": "Pirkanmaa", "is_capital": false, "latitude": 61.3417, "longitude": 22.9083, "population": 16692}, {"name": "Vantaa", "country_iso2": "FI", "state": "Uusimaa", "is_capital": false, "latitude": 60.2944, "longitude": 25.0403, "population": 248199}, {"name": "Varkaus", "country_iso2": "FI", "state": "Pohjois-Savo", "is_capital": false, "latitude": 62.3167, "longitude": 27.8917, "population": 19727}, {"name": "Vehkalahti", "country_iso2": "FI", "state": "Kymenlaakso", "is_capital": false, "latitude": 60.5756, "longitude": 27.1439, "population": 11922}, {"name": "Vihti", "country_iso2": "FI", "state": "Uusimaa", "is_capital": false, "latitude": 60.4167, "longitude": 24.3167, "population": 28811}, {"name": "Ylivieska", "country_iso2": "FI", "state": "Pohjois-Pohjanmaa", "is_capital": false, "latitude": 64.075, "longitude": 24.5333, "population": 15369}, {"name": "Ylöjärvi", "country_iso2": "FI", "state": "Pirkanmaa", "is_capital": false, "latitude": 61.55, "longitude": 23.5833, "population": 33653}, {"name": "Äänekoski", "country_iso2": "FI", "state": "Keski-Suomi", "is_capital": false, "latitude": 62.6, "longitude": 25.725, "population": 17971}]