[{"name": "Azacualpa", "country_iso2": "HN", "state": "Santa Bárbara", "is_capital": false, "latitude": 14.7167, "longitude": -88.1, "population": 25920}, {"name": "Azacualpa", "country_iso2": "HN", "state": "Santa Bárbara", "is_capital": false, "latitude": 15.3441, "longitude": -88.5515, "population": 20210}, {"name": "Bonito Oriental", "country_iso2": "HN", "state": "Colón", "is_capital": false, "latitude": 15.7476, "longitude": -85.7314, "population": 28427}, {"name": "Brus Laguna", "country_iso2": "HN", "state": "Gracias a Dios", "is_capital": false, "latitude": 15.7711, "longitude": -84.5395, "population": 12720}, {"name": "Campamento", "country_iso2": "HN", "state": "Olancho", "is_capital": false, "latitude": 14.5514, "longitude": -86.6646, "population": 19832}, {"name": "Catacamas", "country_iso2": "HN", "state": "Olancho", "is_capital": false, "latitude": 14.8484, "longitude": -85.8936, "population": 117493}, {"name": "Cedros", "country_iso2": "HN", "state": "Francisco Morazán", "is_capital": false, "latitude": 14.5956, "longitude": -87.1186, "population": 24305}, {"name": "Choloma", "country_iso2": "HN", "state": "Cortés", "is_capital": false, "latitude": 15.6127, "longitude": -87.9507, "population": 227535}, {"name": "Ciudad Choluteca", "country_iso2": "HN", "state": "Choluteca", "is_capital": true, "latitude": 13.3014, "longitude": -87.1842, "population": 152519}, {"name": "Cofradía", "country_iso2": "HN", "state": "Cortés", "is_capital": false, "latitude": 15.4168, "longitude": -88.1603, "population": 18100}, {"name": "Comayagua", "country_iso2": "HN", "state": "Comayagua", "is_capital": true, "latitude": 14.4528, "longitude": -87.6379, "population": 144785}, {"name": "Comayagüela", "country_iso2": "HN", "state": "Francisco Morazán", "is_capital": false, "latitude": 14.098, "longitude": -87.21, "population": 1250000}, {"name": "Copán", "country_iso2": "HN", "state": "Copán", "is_capital": false, "latitude": 14.8333, "longitude": -89.15, "population": 41542}, {"name": "Danlí", "country_iso2": "HN", "state": "El Paraíso", "is_capital": false, "latitude": 14.0324, "longitude": -86.5683, "population": 88722}, {"name": "El Paraíso", "country_iso2": "HN", "state": "Copán", "is_capital": false, "latitude": 15.0253, "longitude": -88.9831, "population": 19882}, {"name": "El Progreso", "country_iso2": "HN", "state": "Yoro", "is_capital": false, "latitude": 15.4009, "longitude": -87.812, "population": 188366}, {"name": "Gracias", "country_iso2": "HN", "state": "Lempira", "is_capital": true, "latitude": 14.589, "longitude": -88.5814, "population": 47622}, {"name": "Guaimaca", "country_iso2": "HN", "state": "Francisco Morazán", "is_capital": false, "latitude": 14.5488, "longitude": -86.8277, "population": 28076}, {"name": "Guajiquiro", "country_iso2": "HN", "state": "La Paz", "is_capital": false, "latitude": 14.1209, "longitude": -87.8303, "population": 14616}, {"name": "Gualcince", "country_iso2": "HN", "state": "Lempira", "is_capital": false, "latitude": 14.1237, "longitude": -88.5428, "population": 11295}, {"name": "Intibucá", "country_iso2": "HN", "state": "Intibucá", "is_capital": false, "latitude": 14.3121, "longitude": -88.1781, "population": 56017}, {"name": "Iriona", "country_iso2": "HN", "state": "Colón", "is_capital": false, "latitude": 15.9691, "longitude": -85.0933, "population": 20730}, {"name": "Juticalpa", "country_iso2": "HN", "state": "Olancho", "is_capital": true, "latitude": 14.6672, "longitude": -86.2196, "population": 124828}, {"name": "La Ceiba", "country_iso2": "HN", "state": "Atlántida", "is_capital": true, "latitude": 15.7833, "longitude": -86.7918, "population": 197267}, {"name": "La Entrada", "country_iso2": "HN", "state": "Copán", "is_capital": false, "latitude": 15.0638, "longitude": -88.7464, "population": 13949}, {"name": "La Esperanza", "country_iso2": "HN", "state": "Intibucá", "is_capital": true, "latitude": 14.3081, "longitude": -88.1768, "population": 11631}, {"name": "La Jigua", "country_iso2": "HN", "state": "Copán", "is_capital": false, "latitude": 15.0427, "longitude": -88.7974, "population": 9288}, {"name": "La Lima", "country_iso2": "HN", "state": "Cortés", "is_capital": false, "latitude": 15.4402, "longitude": -87.9278, "population": 71910}, {"name": "La Paz", "country_iso2": "HN", "state": "La Paz", "is_capital": true, "latitude": 14.3234, "longitude": -87.6832, "population": 43980}, {"name": "Marale", "country_iso2": "HN", "state": "Francisco Morazán", "is_capital": false, "latitude": 14.8833, "longitude": -87.15, "population": 9170}, {"name": "Nacaome", "country_iso2": "HN", "state": "Valle", "is_capital": true, "latitude": 13.5325, "longitude": -87.4881, "population": 57345}, {"name": "Nueva Ocotepeque", "country_iso2": "HN", "state": "Ocotepeque", "is_capital": true, "latitude": 14.4355, "longitude": -89.1845, "population": 8780}, {"name": "Olanchito", "country_iso2": "HN", "state": "Yoro", "is_capital": false, "latitude": 15.4836, "longitude": -86.5725, "population": 104609}, {"name": "Potrerillos", "country_iso2": "HN", "state": "Cortés", "is_capital": false, "latitude": 15.2333, "longitude": -87.9667, "population": 26954}, {"name": "Puerto Cortés", "country_iso2": "HN", "state": "Cortés", "is_capital": false, "latitude": 15.8833, "longitude": -87.95, "population": 122426}, {"name": "Puerto Lempira", "country_iso2": "HN", "state": "Gracias a Dios", "is_capital": true, "latitude": 15.2664, "longitude": -83.7725, "population": 47528}, {"name": "Roatán", "country_iso2": "HN", "state": "Islas de la Bahía", "is_capital": true, "latitude": 16.33, "longitude": -86.519, "population": 5070}, {"name": "San Francisco", "country_iso2": "HN", "state": "Atlántida", "is_capital": false, "latitude": 15.6715, "longitude": -87.0394, "population": 14559}, {"name": "San Francisco", "country_iso2": "HN", "state": "Lempira", "is_capital": false, "latitude": 14.1156, "longitude": -88.3707, "population": 9017}, {"name": "San Ignacio", "country_iso2": "HN", "state": "Francisco Morazán", "is_capital": false, "latitude": 14.6574, "longitude": -87.0367, "population": 8796}, {"name": "San Juan", "country_iso2": "HN", "state": "Intibucá", "is_capital": false, "latitude": 14.4067, "longitude": -88.4234, "population": 13405}, {"name": "San Lorenzo", "country_iso2": "HN", "state": "Valle", "is_capital": false, "latitude": 13.4213, "longitude": -87.4487, "population": 41297}, {"name": "San Manuel", "country_iso2": "HN", "state": "Cortés", "is_capital": false, "latitude": 15.3318, "longitude": -87.9194, "population": 53083}, {"name": "San Marcos", "country_iso2": "HN", "state": "Ocotepeque", "is_capital": false, "latitude": 14.4093, "longitude": -88.9545, "population": 19978}, {"name": "San Pedro Sula", "country_iso2": "HN", "state": "Cortés", "is_capital": true, "latitude": 15.5062, "longitude": -88.0249, "population": 719064}, {"name": "San Rafael", "country_iso2": "HN", "state": "Lempira", "is_capital": false, "latitude": 14.728, "longitude": -88.4184, "population": 13410}, {"name": "Santa Ana", "country_iso2": "HN", "state": "Francisco Morazán", "is_capital": false, "latitude": 13.9296, "longitude": -87.2733, "population": 16009}, {"name": "Santa Ana", "country_iso2": "HN", "state": "La Paz", "is_capital": false, "latitude": 14.0643, "longitude": -87.9534, "population": 11777}, {"name": "Santa Bárbara", "country_iso2": "HN", "state": "Santa Bárbara", "is_capital": true, "latitude": 14.9216, "longitude": -88.2364, "population": 41736}, {"name": "Santa Elena", "country_iso2": "HN", "state": "La Paz", "is_capital": false, "latitude": 14.0942, "longitude": -88.1096, "population": 12162}, {"name": "Santa Rita", "country_iso2": "HN", "state": "Copán", "is_capital": false, "latitude": 14.868, "longitude": -89.0941, "population": 29927}, {"name": "Santa Rita", "country_iso2": "HN", "state": "Yoro", "is_capital": false, "latitude": 15.2001, "longitude": -87.8841, "population": 20301}, {"name": "Santa Rosa de Copán", "country_iso2": "HN", "state": "Copán", "is_capital": true, "latitude": 14.7675, "longitude": -88.7781, "population": 61083}, {"name": "Siguatepeque", "country_iso2": "HN", "state": "Comayagua", "is_capital": false, "latitude": 14.5978, "longitude": -87.8353, "population": 95121}, {"name": "Sonaguera", "country_iso2": "HN", "state": "Colón", "is_capital": false, "latitude": 15.6185, "longitude": -86.2712, "population": 43152}, {"name": "Sulaco", "country_iso2": "HN", "state": "Yoro", "is_capital": false, "latitude": 14.9113, "longitude": -87.2622, "population": 17509}, {"name": "Talanga", "country_iso2": "HN", "state": "Francisco Morazán", "is_capital": false, "latitude": 14.4043, "longitude": -87.0811, "population": 34997}, {"name": "Tegucigalpa", "country_iso2": "HN", "state": "Francisco Morazán", "is_capital": true, "latitude": 14.1057, "longitude": -87.204, "population": 1157509}, {"name": "Tela", "country_iso2": "HN", "state": "Atlántida", "is_capital": false, "latitude": 15.7825, "longitude": -87.4514, "population": 96758}, {"name": "Tocoa", "country_iso2": "HN", "state": "Colón", "is_capital": false, "latitude": 15.6576, "longitude": -86.005, "population": 72847}, {"name": "Trujillo", "country_iso2": "HN", "state": "Colón", "is_capital": true, "latitude": 15.9179, "longitude": -85.953, "population": 60558}, {"name": "Villanueva", "country_iso2": "HN", "state": "Cortés", "is_capital": false, "latitude": 15.3157, "longitude": -87.9932, "population": 149977}, {"name": "Yorito", "country_iso2": "HN", "state": "Yoro", "is_capital": false, "latitude": 15.06, "longitude": -87.29, "population": 15774}, {"name": "Yoro", "country_iso2": "HN", "state": "Yoro", "is_capital": true, "latitude": 15.1379, "longitude": -87.1249, "population": 86665}, {"name": "Yuscarán", "country_iso2": "HN", "state": "El Paraíso", "is_capital": true, "latitude": 13.9444, "longitude": -86.8526, "population": 14144}]