[{"name": "Alytus", "country_iso2": "LT", "state": "Alytaus Miestas", "is_capital": true, "latitude": 54.4, "longitude": 24.05, "population": 51856}, {"name": "Anykščiai", "country_iso2": "LT", "state": "Anykščiai", "is_capital": true, "latitude": 55.5344, "longitude": 25.1072, "population": 8638}, {"name": "Aukštieji Paneriai", "country_iso2": "LT", "state": "Vilniaus Miestas", "is_capital": false, "latitude": 54.6262, "longitude": 25.181, "population": 11149}, {"name": "Birštonas", "country_iso2": "LT", "state": "Birštonas", "is_capital": true, "latitude": 54.6, "longitude": 24.0333, "population": 3094}, {"name": "Biržai", "country_iso2": "LT", "state": "Biržai", "is_capital": true, "latitude": 56.2, "longitude": 24.75, "population": 10444}, {"name": "Druskininkai", "country_iso2": "LT", "state": "Druskininkai", "is_capital": true, "latitude": 54.0206, "longitude": 23.9725, "population": 13170}, {"name": "Elektrėnai", "country_iso2": "LT", "state": "Elektrénai", "is_capital": true, "latitude": 54.7886, "longitude": 24.6612, "population": 11753}, {"name": "Gargždai", "country_iso2": "LT", "state": "Klaipėda", "is_capital": false, "latitude": 55.7128, "longitude": 21.4033, "population": 15932}, {"name": "Garliava", "country_iso2": "LT", "state": "Kaunas", "is_capital": false, "latitude": 54.8167, "longitude": 23.8667, "population": 10110}, {"name": "Grigiškės", "country_iso2": "LT", "state": "Vilniaus Miestas", "is_capital": false, "latitude": 54.6694, "longitude": 25.0917, "population": 9750}, {"name": "Ignalina", "country_iso2": "LT", "state": "Ignalina", "is_capital": true, "latitude": 55.3406, "longitude": 26.1605, "population": 4998}, {"name": "Jonava", "country_iso2": "LT", "state": "Jonava", "is_capital": true, "latitude": 55.0722, "longitude": 24.2806, "population": 27134}, {"name": "Joniškis", "country_iso2": "LT", "state": "Joniškis", "is_capital": true, "latitude": 56.2333, "longitude": 23.6167, "population": 8466}, {"name": "Jurbarkas", "country_iso2": "LT", "state": "Jurbarkas", "is_capital": true, "latitude": 55.0833, "longitude": 22.7667, "population": 10571}, {"name": "Kaišiadorys", "country_iso2": "LT", "state": "Kaišiadorys", "is_capital": true, "latitude": 54.8653, "longitude": 24.4682, "population": 8334}, {"name": "Kalvarija", "country_iso2": "LT", "state": "Kalvarija", "is_capital": true, "latitude": 54.4147, "longitude": 23.2281, "population": 4025}, {"name": "Kaunas", "country_iso2": "LT", "state": "Kauno Miestas", "is_capital": true, "latitude": 54.9, "longitude": 23.9333, "population": 305120}, {"name": "Kazlų Rūda", "country_iso2": "LT", "state": "Kazlų Rūdos", "is_capital": true, "latitude": 54.7492, "longitude": 23.4865, "population": 5507}, {"name": "Kelmė", "country_iso2": "LT", "state": "Kelmė", "is_capital": true, "latitude": 55.6333, "longitude": 22.9333, "population": 7512}, {"name": "Klaipėda", "country_iso2": "LT", "state": "Klaipėdos Miestas", "is_capital": true, "latitude": 55.7125, "longitude": 21.135, "population": 158420}, {"name": "Kretinga", "country_iso2": "LT", "state": "Kretinga", "is_capital": true, "latitude": 55.89, "longitude": 21.2422, "population": 17207}, {"name": "Kupiškis", "country_iso2": "LT", "state": "Kupiškis", "is_capital": true, "latitude": 55.8333, "longitude": 24.9667, "population": 6178}, {"name": "Kuršėnai", "country_iso2": "LT", "state": "Šiauliai", "is_capital": false, "latitude": 56.0, "longitude": 22.9333, "population": 10651}, {"name": "Kėdainiai", "country_iso2": "LT", "state": "Kėdainiai", "is_capital": true, "latitude": 55.2833, "longitude": 23.9667, "population": 23447}, {"name": "Lazdijai", "country_iso2": "LT", "state": "Lazdijai", "is_capital": true, "latitude": 54.2347, "longitude": 23.5167, "population": 3895}, {"name": "Lentvaris", "country_iso2": "LT", "state": "Trakai", "is_capital": false, "latitude": 54.6333, "longitude": 25.05, "population": 9680}, {"name": "Likiškiai", "country_iso2": "LT", "state": "Alytus", "is_capital": false, "latitude": 54.4, "longitude": 23.981, "population": 10489}, {"name": "Marijampolė", "country_iso2": "LT", "state": "Marijampolė", "is_capital": true, "latitude": 54.5567, "longitude": 23.3544, "population": 36807}, {"name": "Mažeikiai", "country_iso2": "LT", "state": "Mažeikiai", "is_capital": true, "latitude": 56.3167, "longitude": 22.3333, "population": 33249}, {"name": "Molėtai", "country_iso2": "LT", "state": "Molėtai", "is_capital": true, "latitude": 55.2333, "longitude": 25.4167, "population": 5783}, {"name": "Naujoji Akmenė", "country_iso2": "LT", "state": "Akmenė", "is_capital": true, "latitude": 56.3167, "longitude": 22.8833, "population": 8170}, {"name": "Nida", "country_iso2": "LT", "state": "Neringa", "is_capital": true, "latitude": 55.3033, "longitude": 21.0056, "population": 2385}, {"name": "Pagėgiai", "country_iso2": "LT", "state": "Pagégiai", "is_capital": true, "latitude": 55.1333, "longitude": 21.9167, "population": 57}, {"name": "Pakruojis", "country_iso2": "LT", "state": "Pakruojis", "is_capital": true, "latitude": 55.9833, "longitude": 23.85, "population": 4490}, {"name": "Palanga", "country_iso2": "LT", "state": "Palangos Miestas", "is_capital": true, "latitude": 55.9167, "longitude": 21.0667, "population": 18132}, {"name": "Panevėžys", "country_iso2": "LT", "state": "Panevėžio Miestas", "is_capital": true, "latitude": 55.725, "longitude": 24.3639, "population": 87913}, {"name": "Pasvalys", "country_iso2": "LT", "state": "Pasvalys", "is_capital": true, "latitude": 56.0611, "longitude": 24.4, "population": 6411}, {"name": "Plungė", "country_iso2": "LT", "state": "Plungė", "is_capital": true, "latitude": 55.9167, "longitude": 21.85, "population": 17385}, {"name": "Prienai", "country_iso2": "LT", "state": "Prienai", "is_capital": true, "latitude": 54.6333, "longitude": 23.95, "population": 8894}, {"name": "Radviliškis", "country_iso2": "LT", "state": "Radviliškis", "is_capital": true, "latitude": 55.8, "longitude": 23.55, "population": 15112}, {"name": "Raseiniai", "country_iso2": "LT", "state": "Raseiniai", "is_capital": true, "latitude": 55.3797, "longitude": 23.1239, "population": 9686}, {"name": "Rietavas", "country_iso2": "LT", "state": "Rietavas", "is_capital": true, "latitude": 55.7167, "longitude": 21.9333, "population": 3253}, {"name": "Rokiškis", "country_iso2": "LT", "state": "Rokiškis", "is_capital": true, "latitude": 55.9667, "longitude": 25.5833, "population": 11606}, {"name": "Skuodas", "country_iso2": "LT", "state": "Skuodas", "is_capital": true, "latitude": 56.2667, "longitude": 21.5333, "population": 5346}, {"name": "Tauragė", "country_iso2": "LT", "state": "Tauragė", "is_capital": true, "latitude": 55.2522, "longitude": 22.2897, "population": 21416}, {"name": "Telšiai", "country_iso2": "LT", "state": "Telšiai", "is_capital": true, "latitude": 55.9833, "longitude": 22.25, "population": 22261}, {"name": "Trakai", "country_iso2": "LT", "state": "Trakai", "is_capital": true, "latitude": 54.6333, "longitude": 24.9333, "population": 5912}, {"name": "Ukmergė", "country_iso2": "LT", "state": "Ukmergė", "is_capital": true, "latitude": 55.25, "longitude": 24.7667, "population": 21048}, {"name": "Utena", "country_iso2": "LT", "state": "Utena", "is_capital": true, "latitude": 55.5, "longitude": 25.6, "population": 25608}, {"name": "Varėna", "country_iso2": "LT", "state": "Varėna", "is_capital": true, "latitude": 54.2167, "longitude": 24.5667, "population": 8042}, {"name": "Vilkaviškis", "country_iso2": "LT", "state": "Vilkaviškis", "is_capital": true, "latitude": 54.6667, "longitude": 23.0333, "population": 10291}, {"name": "Vilnius", "country_iso2": "LT", "state": "Vilniaus Miestas", "is_capital": true, "latitude": 54.6872, "longitude": 25.28, "population": 581475}, {"name": "Visaginas", "country_iso2": "LT", "state": "Visaginas", "is_capital": true, "latitude": 55.6, "longitude": 26.4333, "population": 19586}, {"name": "Zarasai", "country_iso2": "LT", "state": "Zarasai", "is_capital": true, "latitude": 55.7306, "longitude": 26.2472, "population": 5942}, {"name": "Šakiai", "country_iso2": "LT", "state": "Šakiai", "is_capital": true, "latitude": 54.9556, "longitude": 23.0444, "population": 5440}, {"name": "Šalčininkai", "country_iso2": "LT", "state": "Šalčininkai", "is_capital": true, "latitude": 54.3111, "longitude": 25.3806, "population": 6841}, {"name": "Šiauliai", "country_iso2": "LT", "state": "Šiaulių Miestas", "is_capital": true, "latitude": 55.9281, "longitude": 23.3167, "population": 104300}, {"name": "Šilalė", "country_iso2": "LT", "state": "Šilalė", "is_capital": true, "latitude": 55.4833, "longitude": 22.1833, "population": 4699}, {"name": "Šilutė", "country_iso2": "LT", "state": "Šilutė", "is_capital": true, "latitude": 55.35, "longitude": 21.4833, "population": 16200}, {"name": "Širvintos", "country_iso2": "LT", "state": "Širvintos", "is_capital": true, "latitude": 55.05, "longitude": 24.95, "population": 5802}, {"name": "Švenčionys", "country_iso2": "LT", "state": "Švenčionys", "is_capital": true, "latitude": 55.1333, "longitude": 26.1556, "population": 4480}]