[{"name": "Achuapa", "country_iso2": "NI", "state": "León", "is_capital": false, "latitude": 13.05, "longitude": -86.5833, "population": 13797}, {"name": "Acoyapa", "country_iso2": "NI", "state": "Chontales", "is_capital": false, "latitude": 11.9667, "longitude": -85.1667, "population": 16946}, {"name": "Altagracia", "country_iso2": "NI", "state": "Rivas", "is_capital": false, "latitude": 11.5667, "longitude": -85.5833, "population": 19955}, {"name": "Belén", "country_iso2": "NI", "state": "Rivas", "is_capital": false, "latitude": 11.5, "longitude": -85.8833, "population": 16428}, {"name": "Bilwi", "country_iso2": "NI", "state": "Costa Caribe Norte", "is_capital": true, "latitude": 14.0281, "longitude": -83.3808, "population": 86279}, {"name": "Bluefields", "country_iso2": "NI", "state": "Costa Caribe Sur", "is_capital": true, "latitude": 12.0, "longitude": -83.75, "population": 56421}, {"name": "Boaco", "country_iso2": "NI", "state": "Boaco", "is_capital": true, "latitude": 12.4667, "longitude": -85.6667, "population": 49839}, {"name": "Bocana de Paiwas", "country_iso2": "NI", "state": "Costa Caribe Sur", "is_capital": false, "latitude": 12.7861, "longitude": -85.1231, "population": 31762}, {"name": "Bonanza", "country_iso2": "NI", "state": "Costa Caribe Norte", "is_capital": false, "latitude": 14.0167, "longitude": -84.5833, "population": 18633}, {"name": "Camoapa", "country_iso2": "NI", "state": "Boaco", "is_capital": false, "latitude": 12.3833, "longitude": -85.5167, "population": 34962}, {"name": "Chichigalpa", "country_iso2": "NI", "state": "Chinandega", "is_capital": false, "latitude": 12.5667, "longitude": -87.0333, "population": 44769}, {"name": "Chinandega", "country_iso2": "NI", "state": "Chinandega", "is_capital": true, "latitude": 12.6167, "longitude": -87.15, "population": 121793}, {"name": "Ciudad Darío", "country_iso2": "NI", "state": "Matagalpa", "is_capital": false, "latitude": 12.7167, "longitude": -86.1167, "population": 41014}, {"name": "Ciudad Sandino", "country_iso2": "NI", "state": "Managua", "is_capital": false, "latitude": 12.1655, "longitude": -86.3579, "population": 127517}, {"name": "Comalapa", "country_iso2": "NI", "state": "Chontales", "is_capital": false, "latitude": 12.2833, "longitude": -85.5, "population": 11785}, {"name": "Condega", "country_iso2": "NI", "state": "Estelí", "is_capital": false, "latitude": 13.35, "longitude": -86.4, "population": 28481}, {"name": "Corinto", "country_iso2": "NI", "state": "Chinandega", "is_capital": false, "latitude": 12.4833, "longitude": -87.1833, "population": 18602}, {"name": "Diriamba", "country_iso2": "NI", "state": "Carazo", "is_capital": false, "latitude": 11.85, "longitude": -86.2333, "population": 57542}, {"name": "Diriomo", "country_iso2": "NI", "state": "Granada", "is_capital": false, "latitude": 11.8667, "longitude": -86.05, "population": 22352}, {"name": "El Almendro", "country_iso2": "NI", "state": "Río San Juan", "is_capital": false, "latitude": 11.6833, "longitude": -84.7, "population": 13363}, {"name": "El Ayote", "country_iso2": "NI", "state": "Chontales", "is_capital": false, "latitude": 12.1905, "longitude": -85.2874, "population": 12417}, {"name": "El Ayote", "country_iso2": "NI", "state": "Costa Caribe Sur", "is_capital": false, "latitude": 12.5, "longitude": -84.8167, "population": 12417}, {"name": "El Castillo de La Concepción", "country_iso2": "NI", "state": "Río San Juan", "is_capital": false, "latitude": 11.0333, "longitude": -84.4667, "population": 19864}, {"name": "El Crucero", "country_iso2": "NI", "state": "Managua", "is_capital": false, "latitude": 11.9833, "longitude": -86.3167, "population": 13656}, {"name": "El Cuá", "country_iso2": "NI", "state": "Jinotega", "is_capital": false, "latitude": 13.3675, "longitude": -85.6733, "population": 43305}, {"name": "El Jicaral", "country_iso2": "NI", "state": "León", "is_capital": false, "latitude": 12.7333, "longitude": -86.3833, "population": 10326}, {"name": "El Jícaro", "country_iso2": "NI", "state": "Nueva Segovia", "is_capital": false, "latitude": 13.7167, "longitude": -86.1333, "population": 25901}, {"name": "El Rama", "country_iso2": "NI", "state": "Costa Caribe Sur", "is_capital": false, "latitude": 12.3333, "longitude": -84.6667, "population": 52482}, {"name": "El Realejo", "country_iso2": "NI", "state": "Chinandega", "is_capital": false, "latitude": 12.5333, "longitude": -87.1667, "population": 8834}, {"name": "El Sauce", "country_iso2": "NI", "state": "León", "is_capital": false, "latitude": 12.8833, "longitude": -86.5333, "population": 27900}, {"name": "El Tortuguero", "country_iso2": "NI", "state": "Costa Caribe Sur", "is_capital": false, "latitude": 12.8167, "longitude": -84.2, "population": 22324}, {"name": "El Viejo", "country_iso2": "NI", "state": "Chinandega", "is_capital": false, "latitude": 12.6667, "longitude": -87.1667, "population": 76775}, {"name": "Esquipulas", "country_iso2": "NI", "state": "Matagalpa", "is_capital": false, "latitude": 12.6667, "longitude": -85.7833, "population": 15877}, {"name": "Estelí", "country_iso2": "NI", "state": "Estelí", "is_capital": true, "latitude": 13.0833, "longitude": -86.35, "population": 112084}, {"name": "Granada", "country_iso2": "NI", "state": "Granada", "is_capital": true, "latitude": 11.9333, "longitude": -85.95, "population": 105862}, {"name": "Greytown", "country_iso2": "NI", "state": "Río San Juan", "is_capital": false, "latitude": 10.9167, "longitude": -83.7, "population": 1307}, {"name": "Jalapa", "country_iso2": "NI", "state": "Nueva Segovia", "is_capital": false, "latitude": 13.9167, "longitude": -86.1333, "population": 54491}, {"name": "Jinotega", "country_iso2": "NI", "state": "Jinotega", "is_capital": true, "latitude": 13.0884, "longitude": -85.9994, "population": 99382}, {"name": "Jinotepe", "country_iso2": "NI", "state": "Carazo", "is_capital": true, "latitude": 11.85, "longitude": -86.2, "population": 42109}, {"name": "Juigalpa", "country_iso2": "NI", "state": "Chontales", "is_capital": true, "latitude": 12.1, "longitude": -85.3667, "population": 53798}, {"name": "Kukrahill", "country_iso2": "NI", "state": "Costa Caribe Sur", "is_capital": false, "latitude": 12.25, "longitude": -83.75, "population": 8789}, {"name": "La Concepción", "country_iso2": "NI", "state": "Masaya", "is_capital": false, "latitude": 11.9333, "longitude": -86.1833, "population": 31950}, {"name": "La Cruz de Río Grande", "country_iso2": "NI", "state": "Costa Caribe Sur", "is_capital": false, "latitude": 13.1167, "longitude": -84.1833, "population": 23284}, {"name": "La Libertad", "country_iso2": "NI", "state": "Chontales", "is_capital": false, "latitude": 12.2167, "longitude": -85.1667, "population": 11429}, {"name": "La Paz Centro", "country_iso2": "NI", "state": "León", "is_capital": false, "latitude": 12.34, "longitude": -86.6753, "population": 28118}, {"name": "La Trinidad", "country_iso2": "NI", "state": "Managua", "is_capital": false, "latitude": 12.5578, "longitude": -86.1835, "population": 22645}, {"name": "La Trinidad", "country_iso2": "NI", "state": "Estelí", "is_capital": false, "latitude": 12.5578, "longitude": -86.1835, "population": 20140}, {"name": "Larreynaga", "country_iso2": "NI", "state": "León", "is_capital": false, "latitude": 12.6744, "longitude": -86.5708, "population": 27898}, {"name": "León", "country_iso2": "NI", "state": "León", "is_capital": true, "latitude": 12.4333, "longitude": -86.8867, "population": 176171}, {"name": "Managua", "country_iso2": "NI", "state": "Managua", "is_capital": true, "latitude": 12.1364, "longitude": -86.2514, "population": 1051236}, {"name": "Masatepe", "country_iso2": "NI", "state": "Masaya", "is_capital": false, "latitude": 11.9167, "longitude": -86.15, "population": 31583}, {"name": "Masaya", "country_iso2": "NI", "state": "Masaya", "is_capital": true, "latitude": 11.9667, "longitude": -86.1, "population": 139582}, {"name": "Matagalpa", "country_iso2": "NI", "state": "Matagalpa", "is_capital": true, "latitude": 12.9167, "longitude": -85.9167, "population": 133416}, {"name": "Mateare", "country_iso2": "NI", "state": "Managua", "is_capital": false, "latitude": 12.2333, "longitude": -86.4333, "population": 61234}, {"name": "Matiguás", "country_iso2": "NI", "state": "Matagalpa", "is_capital": false, "latitude": 12.8333, "longitude": -85.4667, "population": 41127}, {"name": "Moyogalpa", "country_iso2": "NI", "state": "Rivas", "is_capital": false, "latitude": 11.5333, "longitude": -85.7, "population": 9729}, {"name": "Muelle de los Bueyes", "country_iso2": "NI", "state": "Costa Caribe Sur", "is_capital": false, "latitude": 12.0667, "longitude": -84.5333, "population": 22082}, {"name": "Mulukukú", "country_iso2": "NI", "state": "Costa Caribe Norte", "is_capital": false, "latitude": 13.1503, "longitude": -84.97, "population": 49339}, {"name": "Murra", "country_iso2": "NI", "state": "Nueva Segovia", "is_capital": false, "latitude": 13.7667, "longitude": -86.0167, "population": 14487}, {"name": "Muy Muy", "country_iso2": "NI", "state": "Matagalpa", "is_capital": false, "latitude": 12.7667, "longitude": -85.6333, "population": 14721}, {"name": "Nagarote", "country_iso2": "NI", "state": "León", "is_capital": false, "latitude": 12.2667, "longitude": -86.5667, "population": 32303}, {"name": "Nandaime", "country_iso2": "NI", "state": "Granada", "is_capital": false, "latitude": 11.75, "longitude": -86.05, "population": 34288}, {"name": "Nandasmo", "country_iso2": "NI", "state": "Masaya", "is_capital": false, "latitude": 11.9333, "longitude": -86.1167, "population": 10732}, {"name": "Nindirí", "country_iso2": "NI", "state": "Masaya", "is_capital": false, "latitude": 12.0047, "longitude": -86.1194, "population": 38355}, {"name": "Niquinohomo", "country_iso2": "NI", "state": "Masaya", "is_capital": false, "latitude": 11.9, "longitude": -86.1, "population": 14847}, {"name": "Nueva Guinea", "country_iso2": "NI", "state": "Costa Caribe Sur", "is_capital": false, "latitude": 11.6833, "longitude": -84.45, "population": 66936}, {"name": "Ocotal", "country_iso2": "NI", "state": "Nueva Segovia", "is_capital": true, "latitude": 13.6333, "longitude": -86.4833, "population": 48765}, {"name": "Palacagüina", "country_iso2": "NI", "state": "Madriz", "is_capital": false, "latitude": 13.45, "longitude": -86.4, "population": 12825}, {"name": "Posoltega", "country_iso2": "NI", "state": "Chinandega", "is_capital": false, "latitude": 12.55, "longitude": -86.9833, "population": 16771}, {"name": "Potosí", "country_iso2": "NI", "state": "Rivas", "is_capital": false, "latitude": 11.5, "longitude": -85.8833, "population": 11094}, {"name": "Prinzapolka", "country_iso2": "NI", "state": "Costa Caribe Norte", "is_capital": false, "latitude": 13.4, "longitude": -83.5667, "population": 46730}, {"name": "Pueblo Nuevo", "country_iso2": "NI", "state": "Estelí", "is_capital": false, "latitude": 13.3833, "longitude": -86.4833, "population": 20620}, {"name": "Puerto Morazán", "country_iso2": "NI", "state": "Chinandega", "is_capital": false, "latitude": 12.85, "longitude": -87.1833, "population": 13328}, {"name": "Quezalguaque", "country_iso2": "NI", "state": "León", "is_capital": false, "latitude": 12.5061, "longitude": -86.9033, "population": 8591}, {"name": "Quilalí", "country_iso2": "NI", "state": "Nueva Segovia", "is_capital": false, "latitude": 13.5667, "longitude": -86.0333, "population": 26461}, {"name": "Rancho Grande", "country_iso2": "NI", "state": "Matagalpa", "is_capital": false, "latitude": 13.2536, "longitude": -85.5528, "population": 26223}, {"name": "Rivas", "country_iso2": "NI", "state": "Rivas", "is_capital": true, "latitude": 11.4393, "longitude": -85.827, "population": 41080}, {"name": "Rosita", "country_iso2": "NI", "state": "Costa Caribe Norte", "is_capital": false, "latitude": 13.8833, "longitude": -84.4, "population": 22723}, {"name": "Río Blanco", "country_iso2": "NI", "state": "Matagalpa", "is_capital": false, "latitude": 12.9333, "longitude": -85.2167, "population": 30785}, {"name": "San Carlos", "country_iso2": "NI", "state": "Río San Juan", "is_capital": true, "latitude": 11.1333, "longitude": -84.7833, "population": 37461}, {"name": "San Dionisio", "country_iso2": "NI", "state": "Matagalpa", "is_capital": false, "latitude": 12.75, "longitude": -85.85, "population": 16273}, {"name": "San Fernando", "country_iso2": "NI", "state": "Nueva Segovia", "is_capital": false, "latitude": 13.6833, "longitude": -86.3167, "population": 8549}, {"name": "San Francisco Libre", "country_iso2": "NI", "state": "Managua", "is_capital": false, "latitude": 12.5, "longitude": -86.3, "population": 9416}, {"name": "San Isidro", "country_iso2": "NI", "state": "Matagalpa", "is_capital": false, "latitude": 12.9319, "longitude": -86.1953, "population": 17412}, {"name": "San José de Bocay", "country_iso2": "NI", "state": "Jinotega", "is_capital": false, "latitude": 13.5333, "longitude": -85.5333, "population": 42029}, {"name": "San Juan de Limay", "country_iso2": "NI", "state": "Estelí", "is_capital": false, "latitude": 13.1667, "longitude": -86.6167, "population": 13455}, {"name": "San Juan de Río Coco", "country_iso2": "NI", "state": "Madriz", "is_capital": false, "latitude": 13.55, "longitude": -86.1667, "population": 21114}, {"name": "San Juan del Sur", "country_iso2": "NI", "state": "Rivas", "is_capital": false, "latitude": 11.25, "longitude": -85.8667, "population": 14741}, {"name": "San Lorenzo", "country_iso2": "NI", "state": "Boaco", "is_capital": false, "latitude": 12.3667, "longitude": -85.6667, "population": 23666}, {"name": "San Lucas", "country_iso2": "NI", "state": "Madriz", "is_capital": false, "latitude": 13.4167, "longitude": -86.6, "population": 12975}, {"name": "San Marcos", "country_iso2": "NI", "state": "Carazo", "is_capital": false, "latitude": 11.9167, "longitude": -86.2, "population": 29019}, {"name": "San Miguelito", "country_iso2": "NI", "state": "Río San Juan", "is_capital": false, "latitude": 11.4, "longitude": -84.9, "population": 17031}, {"name": "San Rafael del Norte", "country_iso2": "NI", "state": "Jinotega", "is_capital": false, "latitude": 13.2167, "longitude": -86.1167, "population": 17789}, {"name": "San Rafael del Sur", "country_iso2": "NI", "state": "Managua", "is_capital": false, "latitude": 11.85, "longitude": -86.45, "population": 42417}, {"name": "San Ramón", "country_iso2": "NI", "state": "Matagalpa", "is_capital": false, "latitude": 12.9167, "longitude": -85.8333, "population": 30682}, {"name": "San Sebastián de Yalí", "country_iso2": "NI", "state": "Jinotega", "is_capital": false, "latitude": 13.3, "longitude": -86.1833, "population": 26979}, {"name": "Santa Rosa del Peñón", "country_iso2": "NI", "state": "León", "is_capital": false, "latitude": 12.8, "longitude": -86.3667, "population": 9529}, {"name": "Santa Teresa", "country_iso2": "NI", "state": "Carazo", "is_capital": false, "latitude": 11.7333, "longitude": -86.2167, "population": 16891}, {"name": "Santo Domingo", "country_iso2": "NI", "state": "Chontales", "is_capital": false, "latitude": 12.25, "longitude": -85.0667, "population": 12182}, {"name": "Siuna", "country_iso2": "NI", "state": "Costa Caribe Norte", "is_capital": false, "latitude": 13.7333, "longitude": -84.7667, "population": 64092}, {"name": "Somotillo", "country_iso2": "NI", "state": "Chinandega", "is_capital": false, "latitude": 13.0333, "longitude": -86.9167, "population": 29030}, {"name": "Somoto", "country_iso2": "NI", "state": "Madriz", "is_capital": true, "latitude": 13.4833, "longitude": -86.5833, "population": 33788}, {"name": "Sébaco", "country_iso2": "NI", "state": "Matagalpa", "is_capital": false, "latitude": 12.85, "longitude": -86.1, "population": 32221}, {"name": "Telica", "country_iso2": "NI", "state": "León", "is_capital": false, "latitude": 12.5167, "longitude": -86.8667, "population": 23266}, {"name": "Telpaneca", "country_iso2": "NI", "state": "Madriz", "is_capital": false, "latitude": 13.5333, "longitude": -86.2833, "population": 19025}, {"name": "Terrabona", "country_iso2": "NI", "state": "Matagalpa", "is_capital": false, "latitude": 12.7333, "longitude": -85.9667, "population": 12740}, {"name": "Teustepe", "country_iso2": "NI", "state": "Boaco", "is_capital": false, "latitude": 12.4167, "longitude": -85.8, "population": 26265}, {"name": "Ticuantepe", "country_iso2": "NI", "state": "Managua", "is_capital": false, "latitude": 12.0167, "longitude": -86.2, "population": 27008}, {"name": "Tipitapa", "country_iso2": "NI", "state": "Managua", "is_capital": false, "latitude": 12.2, "longitude": -86.1, "population": 147379}, {"name": "Tisma", "country_iso2": "NI", "state": "Masaya", "is_capital": false, "latitude": 12.0826, "longitude": -86.0178, "population": 10681}, {"name": "Tola", "country_iso2": "NI", "state": "Rivas", "is_capital": false, "latitude": 11.4333, "longitude": -85.9333, "population": 22012}, {"name": "Totogalpa", "country_iso2": "NI", "state": "Madriz", "is_capital": false, "latitude": 13.5667, "longitude": -86.5, "population": 11927}, {"name": "Villa El Carmen", "country_iso2": "NI", "state": "Managua", "is_capital": false, "latitude": 11.9833, "longitude": -86.5167, "population": 27449}, {"name": "Villa Sandino", "country_iso2": "NI", "state": "Chontales", "is_capital": false, "latitude": 12.05, "longitude": -84.9833, "population": 13152}, {"name": "Villanueva", "country_iso2": "NI", "state": "Chinandega", "is_capital": false, "latitude": 12.9636, "longitude": -86.8147, "population": 25660}, {"name": "Waslala", "country_iso2": "NI", "state": "Costa Caribe Norte", "is_capital": false, "latitude": 13.2333, "longitude": -85.3833, "population": 29838}, {"name": "Waspán", "country_iso2": "NI", "state": "Costa Caribe Norte", "is_capital": false, "latitude": 14.7333, "longitude": -83.9667, "population": 47231}, {"name": "Wiwilí", "country_iso2": "NI", "state": "Nueva Segovia", "is_capital": false, "latitude": 13.6167, "longitude": -85.8333, "population": 57485}, {"name": "Wiwilí de Jinotega", "country_iso2": "NI", "state": "Jinotega", "is_capital": false, "latitude": 13.62, "longitude": -85.8182, "population": 57485}, {"name": "Yalagüina", "country_iso2": "NI", "state": "Madriz", "is_capital": false, "latitude": 13.4833, "longitude": -86.4833, "population": 9597}]