[{"name": "Aleksandrów Kujawski", "country_iso2": "PL", "state": "Kujawsko-Pomorskie", "is_capital": false, "latitude": 52.8767, "longitude": 18.6936, "population": 11719}, {"name": "Aleksandrów Łódzki", "country_iso2": "PL", "state": "Łódzkie", "is_capital": false, "latitude": 51.8194, "longitude": 19.3039, "population": 22148}, {"name": "Andrychów", "country_iso2": "PL", "state": "Małopolskie", "is_capital": false, "latitude": 49.855, "longitude": 19.3414, "population": 18655}, {"name": "Augustów", "country_iso2": "PL", "state": "Podlaskie", "is_capital": false, "latitude": 53.8436, "longitude": 22.9794, "population": 29494}, {"name": "Banino", "country_iso2": "PL", "state": "Pomorskie", "is_capital": false, "latitude": 54.3933, "longitude": 18.4083, "population": 9806}, {"name": "Barlinek", "country_iso2": "PL", "state": "Zachodniopomorskie", "is_capital": false, "latitude": 53.0, "longitude": 15.2, "population": 13119}, {"name": "Bartoszyce", "country_iso2": "PL", "state": "Warmińsko-Mazurskie", "is_capital": false, "latitude": 54.25, "longitude": 20.8, "population": 22281}, {"name": "Bełchatów", "country_iso2": "PL", "state": "Łódzkie", "is_capital": false, "latitude": 51.3667, "longitude": 19.3667, "population": 54338}, {"name": "Biała Podlaska", "country_iso2": "PL", "state": "Lubelskie", "is_capital": false, "latitude": 52.0333, "longitude": 23.1167, "population": 55429}, {"name": "Białogard", "country_iso2": "PL", "state": "Zachodniopomorskie", "is_capital": false, "latitude": 54.0, "longitude": 15.9833, "population": 23142}, {"name": "Biały Kamień", "country_iso2": "PL", "state": "Dolnośląskie", "is_capital": false, "latitude": 50.7814, "longitude": 16.2539, "population": 14278}, {"name": "Białystok", "country_iso2": "PL", "state": "Podlaskie", "is_capital": true, "latitude": 53.1353, "longitude": 23.1456, "population": 294242}, {"name": "Bielawa", "country_iso2": "PL", "state": "Dolnośląskie", "is_capital": false, "latitude": 50.7, "longitude": 16.6167, "population": 28896}, {"name": "Bielsk Podlaski", "country_iso2": "PL", "state": "Podlaskie", "is_capital": false, "latitude": 52.7667, "longitude": 23.2, "population": 24633}, {"name": "Bielsko-Biała", "country_iso2": "PL", "state": "Śląskie", "is_capital": false, "latitude": 49.8225, "longitude": 19.0444, "population": 169089}, {"name": "Bieruń", "country_iso2": "PL", "state": "Śląskie", "is_capital": false, "latitude": 50.1333, "longitude": 19.1, "population": 19334}, {"name": "Bieruń Stary", "country_iso2": "PL", "state": "Śląskie", "is_capital": false, "latitude": 50.0897, "longitude": 19.0928, "population": 19100}, {"name": "Biskupiec", "country_iso2": "PL", "state": "Warmińsko-Mazurskie", "is_capital": false, "latitude": 53.85, "longitude": 20.95, "population": 10163}, {"name": "Biłgoraj", "country_iso2": "PL", "state": "Lubelskie", "is_capital": false, "latitude": 50.55, "longitude": 22.7333, "population": 25459}, {"name": "Blachownia", "country_iso2": "PL", "state": "Śląskie", "is_capital": false, "latitude": 50.7833, "longitude": 18.9667, "population": 9334}, {"name": "Bochnia", "country_iso2": "PL", "state": "Małopolskie", "is_capital": false, "latitude": 49.9833, "longitude": 20.4333, "population": 28692}, {"name": "Bogatynia", "country_iso2": "PL", "state": "Dolnośląskie", "is_capital": false, "latitude": 50.9069, "longitude": 14.9569, "population": 16647}, {"name": "Bogucice", "country_iso2": "PL", "state": "Śląskie", "is_capital": false, "latitude": 50.2668, "longitude": 19.0397, "population": 16538}, {"name": "Boguszów-Gorce", "country_iso2": "PL", "state": "Dolnośląskie", "is_capital": false, "latitude": 50.7667, "longitude": 16.2, "population": 14648}, {"name": "Bolesławiec", "country_iso2": "PL", "state": "Dolnośląskie", "is_capital": false, "latitude": 51.2667, "longitude": 15.5667, "population": 37559}, {"name": "Bolszewo", "country_iso2": "PL", "state": "Pomorskie", "is_capital": false, "latitude": 54.6242, "longitude": 18.1753, "population": 8808}, {"name": "Braniewo", "country_iso2": "PL", "state": "Warmińsko-Mazurskie", "is_capital": false, "latitude": 54.3833, "longitude": 19.8333, "population": 16480}, {"name": "Brodnica", "country_iso2": "PL", "state": "Kujawsko-Pomorskie", "is_capital": false, "latitude": 53.2597, "longitude": 19.3956, "population": 28865}, {"name": "Brwinów", "country_iso2": "PL", "state": "Mazowieckie", "is_capital": false, "latitude": 52.1417, "longitude": 20.7167, "population": 14448}, {"name": "Brzeg", "country_iso2": "PL", "state": "Opolskie", "is_capital": false, "latitude": 50.8667, "longitude": 17.4833, "population": 34492}, {"name": "Brzeg Dolny", "country_iso2": "PL", "state": "Dolnośląskie", "is_capital": false, "latitude": 51.2708, "longitude": 16.7208, "population": 12765}, {"name": "Brzesko", "country_iso2": "PL", "state": "Małopolskie", "is_capital": false, "latitude": 49.9667, "longitude": 20.6167, "population": 16193}, {"name": "Brzeszcze", "country_iso2": "PL", "state": "Małopolskie", "is_capital": false, "latitude": 49.9819, "longitude": 19.1472, "population": 11049}, {"name": "Brzeziny", "country_iso2": "PL", "state": "Łódzkie", "is_capital": false, "latitude": 51.8, "longitude": 19.75, "population": 12117}, {"name": "Bukowno", "country_iso2": "PL", "state": "Małopolskie", "is_capital": false, "latitude": 50.2681, "longitude": 19.4631, "population": 9791}, {"name": "Busko-Zdrój", "country_iso2": "PL", "state": "Świętokrzyskie", "is_capital": false, "latitude": 50.4667, "longitude": 20.7167, "population": 15014}, {"name": "Bydgoszcz", "country_iso2": "PL", "state": "Kujawsko-Pomorskie", "is_capital": true, "latitude": 53.1219, "longitude": 18.0003, "population": 337666}, {"name": "Bystrzyca Kłodzka", "country_iso2": "PL", "state": "Dolnośląskie", "is_capital": false, "latitude": 50.3, "longitude": 16.65, "population": 9414}, {"name": "Bytom", "country_iso2": "PL", "state": "Śląskie", "is_capital": false, "latitude": 50.3483, "longitude": 18.9156, "population": 153274}, {"name": "Bytów", "country_iso2": "PL", "state": "Pomorskie", "is_capital": false, "latitude": 54.1333, "longitude": 17.5, "population": 16739}, {"name": "Będzin", "country_iso2": "PL", "state": "Śląskie", "is_capital": false, "latitude": 50.3333, "longitude": 19.1167, "population": 55695}, {"name": "Błonie", "country_iso2": "PL", "state": "Mazowieckie", "is_capital": false, "latitude": 52.2, "longitude": 20.6167, "population": 12152}, {"name": "Chełm", "country_iso2": "PL", "state": "Lubelskie", "is_capital": false, "latitude": 51.1322, "longitude": 23.4778, "population": 59546}, {"name": "Chełmek", "country_iso2": "PL", "state": "Małopolskie", "is_capital": false, "latitude": 50.1167, "longitude": 19.25, "population": 8669}, {"name": "Chełmno", "country_iso2": "PL", "state": "Kujawsko-Pomorskie", "is_capital": false, "latitude": 53.3492, "longitude": 18.4231, "population": 18837}, {"name": "Chełmża", "country_iso2": "PL", "state": "Kujawsko-Pomorskie", "is_capital": false, "latitude": 53.1847, "longitude": 18.6042, "population": 14045}, {"name": "Chodzież", "country_iso2": "PL", "state": "Wielkopolskie", "is_capital": false, "latitude": 52.9833, "longitude": 16.9, "population": 18044}, {"name": "Chojnice", "country_iso2": "PL", "state": "Pomorskie", "is_capital": false, "latitude": 53.7, "longitude": 17.55, "population": 39275}, {"name": "Chojnów", "country_iso2": "PL", "state": "Dolnośląskie", "is_capital": false, "latitude": 51.2667, "longitude": 15.9333, "population": 12769}, {"name": "Chorzów", "country_iso2": "PL", "state": "Śląskie", "is_capital": false, "latitude": 50.3, "longitude": 18.95, "population": 104193}, {"name": "Choszczno", "country_iso2": "PL", "state": "Zachodniopomorskie", "is_capital": false, "latitude": 53.1667, "longitude": 15.4, "population": 14399}, {"name": "Chropaczów", "country_iso2": "PL", "state": "Śląskie", "is_capital": false, "latitude": 50.3131, "longitude": 18.915, "population": 12589}, {"name": "Chrzanów", "country_iso2": "PL", "state": "Małopolskie", "is_capital": false, "latitude": 50.1333, "longitude": 19.4, "population": 35091}, {"name": "Ciechanów", "country_iso2": "PL", "state": "Mazowieckie", "is_capital": false, "latitude": 52.8667, "longitude": 20.6333, "population": 42705}, {"name": "Ciechocinek", "country_iso2": "PL", "state": "Kujawsko-Pomorskie", "is_capital": false, "latitude": 52.8833, "longitude": 18.7833, "population": 10415}, {"name": "Cieszyn", "country_iso2": "PL", "state": "Śląskie", "is_capital": false, "latitude": 49.7484, "longitude": 18.6332, "population": 33958}, {"name": "Czarna Białostocka", "country_iso2": "PL", "state": "Podlaskie", "is_capital": false, "latitude": 53.3, "longitude": 23.2833, "population": 8943}, {"name": "Czarnków", "country_iso2": "PL", "state": "Wielkopolskie", "is_capital": false, "latitude": 52.9, "longitude": 16.5667, "population": 10097}, {"name": "Czechowice-Dziedzice", "country_iso2": "PL", "state": "Śląskie", "is_capital": false, "latitude": 49.9131, "longitude": 19.0064, "population": 35261}, {"name": "Czeladź", "country_iso2": "PL", "state": "Śląskie", "is_capital": false, "latitude": 50.3333, "longitude": 19.0833, "population": 30681}, {"name": "Czersk Pomorski", "country_iso2": "PL", "state": "Pomorskie", "is_capital": false, "latitude": 53.7928, "longitude": 17.9739, "population": 9997}, {"name": "Częstochowa", "country_iso2": "PL", "state": "Śląskie", "is_capital": false, "latitude": 50.8, "longitude": 19.1167, "population": 213107}, {"name": "Człuchów", "country_iso2": "PL", "state": "Pomorskie", "is_capital": false, "latitude": 53.65, "longitude": 17.3667, "population": 13343}, {"name": "Darłowo", "country_iso2": "PL", "state": "Zachodniopomorskie", "is_capital": false, "latitude": 54.4208, "longitude": 16.4097, "population": 13081}, {"name": "Dobre Miasto", "country_iso2": "PL", "state": "Warmińsko-Mazurskie", "is_capital": false, "latitude": 53.9875, "longitude": 20.3958, "population": 9629}, {"name": "Drawsko Pomorskie", "country_iso2": "PL", "state": "Zachodniopomorskie", "is_capital": false, "latitude": 53.5333, "longitude": 15.8, "population": 11515}, {"name": "Drezdenko", "country_iso2": "PL", "state": "Lubuskie", "is_capital": false, "latitude": 52.8333, "longitude": 15.8333, "population": 9800}, {"name": "Działdowo", "country_iso2": "PL", "state": "Warmińsko-Mazurskie", "is_capital": false, "latitude": 53.2333, "longitude": 20.1833, "population": 20670}, {"name": "Dzierżoniów", "country_iso2": "PL", "state": "Dolnośląskie", "is_capital": false, "latitude": 50.7281, "longitude": 16.6511, "population": 31866}, {"name": "Dąbrowa Górnicza", "country_iso2": "PL", "state": "Śląskie", "is_capital": false, "latitude": 50.3214, "longitude": 19.1872, "population": 116930}, {"name": "Dąbrowa Tarnowska", "country_iso2": "PL", "state": "Małopolskie", "is_capital": false, "latitude": 50.1667, "longitude": 20.9833, "population": 11549}, {"name": "Dębica", "country_iso2": "PL", "state": "Podkarpackie", "is_capital": false, "latitude": 50.05, "longitude": 21.4167, "population": 44047}, {"name": "Dęblin", "country_iso2": "PL", "state": "Lubelskie", "is_capital": false, "latitude": 51.5667, "longitude": 21.8614, "population": 14791}, {"name": "Dębno", "country_iso2": "PL", "state": "Zachodniopomorskie", "is_capital": false, "latitude": 52.7333, "longitude": 14.7, "population": 13291}, {"name": "Elbląg", "country_iso2": "PL", "state": "Warmińsko-Mazurskie", "is_capital": false, "latitude": 54.1667, "longitude": 19.4, "population": 115220}, {"name": "Ełk", "country_iso2": "PL", "state": "Warmińsko-Mazurskie", "is_capital": false, "latitude": 53.8214, "longitude": 22.3622, "population": 60390}, {"name": "Garwolin", "country_iso2": "PL", "state": "Mazowieckie", "is_capital": false, "latitude": 51.8972, "longitude": 21.615, "population": 17279}, {"name": "Gdańsk", "country_iso2": "PL", "state": "Pomorskie", "is_capital": true, "latitude": 54.3475, "longitude": 18.6453, "population": 749786}, {"name": "Gdynia", "country_iso2": "PL", "state": "Pomorskie", "is_capital": false, "latitude": 54.5175, "longitude": 18.54, "population": 245222}, {"name": "Giszowiec", "country_iso2": "PL", "state": "Śląskie", "is_capital": false, "latitude": 50.2236, "longitude": 19.0694, "population": 18475}, {"name": "Giżycko", "country_iso2": "PL", "state": "Warmińsko-Mazurskie", "is_capital": false, "latitude": 54.04, "longitude": 21.7589, "population": 28233}, {"name": "Gliwice", "country_iso2": "PL", "state": "Śląskie", "is_capital": false, "latitude": 50.2833, "longitude": 18.6667, "population": 174016}, {"name": "Gniezno", "country_iso2": "PL", "state": "Wielkopolskie", "is_capital": false, "latitude": 52.5358, "longitude": 17.5958, "population": 65452}, {"name": "Goleniów", "country_iso2": "PL", "state": "Zachodniopomorskie", "is_capital": false, "latitude": 53.5636, "longitude": 14.8281, "population": 22166}, {"name": "Golub-Dobrzyń", "country_iso2": "PL", "state": "Kujawsko-Pomorskie", "is_capital": false, "latitude": 53.1, "longitude": 19.05, "population": 11722}, {"name": "Gorlice", "country_iso2": "PL", "state": "Małopolskie", "is_capital": false, "latitude": 49.6547, "longitude": 21.1597, "population": 26405}, {"name": "Gorzów Wielkopolski", "country_iso2": "PL", "state": "Lubuskie", "is_capital": true, "latitude": 52.7333, "longitude": 15.25, "population": 119964}, {"name": "Gostynin", "country_iso2": "PL", "state": "Mazowieckie", "is_capital": false, "latitude": 52.4167, "longitude": 19.4667, "population": 17624}, {"name": "Gostyń", "country_iso2": "PL", "state": "Wielkopolskie", "is_capital": false, "latitude": 51.8792, "longitude": 17.0125, "population": 20210}, {"name": "Gołdap", "country_iso2": "PL", "state": "Warmińsko-Mazurskie", "is_capital": false, "latitude": 54.3161, "longitude": 22.3094, "population": 13378}, {"name": "Grajewo", "country_iso2": "PL", "state": "Podlaskie", "is_capital": false, "latitude": 53.65, "longitude": 22.45, "population": 21395}, {"name": "Grodzisk Mazowiecki", "country_iso2": "PL", "state": "Mazowieckie", "is_capital": false, "latitude": 52.1089, "longitude": 20.625, "population": 33708}, {"name": "Grodzisk Wielkopolski", "country_iso2": "PL", "state": "Wielkopolskie", "is_capital": false, "latitude": 52.2333, "longitude": 16.3667, "population": 15131}, {"name": "Grudziądz", "country_iso2": "PL", "state": "Kujawsko-Pomorskie", "is_capital": false, "latitude": 53.4875, "longitude": 18.755, "population": 90890}, {"name": "Gryfice", "country_iso2": "PL", "state": "Zachodniopomorskie", "is_capital": false, "latitude": 53.9147, "longitude": 15.1986, "population": 15863}, {"name": "Gryfino", "country_iso2": "PL", "state": "Zachodniopomorskie", "is_capital": false, "latitude": 53.2531, "longitude": 14.4875, "population": 20297}, {"name": "Grójec", "country_iso2": "PL", "state": "Mazowieckie", "is_capital": false, "latitude": 51.8656, "longitude": 20.8675, "population": 17037}, {"name": "Gubin", "country_iso2": "PL", "state": "Lubuskie", "is_capital": false, "latitude": 51.95, "longitude": 14.7167, "population": 16114}, {"name": "Góra", "country_iso2": "PL", "state": "Dolnośląskie", "is_capital": false, "latitude": 51.6667, "longitude": 16.55, "population": 11173}, {"name": "Góra Kalwaria", "country_iso2": "PL", "state": "Mazowieckie", "is_capital": false, "latitude": 51.9733, "longitude": 21.2144, "population": 11887}, {"name": "Głogów", "country_iso2": "PL", "state": "Dolnośląskie", "is_capital": false, "latitude": 51.6589, "longitude": 16.0803, "population": 64261}, {"name": "Głogów Małopolski", "country_iso2": "PL", "state": "Podkarpackie", "is_capital": false, "latitude": 50.1667, "longitude": 21.9667, "population": 10232}, {"name": "Głowno", "country_iso2": "PL", "state": "Łódzkie", "is_capital": false, "latitude": 51.9642, "longitude": 19.7117, "population": 13506}, {"name": "Głubczyce", "country_iso2": "PL", "state": "Opolskie", "is_capital": false, "latitude": 50.2011, "longitude": 17.8247, "population": 12100}, {"name": "Głuchołazy", "country_iso2": "PL", "state": "Opolskie", "is_capital": false, "latitude": 50.3131, "longitude": 17.3742, "population": 13143}, {"name": "Hajnówka", "country_iso2": "PL", "state": "Podlaskie", "is_capital": false, "latitude": 52.7333, "longitude": 23.5667, "population": 19667}, {"name": "Halemba", "country_iso2": "PL", "state": "Śląskie", "is_capital": false, "latitude": 50.2378, "longitude": 18.8633, "population": 26080}, {"name": "Hrubieszów", "country_iso2": "PL", "state": "Lubelskie", "is_capital": false, "latitude": 50.8167, "longitude": 23.8833, "population": 16832}, {"name": "Imielin", "country_iso2": "PL", "state": "Śląskie", "is_capital": false, "latitude": 50.1478, "longitude": 19.1814, "population": 9313}, {"name": "Inowrocław", "country_iso2": "PL", "state": "Kujawsko-Pomorskie", "is_capital": false, "latitude": 52.7931, "longitude": 18.2611, "population": 69576}, {"name": "Iława", "country_iso2": "PL", "state": "Warmińsko-Mazurskie", "is_capital": false, "latitude": 53.5964, "longitude": 19.5656, "population": 32664}, {"name": "Janów Lubelski", "country_iso2": "PL", "state": "Lubelskie", "is_capital": false, "latitude": 50.7167, "longitude": 22.4167, "population": 11308}, {"name": "Jarocin", "country_iso2": "PL", "state": "Wielkopolskie", "is_capital": false, "latitude": 51.9667, "longitude": 17.5, "population": 26399}, {"name": "Jarosław", "country_iso2": "PL", "state": "Podkarpackie", "is_capital": false, "latitude": 50.0186, "longitude": 22.6797, "population": 36303}, {"name": "Jasien", "country_iso2": "PL", "state": "Pomorskie", "is_capital": false, "latitude": 54.3667, "longitude": 18.6333, "population": 18014}, {"name": "Jastrzębie-Zdrój", "country_iso2": "PL", "state": "Śląskie", "is_capital": false, "latitude": 49.95, "longitude": 18.5833, "population": 82788}, {"name": "Jasło", "country_iso2": "PL", "state": "Podkarpackie", "is_capital": false, "latitude": 49.7478, "longitude": 21.4714, "population": 33830}, {"name": "Jawor", "country_iso2": "PL", "state": "Dolnośląskie", "is_capital": false, "latitude": 51.05, "longitude": 16.2, "population": 21494}, {"name": "Jaworzno", "country_iso2": "PL", "state": "Śląskie", "is_capital": false, "latitude": 50.2044, "longitude": 19.27, "population": 88998}, {"name": "Jelcz-Laskowice", "country_iso2": "PL", "state": "Dolnośląskie", "is_capital": false, "latitude": 51.0333, "longitude": 17.3333, "population": 15380}, {"name": "Jelenia Góra", "country_iso2": "PL", "state": "Dolnośląskie", "is_capital": false, "latitude": 50.9033, "longitude": 15.7344, "population": 77305}, {"name": "Józefosław", "country_iso2": "PL", "state": "Mazowieckie", "is_capital": false, "latitude": 52.1069, "longitude": 21.0392, "population": 14806}, {"name": "Józefów", "country_iso2": "PL", "state": "Mazowieckie", "is_capital": false, "latitude": 52.1356, "longitude": 21.2369, "population": 21035}, {"name": "Jędrzejów", "country_iso2": "PL", "state": "Świętokrzyskie", "is_capital": false, "latitude": 50.6333, "longitude": 20.3, "population": 14592}, {"name": "Kalisz", "country_iso2": "PL", "state": "Wielkopolskie", "is_capital": false, "latitude": 51.7575, "longitude": 18.08, "population": 95905}, {"name": "Kamienna Góra", "country_iso2": "PL", "state": "Dolnośląskie", "is_capital": false, "latitude": 50.7833, "longitude": 16.0333, "population": 17998}, {"name": "Kamień Pomorski", "country_iso2": "PL", "state": "Zachodniopomorskie", "is_capital": false, "latitude": 53.97, "longitude": 14.7725, "population": 8564}, {"name": "Karczew", "country_iso2": "PL", "state": "Mazowieckie", "is_capital": false, "latitude": 52.0833, "longitude": 21.25, "population": 9566}, {"name": "Kartuzy", "country_iso2": "PL", "state": "Pomorskie", "is_capital": false, "latitude": 54.3333, "longitude": 18.2, "population": 14204}, {"name": "Katowice", "country_iso2": "PL", "state": "Śląskie", "is_capital": true, "latitude": 50.2625, "longitude": 19.0217, "population": 285711}, {"name": "Kielce", "country_iso2": "PL", "state": "Świętokrzyskie", "is_capital": true, "latitude": 50.8742, "longitude": 20.6333, "population": 186894}, {"name": "Kiełczów", "country_iso2": "PL", "state": "Dolnośląskie", "is_capital": false, "latitude": 51.1406, "longitude": 17.1783, "population": 10572}, {"name": "Kluczbork", "country_iso2": "PL", "state": "Opolskie", "is_capital": false, "latitude": 50.9833, "longitude": 18.2167, "population": 22703}, {"name": "Knurów", "country_iso2": "PL", "state": "Śląskie", "is_capital": false, "latitude": 50.2167, "longitude": 18.6833, "population": 36498}, {"name": "Kobyłka", "country_iso2": "PL", "state": "Mazowieckie", "is_capital": false, "latitude": 52.3333, "longitude": 21.2, "population": 27185}, {"name": "Kochłowice", "country_iso2": "PL", "state": "Śląskie", "is_capital": false, "latitude": 50.2538, "longitude": 18.9015, "population": 12738}, {"name": "Kokoszki", "country_iso2": "PL", "state": "Pomorskie", "is_capital": false, "latitude": 54.3541, "longitude": 18.4915, "population": 9693}, {"name": "Kolbuszowa", "country_iso2": "PL", "state": "Podkarpackie", "is_capital": false, "latitude": 50.25, "longitude": 21.7667, "population": 8710}, {"name": "Kolno", "country_iso2": "PL", "state": "Podlaskie", "is_capital": false, "latitude": 53.4106, "longitude": 21.9339, "population": 9999}, {"name": "Koluszki", "country_iso2": "PL", "state": "Łódzkie", "is_capital": false, "latitude": 51.75, "longitude": 19.8, "population": 12396}, {"name": "Komorniki", "country_iso2": "PL", "state": "Wielkopolskie", "is_capital": false, "latitude": 52.3361, "longitude": 16.8069, "population": 10990}, {"name": "Komorowice", "country_iso2": "PL", "state": "Śląskie", "is_capital": false, "latitude": 49.8544, "longitude": 19.0406, "population": 10112}, {"name": "Konin", "country_iso2": "PL", "state": "Wielkopolskie", "is_capital": false, "latitude": 52.2167, "longitude": 18.2667, "population": 69858}, {"name": "Konstancin-Jeziorna", "country_iso2": "PL", "state": "Mazowieckie", "is_capital": false, "latitude": 52.0833, "longitude": 21.1167, "population": 17157}, {"name": "Konstantynów Łódzki", "country_iso2": "PL", "state": "Łódzkie", "is_capital": false, "latitude": 51.75, "longitude": 19.3333, "population": 18960}, {"name": "Koronowo", "country_iso2": "PL", "state": "Kujawsko-Pomorskie", "is_capital": false, "latitude": 53.3167, "longitude": 17.9333, "population": 10974}, {"name": "Kostrzyn nad Odrą", "country_iso2": "PL", "state": "Lubuskie", "is_capital": false, "latitude": 52.5883, "longitude": 14.6667, "population": 17899}, {"name": "Kostrzyń", "country_iso2": "PL", "state": "Wielkopolskie", "is_capital": false, "latitude": 52.3942, "longitude": 17.2222, "population": 9809}, {"name": "Koszalin", "country_iso2": "PL", "state": "Zachodniopomorskie", "is_capital": false, "latitude": 54.2, "longitude": 16.1833, "population": 105883}, {"name": "Koszutka", "country_iso2": "PL", "state": "Śląskie", "is_capital": false, "latitude": 50.2711, "longitude": 19.0211, "population": 12431}, {"name": "Kowary", "country_iso2": "PL", "state": "Dolnośląskie", "is_capital": false, "latitude": 50.7917, "longitude": 15.8333, "population": 10217}, {"name": "Kozienice", "country_iso2": "PL", "state": "Mazowieckie", "is_capital": false, "latitude": 51.5833, "longitude": 21.5667, "population": 16192}, {"name": "Kozy", "country_iso2": "PL", "state": "Śląskie", "is_capital": false, "latitude": 49.845, "longitude": 19.1417, "population": 13098}, {"name": "Koło", "country_iso2": "PL", "state": "Wielkopolskie", "is_capital": false, "latitude": 52.2, "longitude": 18.6333, "population": 20380}, {"name": "Kołobrzeg", "country_iso2": "PL", "state": "Zachodniopomorskie", "is_capital": false, "latitude": 54.1761, "longitude": 15.5761, "population": 44340}, {"name": "Końskie", "country_iso2": "PL", "state": "Świętokrzyskie", "is_capital": false, "latitude": 51.2, "longitude": 20.4167, "population": 18201}, {"name": "Kościan", "country_iso2": "PL", "state": "Wielkopolskie", "is_capital": false, "latitude": 52.0833, "longitude": 16.65, "population": 24022}, {"name": "Kościelisko", "country_iso2": "PL", "state": "Małopolskie", "is_capital": false, "latitude": 49.2908, "longitude": 19.8883, "population": 8661}, {"name": "Kościerzyna", "country_iso2": "PL", "state": "Pomorskie", "is_capital": false, "latitude": 54.1167, "longitude": 17.9833, "population": 23723}, {"name": "Kożuchów", "country_iso2": "PL", "state": "Lubuskie", "is_capital": false, "latitude": 51.75, "longitude": 15.6, "population": 9086}, {"name": "Kraków", "country_iso2": "PL", "state": "Małopolskie", "is_capital": true, "latitude": 50.0614, "longitude": 19.9372, "population": 804237}, {"name": "Krapkowice", "country_iso2": "PL", "state": "Opolskie", "is_capital": false, "latitude": 50.4667, "longitude": 17.9667, "population": 15786}, {"name": "Krasnystaw", "country_iso2": "PL", "state": "Lubelskie", "is_capital": false, "latitude": 51.0, "longitude": 23.1667, "population": 17519}, {"name": "Kraśnik", "country_iso2": "PL", "state": "Lubelskie", "is_capital": false, "latitude": 50.9167, "longitude": 22.2167, "population": 32593}, {"name": "Krosno", "country_iso2": "PL", "state": "Podkarpackie", "is_capital": false, "latitude": 49.6833, "longitude": 21.75, "population": 45057}, {"name": "Krosno Odrzańskie", "country_iso2": "PL", "state": "Lubuskie", "is_capital": false, "latitude": 52.0333, "longitude": 15.1, "population": 10905}, {"name": "Krotoszyn", "country_iso2": "PL", "state": "Wielkopolskie", "is_capital": false, "latitude": 51.6833, "longitude": 17.4333, "population": 28704}, {"name": "Kruszwica", "country_iso2": "PL", "state": "Kujawsko-Pomorskie", "is_capital": false, "latitude": 52.6772, "longitude": 18.3292, "population": 9288}, {"name": "Krynica", "country_iso2": "PL", "state": "Małopolskie", "is_capital": false, "latitude": 49.4117, "longitude": 20.955, "population": 10001}, {"name": "Krzeszowice", "country_iso2": "PL", "state": "Małopolskie", "is_capital": false, "latitude": 50.1333, "longitude": 19.6333, "population": 9868}, {"name": "Kudowa-Zdrój", "country_iso2": "PL", "state": "Dolnośląskie", "is_capital": false, "latitude": 50.4383, "longitude": 16.2397, "population": 9627}, {"name": "Kutno", "country_iso2": "PL", "state": "Łódzkie", "is_capital": false, "latitude": 52.2333, "longitude": 19.3667, "population": 42255}, {"name": "Kwidzyn", "country_iso2": "PL", "state": "Pomorskie", "is_capital": false, "latitude": 53.7358, "longitude": 18.9308, "population": 37768}, {"name": "Kędzierzyn-Koźle", "country_iso2": "PL", "state": "Opolskie", "is_capital": false, "latitude": 50.35, "longitude": 18.2, "population": 56931}, {"name": "Kępno", "country_iso2": "PL", "state": "Wielkopolskie", "is_capital": false, "latitude": 51.2833, "longitude": 17.9833, "population": 13951}, {"name": "Kętrzyn", "country_iso2": "PL", "state": "Warmińsko-Mazurskie", "is_capital": false, "latitude": 54.0833, "longitude": 21.3833, "population": 26174}, {"name": "Kęty", "country_iso2": "PL", "state": "Małopolskie", "is_capital": false, "latitude": 49.9, "longitude": 19.2167, "population": 18067}, {"name": "Kłobuck", "country_iso2": "PL", "state": "Śląskie", "is_capital": false, "latitude": 50.9167, "longitude": 18.9333, "population": 12513}, {"name": "Kłodzko", "country_iso2": "PL", "state": "Dolnośląskie", "is_capital": false, "latitude": 50.4386, "longitude": 16.655, "population": 25717}, {"name": "Legionowo", "country_iso2": "PL", "state": "Mazowieckie", "is_capital": false, "latitude": 52.4, "longitude": 20.8833, "population": 53216}, {"name": "Legnica", "country_iso2": "PL", "state": "Dolnośląskie", "is_capital": false, "latitude": 51.2083, "longitude": 16.1603, "population": 94878}, {"name": "Leszno", "country_iso2": "PL", "state": "Wielkopolskie", "is_capital": false, "latitude": 51.8458, "longitude": 16.5806, "population": 61791}, {"name": "Leżajsk", "country_iso2": "PL", "state": "Podkarpackie", "is_capital": false, "latitude": 50.2667, "longitude": 22.4333, "population": 13164}, {"name": "Libiąż", "country_iso2": "PL", "state": "Małopolskie", "is_capital": false, "latitude": 50.1, "longitude": 19.3167, "population": 16385}, {"name": "Lidzbark Warmiński", "country_iso2": "PL", "state": "Warmińsko-Mazurskie", "is_capital": false, "latitude": 54.1167, "longitude": 20.5833, "population": 14878}, {"name": "Limanowa", "country_iso2": "PL", "state": "Małopolskie", "is_capital": false, "latitude": 49.7006, "longitude": 20.4267, "population": 14635}, {"name": "Lipno", "country_iso2": "PL", "state": "Kujawsko-Pomorskie", "is_capital": false, "latitude": 52.85, "longitude": 19.1667, "population": 13752}, {"name": "Lubaczów", "country_iso2": "PL", "state": "Podkarpackie", "is_capital": false, "latitude": 50.1667, "longitude": 23.1167, "population": 11619}, {"name": "Lubartów", "country_iso2": "PL", "state": "Lubelskie", "is_capital": false, "latitude": 51.4667, "longitude": 22.6, "population": 20494}, {"name": "Lubawa", "country_iso2": "PL", "state": "Warmińsko-Mazurskie", "is_capital": false, "latitude": 53.5, "longitude": 19.75, "population": 10626}, {"name": "Lubań", "country_iso2": "PL", "state": "Dolnośląskie", "is_capital": false, "latitude": 51.1181, "longitude": 15.2889, "population": 20096}, {"name": "Lubin", "country_iso2": "PL", "state": "Dolnośląskie", "is_capital": false, "latitude": 51.3972, "longitude": 16.2056, "population": 70016}, {"name": "Lublin", "country_iso2": "PL", "state": "Lubelskie", "is_capital": true, "latitude": 51.25, "longitude": 22.5667, "population": 334681}, {"name": "Lubliniec", "country_iso2": "PL", "state": "Śląskie", "is_capital": false, "latitude": 50.6833, "longitude": 18.6833, "population": 23427}, {"name": "Luboń", "country_iso2": "PL", "state": "Wielkopolskie", "is_capital": false, "latitude": 52.3333, "longitude": 16.8833, "population": 33024}, {"name": "Lubsko", "country_iso2": "PL", "state": "Lubuskie", "is_capital": false, "latitude": 51.7833, "longitude": 14.9667, "population": 13240}, {"name": "Lębork", "country_iso2": "PL", "state": "Pomorskie", "is_capital": false, "latitude": 54.55, "longitude": 17.75, "population": 34500}, {"name": "Maków Mazowiecki", "country_iso2": "PL", "state": "Mazowieckie", "is_capital": false, "latitude": 52.8667, "longitude": 21.1, "population": 9173}, {"name": "Malbork", "country_iso2": "PL", "state": "Pomorskie", "is_capital": false, "latitude": 54.0333, "longitude": 19.0333, "population": 37635}, {"name": "Marki", "country_iso2": "PL", "state": "Mazowieckie", "is_capital": false, "latitude": 52.3333, "longitude": 21.1, "population": 42252}, {"name": "Miastko", "country_iso2": "PL", "state": "Pomorskie", "is_capital": false, "latitude": 54.0167, "longitude": 16.9833, "population": 9491}, {"name": "Miechów", "country_iso2": "PL", "state": "Małopolskie", "is_capital": false, "latitude": 50.3578, "longitude": 20.0325, "population": 11215}, {"name": "Mielec", "country_iso2": "PL", "state": "Podkarpackie", "is_capital": false, "latitude": 50.2833, "longitude": 21.4333, "population": 58213}, {"name": "Mikołów", "country_iso2": "PL", "state": "Śląskie", "is_capital": false, "latitude": 50.1667, "longitude": 18.9, "population": 41266}, {"name": "Mikuszowice", "country_iso2": "PL", "state": "Śląskie", "is_capital": false, "latitude": 49.7833, "longitude": 19.0703, "population": 10041}, {"name": "Milanówek", "country_iso2": "PL", "state": "Mazowieckie", "is_capital": false, "latitude": 52.1167, "longitude": 20.65, "population": 16490}, {"name": "Milicz", "country_iso2": "PL", "state": "Dolnośląskie", "is_capital": false, "latitude": 51.5333, "longitude": 17.2833, "population": 11025}, {"name": "Międzychód", "country_iso2": "PL", "state": "Wielkopolskie", "is_capital": false, "latitude": 52.6, "longitude": 15.8833, "population": 10288}, {"name": "Międzyrzec Podlaski", "country_iso2": "PL", "state": "Lubelskie", "is_capital": false, "latitude": 51.9833, "longitude": 22.7833, "population": 15830}, {"name": "Międzyrzecz", "country_iso2": "PL", "state": "Lubuskie", "is_capital": false, "latitude": 52.4483, "longitude": 15.5883, "population": 17400}, {"name": "Mińsk Mazowiecki", "country_iso2": "PL", "state": "Mazowieckie", "is_capital": false, "latitude": 52.1833, "longitude": 21.5667, "population": 40467}, {"name": "Mogilno", "country_iso2": "PL", "state": "Kujawsko-Pomorskie", "is_capital": false, "latitude": 52.65, "longitude": 17.95, "population": 11453}, {"name": "Morąg", "country_iso2": "PL", "state": "Warmińsko-Mazurskie", "is_capital": false, "latitude": 53.9167, "longitude": 19.9333, "population": 13317}, {"name": "Mosina", "country_iso2": "PL", "state": "Wielkopolskie", "is_capital": false, "latitude": 52.2467, "longitude": 16.845, "population": 14511}, {"name": "Mońki", "country_iso2": "PL", "state": "Podlaskie", "is_capital": false, "latitude": 53.4, "longitude": 22.8, "population": 9675}, {"name": "Mrągowo", "country_iso2": "PL", "state": "Warmińsko-Mazurskie", "is_capital": false, "latitude": 53.8667, "longitude": 21.3, "population": 21325}, {"name": "Murowana Goślina", "country_iso2": "PL", "state": "Wielkopolskie", "is_capital": false, "latitude": 52.5667, "longitude": 17.0167, "population": 10247}, {"name": "Myszków", "country_iso2": "PL", "state": "Śląskie", "is_capital": false, "latitude": 50.5706, "longitude": 19.3144, "population": 30415}, {"name": "Mysłowice", "country_iso2": "PL", "state": "Śląskie", "is_capital": false, "latitude": 50.2333, "longitude": 19.1333, "population": 72553}, {"name": "Myślenice", "country_iso2": "PL", "state": "Małopolskie", "is_capital": false, "latitude": 49.8347, "longitude": 19.9389, "population": 18051}, {"name": "Myślibórz", "country_iso2": "PL", "state": "Zachodniopomorskie", "is_capital": false, "latitude": 52.9333, "longitude": 14.8667, "population": 10649}, {"name": "Mława", "country_iso2": "PL", "state": "Mazowieckie", "is_capital": false, "latitude": 53.1167, "longitude": 20.3667, "population": 30919}, {"name": "Nakło nad Notecią", "country_iso2": "PL", "state": "Kujawsko-Pomorskie", "is_capital": false, "latitude": 53.1403, "longitude": 17.5928, "population": 17620}, {"name": "Namysłów", "country_iso2": "PL", "state": "Opolskie", "is_capital": false, "latitude": 51.0728, "longitude": 17.7069, "population": 16942}, {"name": "Nidzica", "country_iso2": "PL", "state": "Warmińsko-Mazurskie", "is_capital": false, "latitude": 53.3583, "longitude": 20.425, "population": 13052}, {"name": "Niepołomice", "country_iso2": "PL", "state": "Małopolskie", "is_capital": false, "latitude": 50.0339, "longitude": 20.2172, "population": 15697}, {"name": "Nisko", "country_iso2": "PL", "state": "Podkarpackie", "is_capital": false, "latitude": 50.52, "longitude": 22.1394, "population": 14874}, {"name": "Nowa Dęba", "country_iso2": "PL", "state": "Podkarpackie", "is_capital": false, "latitude": 50.4167, "longitude": 21.7667, "population": 10647}, {"name": "Nowa Ruda", "country_iso2": "PL", "state": "Dolnośląskie", "is_capital": false, "latitude": 50.5833, "longitude": 16.5, "population": 21264}, {"name": "Nowa Sól", "country_iso2": "PL", "state": "Lubuskie", "is_capital": false, "latitude": 51.8, "longitude": 15.7167, "population": 36843}, {"name": "Nowe Miasto Lubawskie", "country_iso2": "PL", "state": "Warmińsko-Mazurskie", "is_capital": false, "latitude": 53.4256, "longitude": 19.5878, "population": 10492}, {"name": "Nowogard", "country_iso2": "PL", "state": "Zachodniopomorskie", "is_capital": false, "latitude": 53.6667, "longitude": 15.1167, "population": 16102}, {"name": "Nowy Dwór Gdański", "country_iso2": "PL", "state": "Pomorskie", "is_capital": false, "latitude": 54.2167, "longitude": 19.1167, "population": 9618}, {"name": "Nowy Dwór Mazowiecki", "country_iso2": "PL", "state": "Mazowieckie", "is_capital": false, "latitude": 52.4333, "longitude": 20.7167, "population": 28651}, {"name": "Nowy Sącz", "country_iso2": "PL", "state": "Małopolskie", "is_capital": false, "latitude": 49.6239, "longitude": 20.6972, "population": 81281}, {"name": "Nowy Targ", "country_iso2": "PL", "state": "Małopolskie", "is_capital": false, "latitude": 49.4667, "longitude": 20.0167, "population": 33273}, {"name": "Nowy Tomyśl", "country_iso2": "PL", "state": "Wielkopolskie", "is_capital": false, "latitude": 52.3167, "longitude": 16.1333, "population": 14116}, {"name": "Nysa", "country_iso2": "PL", "state": "Opolskie", "is_capital": false, "latitude": 50.4714, "longitude": 17.3339, "population": 42151}, {"name": "Oborniki", "country_iso2": "PL", "state": "Wielkopolskie", "is_capital": false, "latitude": 52.65, "longitude": 16.8167, "population": 17629}, {"name": "Oborniki Śląskie", "country_iso2": "PL", "state": "Dolnośląskie", "is_capital": false, "latitude": 51.2986, "longitude": 16.9017, "population": 9101}, {"name": "Olecko", "country_iso2": "PL", "state": "Warmińsko-Mazurskie", "is_capital": false, "latitude": 54.0333, "longitude": 22.5, "population": 16076}, {"name": "Olesno", "country_iso2": "PL", "state": "Opolskie", "is_capital": false, "latitude": 50.875, "longitude": 18.4167, "population": 9122}, {"name": "Oleśnica", "country_iso2": "PL", "state": "Dolnośląskie", "is_capital": false, "latitude": 51.2, "longitude": 17.3833, "population": 35856}, {"name": "Olkusz", "country_iso2": "PL", "state": "Małopolskie", "is_capital": false, "latitude": 50.2833, "longitude": 19.5667, "population": 33462}, {"name": "Olsztyn", "country_iso2": "PL", "state": "Warmińsko-Mazurskie", "is_capital": true, "latitude": 53.7778, "longitude": 20.4792, "population": 170225}, {"name": "Opalenica", "country_iso2": "PL", "state": "Wielkopolskie", "is_capital": false, "latitude": 52.3078, "longitude": 16.4136, "population": 9360}, {"name": "Opoczno", "country_iso2": "PL", "state": "Łódzkie", "is_capital": false, "latitude": 51.3772, "longitude": 20.2869, "population": 19246}, {"name": "Opole", "country_iso2": "PL", "state": "Opolskie", "is_capital": true, "latitude": 50.6667, "longitude": 17.9333, "population": 127387}, {"name": "Orzesze", "country_iso2": "PL", "state": "Śląskie", "is_capital": false, "latitude": 50.15, "longitude": 18.75, "population": 21631}, {"name": "Osowa", "country_iso2": "PL", "state": "Pomorskie", "is_capital": false, "latitude": 54.4272, "longitude": 18.4708, "population": 15843}, {"name": "Ostrowiec Świętokrzyski", "country_iso2": "PL", "state": "Świętokrzyskie", "is_capital": false, "latitude": 50.9333, "longitude": 21.4, "population": 64796}, {"name": "Ostrołęka", "country_iso2": "PL", "state": "Mazowieckie", "is_capital": false, "latitude": 53.0667, "longitude": 21.5667, "population": 48712}, {"name": "Ostrzeszów", "country_iso2": "PL", "state": "Wielkopolskie", "is_capital": false, "latitude": 51.4167, "longitude": 17.9333, "population": 14036}, {"name": "Ostróda", "country_iso2": "PL", "state": "Warmińsko-Mazurskie", "is_capital": false, "latitude": 53.7, "longitude": 19.9667, "population": 17795}, {"name": "Ostrów Mazowiecka", "country_iso2": "PL", "state": "Mazowieckie", "is_capital": false, "latitude": 52.8, "longitude": 21.9, "population": 22013}, {"name": "Ostrów Wielkopolski", "country_iso2": "PL", "state": "Wielkopolskie", "is_capital": false, "latitude": 51.6494, "longitude": 17.8164, "population": 70725}, {"name": "Otwock", "country_iso2": "PL", "state": "Mazowieckie", "is_capital": false, "latitude": 52.1167, "longitude": 21.2667, "population": 44524}, {"name": "Ozorków", "country_iso2": "PL", "state": "Łódzkie", "is_capital": false, "latitude": 51.9667, "longitude": 19.2833, "population": 18721}, {"name": "Oława", "country_iso2": "PL", "state": "Dolnośląskie", "is_capital": false, "latitude": 50.9333, "longitude": 17.3, "population": 33268}, {"name": "Oświęcim", "country_iso2": "PL", "state": "Małopolskie", "is_capital": false, "latitude": 50.0381, "longitude": 19.2214, "population": 36956}, {"name": "Ożarów Mazowiecki", "country_iso2": "PL", "state": "Mazowieckie", "is_capital": false, "latitude": 52.2167, "longitude": 20.8, "population": 14375}, {"name": "Pabianice", "country_iso2": "PL", "state": "Łódzkie", "is_capital": false, "latitude": 51.65, "longitude": 19.3833, "population": 62954}, {"name": "Parczew", "country_iso2": "PL", "state": "Lubelskie", "is_capital": false, "latitude": 51.6333, "longitude": 22.8667, "population": 10519}, {"name": "Pasłęk", "country_iso2": "PL", "state": "Warmińsko-Mazurskie", "is_capital": false, "latitude": 54.05, "longitude": 19.6667, "population": 12074}, {"name": "Pawłowice", "country_iso2": "PL", "state": "Śląskie", "is_capital": false, "latitude": 49.9628, "longitude": 18.7181, "population": 9085}, {"name": "Piaseczno", "country_iso2": "PL", "state": "Mazowieckie", "is_capital": false, "latitude": 52.0667, "longitude": 21.0167, "population": 51945}, {"name": "Piastów", "country_iso2": "PL", "state": "Mazowieckie", "is_capital": false, "latitude": 52.1833, "longitude": 20.85, "population": 23281}, {"name": "Piekary Śląskie", "country_iso2": "PL", "state": "Śląskie", "is_capital": false, "latitude": 50.3833, "longitude": 18.95, "population": 51876}, {"name": "Pionki", "country_iso2": "PL", "state": "Mazowieckie", "is_capital": false, "latitude": 51.4833, "longitude": 21.45, "population": 16779}, {"name": "Piotrków Trybunalski", "country_iso2": "PL", "state": "Łódzkie", "is_capital": false, "latitude": 51.4, "longitude": 19.6833, "population": 68978}, {"name": "Pisz", "country_iso2": "PL", "state": "Warmińsko-Mazurskie", "is_capital": false, "latitude": 53.6167, "longitude": 21.8, "population": 18245}, {"name": "Piła", "country_iso2": "PL", "state": "Wielkopolskie", "is_capital": false, "latitude": 53.15, "longitude": 16.7333, "population": 71735}, {"name": "Pińczów", "country_iso2": "PL", "state": "Świętokrzyskie", "is_capital": false, "latitude": 50.5333, "longitude": 20.5333, "population": 10078}, {"name": "Pleszew", "country_iso2": "PL", "state": "Wielkopolskie", "is_capital": false, "latitude": 51.8833, "longitude": 17.7833, "population": 16641}, {"name": "Plewiska", "country_iso2": "PL", "state": "Wielkopolskie", "is_capital": false, "latitude": 52.3664, "longitude": 16.8089, "population": 14160}, {"name": "Pobiedziska", "country_iso2": "PL", "state": "Wielkopolskie", "is_capital": false, "latitude": 52.4947, "longitude": 17.2672, "population": 9755}, {"name": "Podgórze", "country_iso2": "PL", "state": "Małopolskie", "is_capital": false, "latitude": 50.0417, "longitude": 19.9833, "population": 34045}, {"name": "Police", "country_iso2": "PL", "state": "Zachodniopomorskie", "is_capital": false, "latitude": 53.5333, "longitude": 14.5667, "population": 30623}, {"name": "Polkowice", "country_iso2": "PL", "state": "Dolnośląskie", "is_capital": false, "latitude": 51.5, "longitude": 16.0667, "population": 21786}, {"name": "Poniatowa", "country_iso2": "PL", "state": "Lubelskie", "is_capital": false, "latitude": 51.1928, "longitude": 22.0647, "population": 8517}, {"name": "Poznań", "country_iso2": "PL", "state": "Wielkopolskie", "is_capital": true, "latitude": 52.4083, "longitude": 16.9336, "population": 546859}, {"name": "Prudnik", "country_iso2": "PL", "state": "Opolskie", "is_capital": false, "latitude": 50.3228, "longitude": 17.5767, "population": 19747}, {"name": "Pruszcz Gdański", "country_iso2": "PL", "state": "Pomorskie", "is_capital": false, "latitude": 54.2667, "longitude": 18.6333, "population": 31582}, {"name": "Pruszków", "country_iso2": "PL", "state": "Mazowieckie", "is_capital": false, "latitude": 52.1667, "longitude": 20.8, "population": 65283}, {"name": "Przasnysz", "country_iso2": "PL", "state": "Mazowieckie", "is_capital": false, "latitude": 53.0167, "longitude": 20.8833, "population": 16662}, {"name": "Przemyśl", "country_iso2": "PL", "state": "Podkarpackie", "is_capital": false, "latitude": 49.7833, "longitude": 22.7667, "population": 58408}, {"name": "Przeworsk", "country_iso2": "PL", "state": "Podkarpackie", "is_capital": false, "latitude": 50.0667, "longitude": 22.5, "population": 14881}, {"name": "Pszczyna", "country_iso2": "PL", "state": "Śląskie", "is_capital": false, "latitude": 49.9833, "longitude": 18.95, "population": 25565}, {"name": "Puck", "country_iso2": "PL", "state": "Pomorskie", "is_capital": false, "latitude": 54.7, "longitude": 18.4, "population": 10868}, {"name": "Puszczykowo", "country_iso2": "PL", "state": "Wielkopolskie", "is_capital": false, "latitude": 52.2817, "longitude": 16.8542, "population": 9470}, {"name": "Puławy", "country_iso2": "PL", "state": "Lubelskie", "is_capital": false, "latitude": 51.4167, "longitude": 21.9667, "population": 45267}, {"name": "Pułtusk", "country_iso2": "PL", "state": "Mazowieckie", "is_capital": false, "latitude": 52.7, "longitude": 21.0833, "population": 19327}, {"name": "Pyrzyce", "country_iso2": "PL", "state": "Zachodniopomorskie", "is_capital": false, "latitude": 53.1333, "longitude": 14.8833, "population": 12041}, {"name": "Pyskowice", "country_iso2": "PL", "state": "Śląskie", "is_capital": false, "latitude": 50.3833, "longitude": 18.6167, "population": 17394}, {"name": "Płock", "country_iso2": "PL", "state": "Mazowieckie", "is_capital": false, "latitude": 52.55, "longitude": 19.7, "population": 112483}, {"name": "Płońsk", "country_iso2": "PL", "state": "Mazowieckie", "is_capital": false, "latitude": 52.6231, "longitude": 20.3706, "population": 21800}, {"name": "Racibórz", "country_iso2": "PL", "state": "Śląskie", "is_capital": false, "latitude": 50.0833, "longitude": 18.2333, "population": 51257}, {"name": "Radom", "country_iso2": "PL", "state": "Mazowieckie", "is_capital": false, "latitude": 51.4036, "longitude": 21.1567, "population": 201601}, {"name": "Radomsko", "country_iso2": "PL", "state": "Łódzkie", "is_capital": false, "latitude": 51.0667, "longitude": 19.45, "population": 44441}, {"name": "Radzionków Nowy", "country_iso2": "PL", "state": "Śląskie", "is_capital": false, "latitude": 50.3833, "longitude": 18.8833, "population": 16253}, {"name": "Radzymin", "country_iso2": "PL", "state": "Mazowieckie", "is_capital": false, "latitude": 52.4167, "longitude": 21.1833, "population": 14314}, {"name": "Radzyń Podlaski", "country_iso2": "PL", "state": "Lubelskie", "is_capital": false, "latitude": 51.7828, "longitude": 22.6242, "population": 14806}, {"name": "Rawa Mazowiecka", "country_iso2": "PL", "state": "Łódzkie", "is_capital": false, "latitude": 51.7658, "longitude": 20.2533, "population": 16429}, {"name": "Rawicz", "country_iso2": "PL", "state": "Wielkopolskie", "is_capital": false, "latitude": 51.6092, "longitude": 16.8575, "population": 20305}, {"name": "Reda", "country_iso2": "PL", "state": "Pomorskie", "is_capital": false, "latitude": 54.6167, "longitude": 18.35, "population": 28506}, {"name": "Rogoźno", "country_iso2": "PL", "state": "Wielkopolskie", "is_capital": false, "latitude": 52.7492, "longitude": 16.9997, "population": 10959}, {"name": "Rokietnica", "country_iso2": "PL", "state": "Wielkopolskie", "is_capital": false, "latitude": 52.5122, "longitude": 16.7456, "population": 9393}, {"name": "Ropczyce", "country_iso2": "PL", "state": "Podkarpackie", "is_capital": false, "latitude": 50.0861, "longitude": 21.6333, "population": 15815}, {"name": "Ruda Śląska", "country_iso2": "PL", "state": "Śląskie", "is_capital": false, "latitude": 50.2628, "longitude": 18.8536, "population": 133793}, {"name": "Rumia", "country_iso2": "PL", "state": "Pomorskie", "is_capital": false, "latitude": 54.5667, "longitude": 18.4, "population": 51879}, {"name": "Rury", "country_iso2": "PL", "state": "Lubelskie", "is_capital": false, "latitude": 51.2386, "longitude": 22.5164, "population": 30093}, {"name": "Rybnik", "country_iso2": "PL", "state": "Śląskie", "is_capital": false, "latitude": 50.0833, "longitude": 18.55, "population": 133772}, {"name": "Ryki", "country_iso2": "PL", "state": "Lubelskie", "is_capital": false, "latitude": 51.6333, "longitude": 21.9333, "population": 9229}, {"name": "Rypin", "country_iso2": "PL", "state": "Kujawsko-Pomorskie", "is_capital": false, "latitude": 53.0667, "longitude": 19.45, "population": 15832}, {"name": "Rzeszów", "country_iso2": "PL", "state": "Podkarpackie", "is_capital": true, "latitude": 50.0333, "longitude": 22.0, "population": 195871}, {"name": "Sandomierz", "country_iso2": "PL", "state": "Świętokrzyskie", "is_capital": false, "latitude": 50.6833, "longitude": 21.75, "population": 22189}, {"name": "Sanok", "country_iso2": "PL", "state": "Podkarpackie", "is_capital": false, "latitude": 49.55, "longitude": 22.2167, "population": 35546}, {"name": "Sidlice", "country_iso2": "PL", "state": "Pomorskie", "is_capital": false, "latitude": 54.3471, "longitude": 18.6171, "population": 12842}, {"name": "Siechnice", "country_iso2": "PL", "state": "Dolnośląskie", "is_capital": false, "latitude": 51.0367, "longitude": 17.1525, "population": 9957}, {"name": "Siedlce", "country_iso2": "PL", "state": "Mazowieckie", "is_capital": false, "latitude": 52.165, "longitude": 22.2714, "population": 76357}, {"name": "Siemianowice Śląskie", "country_iso2": "PL", "state": "Śląskie", "is_capital": false, "latitude": 50.2758, "longitude": 18.9858, "population": 63657}, {"name": "Siemiatycze", "country_iso2": "PL", "state": "Podlaskie", "is_capital": false, "latitude": 52.4272, "longitude": 22.8625, "population": 13782}, {"name": "Sieradz", "country_iso2": "PL", "state": "Łódzkie", "is_capital": false, "latitude": 51.6, "longitude": 18.75, "population": 40014}, {"name": "Sierpc", "country_iso2": "PL", "state": "Mazowieckie", "is_capital": false, "latitude": 52.8833, "longitude": 19.6667, "population": 17308}, {"name": "Skarżysko-Kamienna", "country_iso2": "PL", "state": "Świętokrzyskie", "is_capital": false, "latitude": 51.1167, "longitude": 20.9167, "population": 78636}, {"name": "Skawina", "country_iso2": "PL", "state": "Małopolskie", "is_capital": false, "latitude": 49.9833, "longitude": 19.8333, "population": 24177}, {"name": "Skierniewice", "country_iso2": "PL", "state": "Łódzkie", "is_capital": false, "latitude": 51.9528, "longitude": 20.1417, "population": 46437}, {"name": "Skoczów", "country_iso2": "PL", "state": "Śląskie", "is_capital": false, "latitude": 49.8006, "longitude": 18.7883, "population": 13814}, {"name": "Skwierzyna", "country_iso2": "PL", "state": "Lubuskie", "is_capital": false, "latitude": 52.6, "longitude": 15.5, "population": 9272}, {"name": "Sochaczew", "country_iso2": "PL", "state": "Mazowieckie", "is_capital": false, "latitude": 52.2333, "longitude": 20.2333, "population": 34439}, {"name": "Sokołów Podlaski", "country_iso2": "PL", "state": "Mazowieckie", "is_capital": false, "latitude": 52.4067, "longitude": 22.2464, "population": 18526}, {"name": "Sokółka", "country_iso2": "PL", "state": "Podlaskie", "is_capital": false, "latitude": 53.4, "longitude": 23.5, "population": 17616}, {"name": "Solec Kujawski", "country_iso2": "PL", "state": "Kujawsko-Pomorskie", "is_capital": false, "latitude": 53.0833, "longitude": 18.2333, "population": 15458}, {"name": "Sopot", "country_iso2": "PL", "state": "Pomorskie", "is_capital": false, "latitude": 54.4333, "longitude": 18.55, "population": 35049}, {"name": "Sosnowiec", "country_iso2": "PL", "state": "Śląskie", "is_capital": false, "latitude": 50.2833, "longitude": 19.1333, "population": 193660}, {"name": "Stalowa Wola", "country_iso2": "PL", "state": "Podkarpackie", "is_capital": false, "latitude": 50.5667, "longitude": 22.05, "population": 57620}, {"name": "Starachowice", "country_iso2": "PL", "state": "Świętokrzyskie", "is_capital": false, "latitude": 51.05, "longitude": 21.0667, "population": 46270}, {"name": "Stargard Szczeciński", "country_iso2": "PL", "state": "Zachodniopomorskie", "is_capital": false, "latitude": 53.3333, "longitude": 15.0333, "population": 67348}, {"name": "Starogard Gdański", "country_iso2": "PL", "state": "Pomorskie", "is_capital": false, "latitude": 53.9667, "longitude": 18.5333, "population": 46373}, {"name": "Stary Sącz", "country_iso2": "PL", "state": "Małopolskie", "is_capital": false, "latitude": 49.5625, "longitude": 20.6364, "population": 8746}, {"name": "Staszów", "country_iso2": "PL", "state": "Świętokrzyskie", "is_capital": false, "latitude": 50.5633, "longitude": 21.1717, "population": 14158}, {"name": "Strzegom", "country_iso2": "PL", "state": "Dolnośląskie", "is_capital": false, "latitude": 50.9611, "longitude": 16.3444, "population": 15371}, {"name": "Strzelce Krajeńskie", "country_iso2": "PL", "state": "Lubuskie", "is_capital": false, "latitude": 52.8756, "longitude": 15.5319, "population": 9912}, {"name": "Strzelce Opolskie", "country_iso2": "PL", "state": "Opolskie", "is_capital": false, "latitude": 50.5, "longitude": 18.2833, "population": 17512}, {"name": "Strzelin", "country_iso2": "PL", "state": "Dolnośląskie", "is_capital": false, "latitude": 50.7833, "longitude": 17.0667, "population": 12131}, {"name": "Sucha Beskidzka", "country_iso2": "PL", "state": "Małopolskie", "is_capital": false, "latitude": 49.7403, "longitude": 19.5886, "population": 8951}, {"name": "Suchanino", "country_iso2": "PL", "state": "Pomorskie", "is_capital": false, "latitude": 54.3667, "longitude": 18.65, "population": 10392}, {"name": "Sulechów", "country_iso2": "PL", "state": "Lubuskie", "is_capital": false, "latitude": 52.0833, "longitude": 15.6167, "population": 16063}, {"name": "Sulejówek", "country_iso2": "PL", "state": "Mazowieckie", "is_capital": false, "latitude": 52.2442, "longitude": 21.28, "population": 21248}, {"name": "Sulęcin", "country_iso2": "PL", "state": "Lubuskie", "is_capital": false, "latitude": 52.45, "longitude": 15.1167, "population": 9978}, {"name": "Suwałki", "country_iso2": "PL", "state": "Podlaskie", "is_capital": false, "latitude": 54.0989, "longitude": 22.9286, "population": 68752}, {"name": "Swarzędz", "country_iso2": "PL", "state": "Wielkopolskie", "is_capital": false, "latitude": 52.4083, "longitude": 17.0714, "population": 29295}, {"name": "Syców", "country_iso2": "PL", "state": "Dolnośląskie", "is_capital": false, "latitude": 51.31, "longitude": 17.7236, "population": 10102}, {"name": "Szamotuły", "country_iso2": "PL", "state": "Wielkopolskie", "is_capital": false, "latitude": 52.6, "longitude": 16.5833, "population": 18398}, {"name": "Szczecin", "country_iso2": "PL", "state": "Zachodniopomorskie", "is_capital": true, "latitude": 53.4325, "longitude": 14.5481, "population": 396168}, {"name": "Szczecinek", "country_iso2": "PL", "state": "Zachodniopomorskie", "is_capital": false, "latitude": 53.7167, "longitude": 16.6833, "population": 38446}, {"name": "Szczytno", "country_iso2": "PL", "state": "Warmińsko-Mazurskie", "is_capital": false, "latitude": 53.5628, "longitude": 20.9853, "population": 22389}, {"name": "Szprotawa", "country_iso2": "PL", "state": "Lubuskie", "is_capital": false, "latitude": 51.5667, "longitude": 15.5, "population": 11068}, {"name": "Sztum", "country_iso2": "PL", "state": "Pomorskie", "is_capital": false, "latitude": 53.9217, "longitude": 19.0336, "population": 9515}, {"name": "Szubin", "country_iso2": "PL", "state": "Kujawsko-Pomorskie", "is_capital": false, "latitude": 53.0167, "longitude": 17.75, "population": 9563}, {"name": "Szydłowiec", "country_iso2": "PL", "state": "Mazowieckie", "is_capital": false, "latitude": 51.2333, "longitude": 20.85, "population": 10959}, {"name": "Sędziszów Małopolski", "country_iso2": "PL", "state": "Podkarpackie", "is_capital": false, "latitude": 50.0694, "longitude": 21.7014, "population": 12313}, {"name": "Sępólno Krajeńskie", "country_iso2": "PL", "state": "Kujawsko-Pomorskie", "is_capital": false, "latitude": 53.45, "longitude": 17.53, "population": 8914}, {"name": "Sławno", "country_iso2": "PL", "state": "Zachodniopomorskie", "is_capital": false, "latitude": 54.3667, "longitude": 16.6833, "population": 12028}, {"name": "Słubice", "country_iso2": "PL", "state": "Lubuskie", "is_capital": false, "latitude": 52.35, "longitude": 14.5667, "population": 16495}, {"name": "Słupca", "country_iso2": "PL", "state": "Wielkopolskie", "is_capital": false, "latitude": 52.3, "longitude": 17.8667, "population": 13353}, {"name": "Słupsk", "country_iso2": "PL", "state": "Pomorskie", "is_capital": false, "latitude": 54.4658, "longitude": 17.0292, "population": 87660}, {"name": "Tarnobrzeg", "country_iso2": "PL", "state": "Podkarpackie", "is_capital": false, "latitude": 50.5833, "longitude": 21.6833, "population": 44901}, {"name": "Tarnowskie Góry", "country_iso2": "PL", "state": "Śląskie", "is_capital": false, "latitude": 50.4444, "longitude": 18.8583, "population": 61288}, {"name": "Tarnów", "country_iso2": "PL", "state": "Małopolskie", "is_capital": false, "latitude": 50.0125, "longitude": 20.9886, "population": 106259}, {"name": "Tczew", "country_iso2": "PL", "state": "Pomorskie", "is_capital": false, "latitude": 54.0875, "longitude": 18.7972, "population": 57990}, {"name": "Tomaszów Lubelski", "country_iso2": "PL", "state": "Lubelskie", "is_capital": false, "latitude": 50.45, "longitude": 23.4167, "population": 18567}, {"name": "Tomaszów Mazowiecki", "country_iso2": "PL", "state": "Łódzkie", "is_capital": false, "latitude": 51.5167, "longitude": 20.0167, "population": 57600}, {"name": "Toruń", "country_iso2": "PL", "state": "Kujawsko-Pomorskie", "is_capital": true, "latitude": 53.0222, "longitude": 18.6111, "population": 198273}, {"name": "Trzcianka", "country_iso2": "PL", "state": "Wielkopolskie", "is_capital": false, "latitude": 53.05, "longitude": 16.4667, "population": 16831}, {"name": "Trzebiatów", "country_iso2": "PL", "state": "Zachodniopomorskie", "is_capital": false, "latitude": 54.0572, "longitude": 15.2786, "population": 9591}, {"name": "Trzebinia", "country_iso2": "PL", "state": "Małopolskie", "is_capital": false, "latitude": 50.1667, "longitude": 19.4833, "population": 19134}, {"name": "Trzebnica", "country_iso2": "PL", "state": "Dolnośląskie", "is_capital": false, "latitude": 51.305, "longitude": 17.0614, "population": 13631}, {"name": "Tuchola", "country_iso2": "PL", "state": "Kujawsko-Pomorskie", "is_capital": false, "latitude": 53.6, "longitude": 17.85, "population": 13408}, {"name": "Turek", "country_iso2": "PL", "state": "Wielkopolskie", "is_capital": false, "latitude": 52.0167, "longitude": 18.5, "population": 24788}, {"name": "Tychy", "country_iso2": "PL", "state": "Śląskie", "is_capital": false, "latitude": 50.1236, "longitude": 18.9867, "population": 124882}, {"name": "Ustka", "country_iso2": "PL", "state": "Pomorskie", "is_capital": false, "latitude": 54.5833, "longitude": 16.85, "population": 14321}, {"name": "Ustroń", "country_iso2": "PL", "state": "Śląskie", "is_capital": false, "latitude": 49.7194, "longitude": 18.8119, "population": 16118}, {"name": "Ustrzyki Dolne", "country_iso2": "PL", "state": "Podkarpackie", "is_capital": false, "latitude": 49.4297, "longitude": 22.5867, "population": 8717}, {"name": "Wadowice", "country_iso2": "PL", "state": "Małopolskie", "is_capital": false, "latitude": 49.8833, "longitude": 19.5, "population": 17905}, {"name": "Wapienica", "country_iso2": "PL", "state": "Śląskie", "is_capital": false, "latitude": 49.8083, "longitude": 18.9839, "population": 10439}, {"name": "Warka", "country_iso2": "PL", "state": "Mazowieckie", "is_capital": false, "latitude": 51.7833, "longitude": 21.2, "population": 12003}, {"name": "Warsaw", "country_iso2": "PL", "state": "Mazowieckie", "is_capital": true, "latitude": 52.23, "longitude": 21.0111, "population": 2028000}, {"name": "Wasilków", "country_iso2": "PL", "state": "Podlaskie", "is_capital": false, "latitude": 53.205, "longitude": 23.2044, "population": 12147}, {"name": "Wałbrzych", "country_iso2": "PL", "state": "Dolnośląskie", "is_capital": false, "latitude": 50.7667, "longitude": 16.2833, "population": 104401}, {"name": "Wałcz", "country_iso2": "PL", "state": "Zachodniopomorskie", "is_capital": false, "latitude": 53.2667, "longitude": 16.4667, "population": 24167}, {"name": "Wejherowo", "country_iso2": "PL", "state": "Pomorskie", "is_capital": false, "latitude": 54.6, "longitude": 18.25, "population": 46446}, {"name": "Wieliczka", "country_iso2": "PL", "state": "Małopolskie", "is_capital": false, "latitude": 49.9894, "longitude": 20.0661, "population": 26599}, {"name": "Wieluń", "country_iso2": "PL", "state": "Łódzkie", "is_capital": false, "latitude": 51.2206, "longitude": 18.57, "population": 21270}, {"name": "Wieruszów", "country_iso2": "PL", "state": "Łódzkie", "is_capital": false, "latitude": 51.3, "longitude": 18.15, "population": 8514}, {"name": "Wisła", "country_iso2": "PL", "state": "Śląskie", "is_capital": false, "latitude": 49.6549, "longitude": 18.8595, "population": 10887}, {"name": "Wodzisław Śląski", "country_iso2": "PL", "state": "Śląskie", "is_capital": false, "latitude": 50.0, "longitude": 18.45, "population": 45949}, {"name": "Wolsztyn", "country_iso2": "PL", "state": "Wielkopolskie", "is_capital": false, "latitude": 52.1167, "longitude": 16.1167, "population": 12504}, {"name": "Wołomin", "country_iso2": "PL", "state": "Mazowieckie", "is_capital": false, "latitude": 52.35, "longitude": 21.2333, "population": 36311}, {"name": "Wołów", "country_iso2": "PL", "state": "Dolnośląskie", "is_capital": false, "latitude": 51.3414, "longitude": 16.6283, "population": 12275}, {"name": "Wrocław", "country_iso2": "PL", "state": "Dolnośląskie", "is_capital": true, "latitude": 51.11, "longitude": 17.0325, "population": 672929}, {"name": "Wronki", "country_iso2": "PL", "state": "Wielkopolskie", "is_capital": false, "latitude": 52.7, "longitude": 16.3833, "population": 10918}, {"name": "Września", "country_iso2": "PL", "state": "Wielkopolskie", "is_capital": false, "latitude": 52.3333, "longitude": 17.5833, "population": 31986}, {"name": "Wschowa", "country_iso2": "PL", "state": "Lubuskie", "is_capital": false, "latitude": 51.8, "longitude": 16.3, "population": 13533}, {"name": "Wysokie Mazowieckie", "country_iso2": "PL", "state": "Podlaskie", "is_capital": false, "latitude": 52.9192, "longitude": 22.5144, "population": 9155}, {"name": "Wyszków", "country_iso2": "PL", "state": "Mazowieckie", "is_capital": false, "latitude": 52.5928, "longitude": 21.4584, "population": 26349}, {"name": "Wąbrzeźno", "country_iso2": "PL", "state": "Kujawsko-Pomorskie", "is_capital": false, "latitude": 53.2833, "longitude": 18.95, "population": 13317}, {"name": "Wągrowiec", "country_iso2": "PL", "state": "Wielkopolskie", "is_capital": false, "latitude": 52.8, "longitude": 17.2, "population": 25773}, {"name": "Węgorzewo", "country_iso2": "PL", "state": "Warmińsko-Mazurskie", "is_capital": false, "latitude": 54.2167, "longitude": 21.75, "population": 10879}, {"name": "Węgrów", "country_iso2": "PL", "state": "Mazowieckie", "is_capital": false, "latitude": 52.4, "longitude": 22.0167, "population": 11993}, {"name": "Władysławowo", "country_iso2": "PL", "state": "Pomorskie", "is_capital": false, "latitude": 54.8339, "longitude": 18.3156, "population": 9613}, {"name": "Włocławek", "country_iso2": "PL", "state": "Kujawsko-Pomorskie", "is_capital": false, "latitude": 52.6592, "longitude": 19.0681, "population": 104705}, {"name": "Włodawa", "country_iso2": "PL", "state": "Lubelskie", "is_capital": false, "latitude": 51.55, "longitude": 23.55, "population": 12500}, {"name": "Włoszczowa", "country_iso2": "PL", "state": "Świętokrzyskie", "is_capital": false, "latitude": 50.8542, "longitude": 19.9669, "population": 9750}, {"name": "Zabrze", "country_iso2": "PL", "state": "Śląskie", "is_capital": false, "latitude": 50.3025, "longitude": 18.7781, "population": 158307}, {"name": "Zakopane", "country_iso2": "PL", "state": "Małopolskie", "is_capital": false, "latitude": 49.3, "longitude": 19.95, "population": 25770}, {"name": "Zambrów", "country_iso2": "PL", "state": "Podlaskie", "is_capital": false, "latitude": 52.9833, "longitude": 22.25, "population": 21351}, {"name": "Zamość", "country_iso2": "PL", "state": "Lubelskie", "is_capital": false, "latitude": 50.7167, "longitude": 23.2528, "population": 60148}, {"name": "Zawiercie", "country_iso2": "PL", "state": "Śląskie", "is_capital": false, "latitude": 50.5, "longitude": 19.4167, "population": 47689}, {"name": "Zawodzie", "country_iso2": "PL", "state": "Śląskie", "is_capital": false, "latitude": 50.2585, "longitude": 19.0449, "population": 13406}, {"name": "Załęże", "country_iso2": "PL", "state": "Śląskie", "is_capital": false, "latitude": 50.2672, "longitude": 18.9892, "population": 10185}, {"name": "Zduńska Wola", "country_iso2": "PL", "state": "Łódzkie", "is_capital": false, "latitude": 51.6, "longitude": 18.9667, "population": 22904}, {"name": "Zdzieszowice", "country_iso2": "PL", "state": "Opolskie", "is_capital": false, "latitude": 50.4192, "longitude": 18.1236, "population": 10380}, {"name": "Zgierz", "country_iso2": "PL", "state": "Łódzkie", "is_capital": false, "latitude": 51.85, "longitude": 19.4167, "population": 55079}, {"name": "Zgorzelec", "country_iso2": "PL", "state": "Dolnośląskie", "is_capital": false, "latitude": 51.15, "longitude": 15.0083, "population": 29966}, {"name": "Zielona Góra", "country_iso2": "PL", "state": "Lubuskie", "is_capital": true, "latitude": 51.9333, "longitude": 15.5, "population": 216781}, {"name": "Zielonka", "country_iso2": "PL", "state": "Mazowieckie", "is_capital": false, "latitude": 52.3008, "longitude": 21.1586, "population": 18219}, {"name": "Ząbki", "country_iso2": "PL", "state": "Mazowieckie", "is_capital": false, "latitude": 52.2928, "longitude": 21.1161, "population": 43740}, {"name": "Ząbkowice Śląskie", "country_iso2": "PL", "state": "Dolnośląskie", "is_capital": false, "latitude": 50.5833, "longitude": 16.8167, "population": 14578}, {"name": "Złocieniec", "country_iso2": "PL", "state": "Zachodniopomorskie", "is_capital": false, "latitude": 53.5269, "longitude": 16.0122, "population": 12373}, {"name": "Złotoryja", "country_iso2": "PL", "state": "Dolnośląskie", "is_capital": false, "latitude": 51.1333, "longitude": 15.9167, "population": 14656}, {"name": "Złotów", "country_iso2": "PL", "state": "Wielkopolskie", "is_capital": false, "latitude": 53.3603, "longitude": 17.0408, "population": 18768}, {"name": "Łapy", "country_iso2": "PL", "state": "Podlaskie", "is_capital": false, "latitude": 52.9833, "longitude": 22.8833, "population": 14790}, {"name": "Łask", "country_iso2": "PL", "state": "Łódzkie", "is_capital": false, "latitude": 51.5903, "longitude": 19.1333, "population": 16576}, {"name": "Łaziska Górne", "country_iso2": "PL", "state": "Śląskie", "is_capital": false, "latitude": 50.15, "longitude": 18.85, "population": 21592}, {"name": "Łańcut", "country_iso2": "PL", "state": "Podkarpackie", "is_capital": false, "latitude": 50.0667, "longitude": 22.2333, "population": 17768}, {"name": "Łobez", "country_iso2": "PL", "state": "Zachodniopomorskie", "is_capital": false, "latitude": 53.6333, "longitude": 15.6167, "population": 9792}, {"name": "Łomianki", "country_iso2": "PL", "state": "Mazowieckie", "is_capital": false, "latitude": 52.3333, "longitude": 20.8833, "population": 24270}, {"name": "Łomża", "country_iso2": "PL", "state": "Podlaskie", "is_capital": false, "latitude": 53.1764, "longitude": 22.0731, "population": 60848}, {"name": "Łowicz", "country_iso2": "PL", "state": "Łódzkie", "is_capital": false, "latitude": 52.1, "longitude": 19.9333, "population": 26928}, {"name": "Łuków", "country_iso2": "PL", "state": "Lubelskie", "is_capital": false, "latitude": 51.9272, "longitude": 22.3833, "population": 27906}, {"name": "Łódź", "country_iso2": "PL", "state": "Łódzkie", "is_capital": true, "latitude": 51.7769, "longitude": 19.4547, "population": 670642}, {"name": "Łęczna", "country_iso2": "PL", "state": "Lubelskie", "is_capital": false, "latitude": 51.3, "longitude": 22.8833, "population": 17826}, {"name": "Łęczyca", "country_iso2": "PL", "state": "Łódzkie", "is_capital": false, "latitude": 52.05, "longitude": 19.2, "population": 13587}, {"name": "Śrem", "country_iso2": "PL", "state": "Wielkopolskie", "is_capital": false, "latitude": 52.0886, "longitude": 17.0147, "population": 28835}, {"name": "Środa Wielkopolska", "country_iso2": "PL", "state": "Wielkopolskie", "is_capital": false, "latitude": 52.2333, "longitude": 17.2833, "population": 24225}, {"name": "Środa Śląska", "country_iso2": "PL", "state": "Dolnośląskie", "is_capital": false, "latitude": 51.15, "longitude": 16.5833, "population": 9525}, {"name": "Świdnica", "country_iso2": "PL", "state": "Dolnośląskie", "is_capital": false, "latitude": 50.85, "longitude": 16.4833, "population": 54792}, {"name": "Świdnik", "country_iso2": "PL", "state": "Lubelskie", "is_capital": false, "latitude": 51.2167, "longitude": 22.7, "population": 37884}, {"name": "Świdwin", "country_iso2": "PL", "state": "Zachodniopomorskie", "is_capital": false, "latitude": 53.7833, "longitude": 15.7667, "population": 14937}, {"name": "Świebodzice", "country_iso2": "PL", "state": "Dolnośląskie", "is_capital": false, "latitude": 50.8667, "longitude": 16.3333, "population": 22219}, {"name": "Świecie", "country_iso2": "PL", "state": "Kujawsko-Pomorskie", "is_capital": false, "latitude": 53.4167, "longitude": 18.4333, "population": 24796}, {"name": "Świedbodzin", "country_iso2": "PL", "state": "Lubuskie", "is_capital": false, "latitude": 52.25, "longitude": 15.5333, "population": 21399}, {"name": "Świnoujście", "country_iso2": "PL", "state": "Zachodniopomorskie", "is_capital": false, "latitude": 53.9167, "longitude": 14.25, "population": 39189}, {"name": "Świętochłowice", "country_iso2": "PL", "state": "Śląskie", "is_capital": false, "latitude": 50.2919, "longitude": 18.9178, "population": 46494}, {"name": "Żagań", "country_iso2": "PL", "state": "Lubuskie", "is_capital": false, "latitude": 51.6167, "longitude": 15.3167, "population": 24424}, {"name": "Żary", "country_iso2": "PL", "state": "Lubuskie", "is_capital": false, "latitude": 51.6333, "longitude": 15.1333, "population": 36004}, {"name": "Żnin", "country_iso2": "PL", "state": "Kujawsko-Pomorskie", "is_capital": false, "latitude": 52.85, "longitude": 17.7, "population": 13268}, {"name": "Żory", "country_iso2": "PL", "state": "Śląskie", "is_capital": false, "latitude": 50.05, "longitude": 18.7, "population": 61793}, {"name": "Żuromin", "country_iso2": "PL", "state": "Mazowieckie", "is_capital": false, "latitude": 53.0667, "longitude": 19.9, "population": 8592}, {"name": "Żyrardów", "country_iso2": "PL", "state": "Mazowieckie", "is_capital": false, "latitude": 52.05, "longitude": 20.4333, "population": 39374}, {"name": "Żywiec", "country_iso2": "PL", "state": "Śląskie", "is_capital": false, "latitude": 49.6892, "longitude": 19.2058, "population": 30334}]