[{"name": "Abrantes", "country_iso2": "PT", "state": "Santarém", "is_capital": false, "latitude": 39.4667, "longitude": -8.2, "population": 39325}, {"name": "Agualva", "country_iso2": "PT", "state": "Lisboa", "is_capital": false, "latitude": 38.77, "longitude": -9.2988, "population": 35824}, {"name": "Albergaria-a-Velha", "country_iso2": "PT", "state": "Aveiro", "is_capital": false, "latitude": 40.6936, "longitude": -8.4806, "population": 25252}, {"name": "Albufeira", "country_iso2": "PT", "state": "Faro", "is_capital": false, "latitude": 37.0889, "longitude": -8.2511, "population": 44158}, {"name": "Alcanena", "country_iso2": "PT", "state": "Santarém", "is_capital": false, "latitude": 39.4589, "longitude": -8.6689, "population": 13868}, {"name": "Alcobaça", "country_iso2": "PT", "state": "Leiria", "is_capital": false, "latitude": 39.5522, "longitude": -8.9775, "population": 53649}, {"name": "Alcochete", "country_iso2": "PT", "state": "Setúbal", "is_capital": false, "latitude": 38.7553, "longitude": -8.9608, "population": 17569}, {"name": "Alcácer do Sal", "country_iso2": "PT", "state": "Setúbal", "is_capital": false, "latitude": 38.3725, "longitude": -8.5133, "population": 13046}, {"name": "Aldeia de Paio Pires", "country_iso2": "PT", "state": "Setúbal", "is_capital": false, "latitude": 38.6272, "longitude": -9.0761, "population": 13258}, {"name": "Aldoar", "country_iso2": "PT", "state": "Porto", "is_capital": false, "latitude": 41.1695, "longitude": -8.6671, "population": 12843}, {"name": "Alenquer", "country_iso2": "PT", "state": "Lisboa", "is_capital": false, "latitude": 39.0531, "longitude": -9.0092, "population": 43267}, {"name": "Alfena", "country_iso2": "PT", "state": "Porto", "is_capital": false, "latitude": 41.2381, "longitude": -8.5253, "population": 20000}, {"name": "Alijó", "country_iso2": "PT", "state": "Vila Real", "is_capital": false, "latitude": 41.2764, "longitude": -7.4749, "population": 11942}, {"name": "Aljustrel", "country_iso2": "PT", "state": "Beja", "is_capital": false, "latitude": 37.8775, "longitude": -8.1653, "population": 9257}, {"name": "Almada", "country_iso2": "PT", "state": "Setúbal", "is_capital": false, "latitude": 38.6803, "longitude": -9.1583, "population": 177238}, {"name": "Almargem", "country_iso2": "PT", "state": "Lisboa", "is_capital": false, "latitude": 38.8475, "longitude": -9.2714, "population": 8983}, {"name": "Almeirim", "country_iso2": "PT", "state": "Santarém", "is_capital": false, "latitude": 39.209, "longitude": -8.6164, "population": 23376}, {"name": "Amadora", "country_iso2": "PT", "state": "Lisboa", "is_capital": false, "latitude": 38.75, "longitude": -9.2333, "population": 171454}, {"name": "Amarante", "country_iso2": "PT", "state": "Porto", "is_capital": false, "latitude": 41.2728, "longitude": -8.0825, "population": 56264}, {"name": "Amares", "country_iso2": "PT", "state": "Braga", "is_capital": false, "latitude": 41.6333, "longitude": -8.35, "population": 18889}, {"name": "Amora", "country_iso2": "PT", "state": "Setúbal", "is_capital": false, "latitude": 38.6265, "longitude": -9.1189, "population": 48629}, {"name": "Anadia", "country_iso2": "PT", "state": "Aveiro", "is_capital": false, "latitude": 40.4333, "longitude": -8.4333, "population": 27532}, {"name": "Angra do Heroísmo", "country_iso2": "PT", "state": "Azores", "is_capital": false, "latitude": 38.6558, "longitude": -27.2153, "population": 35402}, {"name": "Ansião", "country_iso2": "PT", "state": "Leiria", "is_capital": false, "latitude": 39.9167, "longitude": -8.4333, "population": 11642}, {"name": "Anta", "country_iso2": "PT", "state": "Aveiro", "is_capital": false, "latitude": 41.0073, "longitude": -8.625, "population": 14800}, {"name": "Arcos de Valdevez", "country_iso2": "PT", "state": "Viana do Castelo", "is_capital": false, "latitude": 41.85, "longitude": -8.4167, "population": 22847}, {"name": "Arcozelo", "country_iso2": "PT", "state": "Porto", "is_capital": false, "latitude": 41.0555, "longitude": -8.6395, "population": 12393}, {"name": "Arganil", "country_iso2": "PT", "state": "Coimbra", "is_capital": false, "latitude": 40.2183, "longitude": -8.0542, "population": 12145}, {"name": "Arouca", "country_iso2": "PT", "state": "Aveiro", "is_capital": false, "latitude": 40.9289, "longitude": -8.2436, "population": 22359}, {"name": "Arrentela", "country_iso2": "PT", "state": "Setúbal", "is_capital": false, "latitude": 38.6267, "longitude": -9.1036, "population": 28886}, {"name": "Arruda dos Vinhos", "country_iso2": "PT", "state": "Lisboa", "is_capital": false, "latitude": 38.9833, "longitude": -9.0667, "population": 13391}, {"name": "Aveiro", "country_iso2": "PT", "state": "Aveiro", "is_capital": true, "latitude": 40.6389, "longitude": -8.6553, "population": 78450}, {"name": "Aver-o-Mar", "country_iso2": "PT", "state": "Porto", "is_capital": false, "latitude": 41.4039, "longitude": -8.769, "population": 8961}, {"name": "Aves", "country_iso2": "PT", "state": "Porto", "is_capital": false, "latitude": 41.3703, "longitude": -8.4101, "population": 425411}, {"name": "Avintes", "country_iso2": "PT", "state": "Porto", "is_capital": false, "latitude": 41.1066, "longitude": -8.5515, "population": 10838}, {"name": "Azambuja", "country_iso2": "PT", "state": "Lisboa", "is_capital": false, "latitude": 39.0667, "longitude": -8.8667, "population": 21814}, {"name": "Baião", "country_iso2": "PT", "state": "Porto", "is_capital": false, "latitude": 41.1667, "longitude": -8.0333, "population": 20522}, {"name": "Barcelos", "country_iso2": "PT", "state": "Braga", "is_capital": false, "latitude": 41.5333, "longitude": -8.6167, "population": 116752}, {"name": "Barreiro", "country_iso2": "PT", "state": "Setúbal", "is_capital": false, "latitude": 38.6631, "longitude": -9.0725, "population": 78345}, {"name": "Batalha", "country_iso2": "PT", "state": "Leiria", "is_capital": false, "latitude": 39.6603, "longitude": -8.8247, "population": 15805}, {"name": "Beja", "country_iso2": "PT", "state": "Beja", "is_capital": true, "latitude": 38.015, "longitude": -7.8633, "population": 35854}, {"name": "Belas", "country_iso2": "PT", "state": "Lisboa", "is_capital": false, "latitude": 38.7772, "longitude": -9.2608, "population": 21172}, {"name": "Benavente", "country_iso2": "PT", "state": "Santarém", "is_capital": false, "latitude": 38.9833, "longitude": -8.8167, "population": 29019}, {"name": "Bombarral", "country_iso2": "PT", "state": "Leiria", "is_capital": false, "latitude": 39.2672, "longitude": -9.1581, "population": 13193}, {"name": "Bougado", "country_iso2": "PT", "state": "Porto", "is_capital": false, "latitude": 41.3306, "longitude": -8.5371, "population": 21585}, {"name": "Braga", "country_iso2": "PT", "state": "Braga", "is_capital": true, "latitude": 41.5503, "longitude": -8.42, "population": 181494}, {"name": "Bragança", "country_iso2": "PT", "state": "Bragança", "is_capital": true, "latitude": 41.8, "longitude": -6.75, "population": 35341}, {"name": "Cabeceiras de Basto", "country_iso2": "PT", "state": "Braga", "is_capital": false, "latitude": 41.5167, "longitude": -8.0, "population": 16710}, {"name": "Cacém", "country_iso2": "PT", "state": "Lisboa", "is_capital": false, "latitude": 38.7704, "longitude": -9.3081, "population": 21289}, {"name": "Cadaval", "country_iso2": "PT", "state": "Lisboa", "is_capital": false, "latitude": 39.25, "longitude": -9.1, "population": 14525}, {"name": "Caldas da Rainha", "country_iso2": "PT", "state": "Leiria", "is_capital": false, "latitude": 39.4069, "longitude": -9.1363, "population": 51729}, {"name": "Calheta", "country_iso2": "PT", "state": "Madeira", "is_capital": false, "latitude": 32.7333, "longitude": -17.1667, "population": 11521}, {"name": "Camarate", "country_iso2": "PT", "state": "Lisboa", "is_capital": false, "latitude": 38.8062, "longitude": -9.1412, "population": 18822}, {"name": "Caniço", "country_iso2": "PT", "state": "Madeira", "is_capital": false, "latitude": 32.6412, "longitude": -16.8504, "population": 23361}, {"name": "Cantanhede", "country_iso2": "PT", "state": "Coimbra", "is_capital": false, "latitude": 40.3464, "longitude": -8.5942, "population": 36595}, {"name": "Caparica", "country_iso2": "PT", "state": "Setúbal", "is_capital": false, "latitude": 38.6683, "longitude": -9.19, "population": 20454}, {"name": "Carregado", "country_iso2": "PT", "state": "Lisboa", "is_capital": false, "latitude": 39.0167, "longitude": -8.9667, "population": 9066}, {"name": "Carregal do Sal", "country_iso2": "PT", "state": "Viseu", "is_capital": false, "latitude": 40.4333, "longitude": -8.0, "population": 9835}, {"name": "Cartaxo", "country_iso2": "PT", "state": "Santarém", "is_capital": false, "latitude": 39.1619, "longitude": -8.7864, "population": 24462}, {"name": "Cascais", "country_iso2": "PT", "state": "Lisboa", "is_capital": false, "latitude": 38.6972, "longitude": -9.4217, "population": 214158}, {"name": "Castelo Branco", "country_iso2": "PT", "state": "Castelo Branco", "is_capital": true, "latitude": 39.8228, "longitude": -7.4931, "population": 56109}, {"name": "Castro Daire", "country_iso2": "PT", "state": "Viseu", "is_capital": false, "latitude": 40.9, "longitude": -7.9333, "population": 15339}, {"name": "Caxias", "country_iso2": "PT", "state": "Lisboa", "is_capital": false, "latitude": 38.7, "longitude": -9.2833, "population": 9007}, {"name": "Celorico de Basto", "country_iso2": "PT", "state": "Braga", "is_capital": false, "latitude": 41.3869, "longitude": -8.0022, "population": 20098}, {"name": "Chamusca", "country_iso2": "PT", "state": "Santarém", "is_capital": false, "latitude": 39.3594, "longitude": -8.4808, "population": 8530}, {"name": "Charneca", "country_iso2": "PT", "state": "Setúbal", "is_capital": false, "latitude": 38.6167, "longitude": -9.1833, "population": 29763}, {"name": "Chaves", "country_iso2": "PT", "state": "Vila Real", "is_capital": false, "latitude": 41.7399, "longitude": -7.4707, "population": 41243}, {"name": "Cinfães", "country_iso2": "PT", "state": "Viseu", "is_capital": false, "latitude": 41.0667, "longitude": -8.0833, "population": 20427}, {"name": "Coimbra", "country_iso2": "PT", "state": "Coimbra", "is_capital": true, "latitude": 40.2111, "longitude": -8.4289, "population": 140816}, {"name": "Condeixa-a-Nova", "country_iso2": "PT", "state": "Coimbra", "is_capital": false, "latitude": 40.1167, "longitude": -8.5, "population": 17078}, {"name": "Corroios", "country_iso2": "PT", "state": "Setúbal", "is_capital": false, "latitude": 38.6147, "longitude": -9.1508, "population": 46475}, {"name": "Coruche", "country_iso2": "PT", "state": "Santarém", "is_capital": false, "latitude": 38.9581, "longitude": -8.5283, "population": 19944}, {"name": "Costa de Caparica", "country_iso2": "PT", "state": "Setúbal", "is_capital": false, "latitude": 38.6446, "longitude": -9.2356, "population": 11707}, {"name": "Costas de Cão", "country_iso2": "PT", "state": "Setúbal", "is_capital": false, "latitude": 38.664, "longitude": -9.2, "population": 20454}, {"name": "Covilhã", "country_iso2": "PT", "state": "Castelo Branco", "is_capital": false, "latitude": 40.2833, "longitude": -7.5, "population": 51797}, {"name": "Cunha Alta", "country_iso2": "PT", "state": "Viseu", "is_capital": false, "latitude": 40.6017, "longitude": -7.6936, "population": 10407}, {"name": "Câmara de Lobos", "country_iso2": "PT", "state": "Madeira", "is_capital": false, "latitude": 32.65, "longitude": -16.9667, "population": 35666}, {"name": "Eiras", "country_iso2": "PT", "state": "Coimbra", "is_capital": false, "latitude": 40.2421, "longitude": -8.424, "population": 12053}, {"name": "Elvas", "country_iso2": "PT", "state": "Portalegre", "is_capital": false, "latitude": 38.88, "longitude": -7.1628, "population": 20706}, {"name": "Entroncamento", "country_iso2": "PT", "state": "Santarém", "is_capital": false, "latitude": 39.4667, "longitude": -8.4667, "population": 20206}, {"name": "Ericeira", "country_iso2": "PT", "state": "Lisboa", "is_capital": false, "latitude": 38.9628, "longitude": -9.4153, "population": 10260}, {"name": "Ermezinde", "country_iso2": "PT", "state": "Porto", "is_capital": false, "latitude": 41.2133, "longitude": -8.5472, "population": 38798}, {"name": "Esmoriz", "country_iso2": "PT", "state": "Aveiro", "is_capital": false, "latitude": 40.962, "longitude": -8.6295, "population": 11448}, {"name": "Espinho", "country_iso2": "PT", "state": "Aveiro", "is_capital": false, "latitude": 41.01, "longitude": -8.64, "population": 31027}, {"name": "Esposende", "country_iso2": "PT", "state": "Braga", "is_capital": false, "latitude": 41.5333, "longitude": -8.7833, "population": 34254}, {"name": "Estarreja", "country_iso2": "PT", "state": "Aveiro", "is_capital": false, "latitude": 40.75, "longitude": -8.5667, "population": 26997}, {"name": "Estoril", "country_iso2": "PT", "state": "Lisboa", "is_capital": false, "latitude": 38.7057, "longitude": -9.3977, "population": 26399}, {"name": "Estreito de Câmara de Lobos", "country_iso2": "PT", "state": "Madeira", "is_capital": false, "latitude": 32.6667, "longitude": -16.9833, "population": 10269}, {"name": "Estremoz", "country_iso2": "PT", "state": "Évora", "is_capital": false, "latitude": 38.8422, "longitude": -7.5881, "population": 14318}, {"name": "Fafe", "country_iso2": "PT", "state": "Braga", "is_capital": false, "latitude": 41.45, "longitude": -8.1667, "population": 50633}, {"name": "Falagueira", "country_iso2": "PT", "state": "Lisboa", "is_capital": false, "latitude": 38.7589, "longitude": -9.2261, "population": 14530}, {"name": "Famalicão", "country_iso2": "PT", "state": "Braga", "is_capital": false, "latitude": 41.4144, "longitude": -8.5222, "population": 133832}, {"name": "Faro", "country_iso2": "PT", "state": "Faro", "is_capital": true, "latitude": 37.0161, "longitude": -7.935, "population": 64560}, {"name": "Feira", "country_iso2": "PT", "state": "Aveiro", "is_capital": false, "latitude": 40.9254, "longitude": -8.5428, "population": 11040}, {"name": "Felgueiras", "country_iso2": "PT", "state": "Porto", "is_capital": false, "latitude": 41.3667, "longitude": -8.2, "population": 58065}, {"name": "Ferreira do Zêzere", "country_iso2": "PT", "state": "Santarém", "is_capital": false, "latitude": 39.7, "longitude": -8.2833, "population": 8619}, {"name": "Figueira da Foz", "country_iso2": "PT", "state": "Coimbra", "is_capital": false, "latitude": 40.1508, "longitude": -8.8618, "population": 62125}, {"name": "Funchal", "country_iso2": "PT", "state": "Madeira", "is_capital": true, "latitude": 32.65, "longitude": -16.9167, "population": 105795}, {"name": "Fundão", "country_iso2": "PT", "state": "Castelo Branco", "is_capital": false, "latitude": 40.1333, "longitude": -7.5, "population": 29213}, {"name": "Fátima", "country_iso2": "PT", "state": "Santarém", "is_capital": false, "latitude": 39.6256, "longitude": -8.6658, "population": 13212}, {"name": "Fânzeres", "country_iso2": "PT", "state": "Porto", "is_capital": false, "latitude": 41.1667, "longitude": -8.5333, "population": 23108}, {"name": "Gafanha da Nazaré", "country_iso2": "PT", "state": "Aveiro", "is_capital": false, "latitude": 40.6333, "longitude": -8.7167, "population": 14021}, {"name": "Gondizalves", "country_iso2": "PT", "state": "Braga", "is_capital": false, "latitude": 41.5426, "longitude": -8.4553, "population": 9148}, {"name": "Gondomar", "country_iso2": "PT", "state": "Porto", "is_capital": false, "latitude": 41.15, "longitude": -8.5333, "population": 164257}, {"name": "Gouveia", "country_iso2": "PT", "state": "Guarda", "is_capital": false, "latitude": 40.5, "longitude": -7.6, "population": 14046}, {"name": "Grijó", "country_iso2": "PT", "state": "Porto", "is_capital": false, "latitude": 41.0306, "longitude": -8.5815, "population": 10578}, {"name": "Grândola", "country_iso2": "PT", "state": "Setúbal", "is_capital": false, "latitude": 38.1768, "longitude": -8.5689, "population": 14826}, {"name": "Guarda", "country_iso2": "PT", "state": "Guarda", "is_capital": true, "latitude": 40.5364, "longitude": -7.2683, "population": 42541}, {"name": "Guifões", "country_iso2": "PT", "state": "Porto", "is_capital": false, "latitude": 41.2011, "longitude": -8.665, "population": 9686}, {"name": "Guimarães", "country_iso2": "PT", "state": "Braga", "is_capital": false, "latitude": 41.445, "longitude": -8.2908, "population": 156830}, {"name": "Horta", "country_iso2": "PT", "state": "Azores", "is_capital": false, "latitude": 38.5333, "longitude": -28.6333, "population": 14331}, {"name": "Idanha-a-Nova", "country_iso2": "PT", "state": "Castelo Branco", "is_capital": false, "latitude": 39.9197, "longitude": -7.2367, "population": 9716}, {"name": "Lagoa", "country_iso2": "PT", "state": "Faro", "is_capital": false, "latitude": 37.1347, "longitude": -8.4528, "population": 22975}, {"name": "Lagoa", "country_iso2": "PT", "state": "Azores", "is_capital": false, "latitude": 37.75, "longitude": -25.5833, "population": 14442}, {"name": "Lagos", "country_iso2": "PT", "state": "Faro", "is_capital": false, "latitude": 37.1, "longitude": -8.6667, "population": 31049}, {"name": "Lamaçães", "country_iso2": "PT", "state": "Braga", "is_capital": false, "latitude": 41.5444, "longitude": -8.3947, "population": 13054}, {"name": "Lamego", "country_iso2": "PT", "state": "Viseu", "is_capital": false, "latitude": 41.0975, "longitude": -7.81, "population": 26691}, {"name": "Laranjeira", "country_iso2": "PT", "state": "Setúbal", "is_capital": false, "latitude": 38.6567, "longitude": -9.1497, "population": 20988}, {"name": "Leiria", "country_iso2": "PT", "state": "Leiria", "is_capital": true, "latitude": 39.7431, "longitude": -8.8069, "population": 126897}, {"name": "Lisbon", "country_iso2": "PT", "state": "Lisboa", "is_capital": true, "latitude": 38.7122, "longitude": -9.134, "population": 548703}, {"name": "Lordelo do Ouro", "country_iso2": "PT", "state": "Porto", "is_capital": false, "latitude": 41.1532, "longitude": -8.6509, "population": 22270}, {"name": "Loulé", "country_iso2": "PT", "state": "Faro", "is_capital": false, "latitude": 37.144, "longitude": -8.0235, "population": 70622}, {"name": "Loures", "country_iso2": "PT", "state": "Lisboa", "is_capital": false, "latitude": 38.8309, "longitude": -9.1684, "population": 201632}, {"name": "Lourinhã", "country_iso2": "PT", "state": "Lisboa", "is_capital": false, "latitude": 39.2425, "longitude": -9.3122, "population": 25735}, {"name": "Lourosa", "country_iso2": "PT", "state": "Aveiro", "is_capital": false, "latitude": 40.9833, "longitude": -8.55, "population": 8636}, {"name": "Lousada", "country_iso2": "PT", "state": "Porto", "is_capital": false, "latitude": 41.2833, "longitude": -8.2833, "population": 47387}, {"name": "Lousã", "country_iso2": "PT", "state": "Coimbra", "is_capital": false, "latitude": 40.1125, "longitude": -8.2469, "population": 17604}, {"name": "Macedo de Cavaleiros", "country_iso2": "PT", "state": "Bragança", "is_capital": false, "latitude": 41.5333, "longitude": -6.95, "population": 15776}, {"name": "Maceira", "country_iso2": "PT", "state": "Leiria", "is_capital": false, "latitude": 39.6897, "longitude": -8.9, "population": 9901}, {"name": "Machico", "country_iso2": "PT", "state": "Madeira", "is_capital": false, "latitude": 32.7, "longitude": -16.7667, "population": 21828}, {"name": "Mafamude", "country_iso2": "PT", "state": "Porto", "is_capital": false, "latitude": 41.1152, "longitude": -8.6036, "population": 38940}, {"name": "Mafra", "country_iso2": "PT", "state": "Lisboa", "is_capital": false, "latitude": 38.9333, "longitude": -9.3333, "population": 76685}, {"name": "Maia", "country_iso2": "PT", "state": "Porto", "is_capital": false, "latitude": 41.2333, "longitude": -8.6167, "population": 134977}, {"name": "Mangualde", "country_iso2": "PT", "state": "Viseu", "is_capital": false, "latitude": 40.6058, "longitude": -7.7658, "population": 18303}, {"name": "Marco de Canavezes", "country_iso2": "PT", "state": "Porto", "is_capital": false, "latitude": 41.1833, "longitude": -8.15, "population": 53450}, {"name": "Marinha Grande", "country_iso2": "PT", "state": "Leiria", "is_capital": false, "latitude": 39.7478, "longitude": -8.9322, "population": 39032}, {"name": "Massamá", "country_iso2": "PT", "state": "Lisboa", "is_capital": false, "latitude": 38.7568, "longitude": -9.2748, "population": 28112}, {"name": "Matosinhos", "country_iso2": "PT", "state": "Porto", "is_capital": false, "latitude": 41.1867, "longitude": -8.6844, "population": 172557}, {"name": "Mealhada", "country_iso2": "PT", "state": "Aveiro", "is_capital": false, "latitude": 40.3781, "longitude": -8.4514, "population": 20428}, {"name": "Meixedo", "country_iso2": "PT", "state": "Bragança", "is_capital": false, "latitude": 41.8522, "longitude": -6.7706, "population": 22016}, {"name": "Melgaço", "country_iso2": "PT", "state": "Viana do Castelo", "is_capital": false, "latitude": 42.1167, "longitude": -8.2667, "population": 9213}, {"name": "Melres", "country_iso2": "PT", "state": "Porto", "is_capital": false, "latitude": 41.0686, "longitude": -8.3983, "population": 10328}, {"name": "Mira", "country_iso2": "PT", "state": "Coimbra", "is_capital": false, "latitude": 40.4285, "longitude": -8.7363, "population": 12465}, {"name": "Miranda do Corvo", "country_iso2": "PT", "state": "Coimbra", "is_capital": false, "latitude": 40.1, "longitude": -8.3333, "population": 13098}, {"name": "Mirandela", "country_iso2": "PT", "state": "Bragança", "is_capital": false, "latitude": 41.4833, "longitude": -7.1833, "population": 23850}, {"name": "Moimenta da Beira", "country_iso2": "PT", "state": "Viseu", "is_capital": false, "latitude": 40.9819, "longitude": -7.6158, "population": 10212}, {"name": "Moita", "country_iso2": "PT", "state": "Setúbal", "is_capital": false, "latitude": 38.65, "longitude": -8.9833, "population": 66029}, {"name": "Montalegre", "country_iso2": "PT", "state": "Vila Real", "is_capital": false, "latitude": 41.8239, "longitude": -7.79, "population": 10537}, {"name": "Montemor-o-Novo", "country_iso2": "PT", "state": "Évora", "is_capital": false, "latitude": 38.65, "longitude": -8.2167, "population": 17437}, {"name": "Montemor-o-Velho", "country_iso2": "PT", "state": "Coimbra", "is_capital": false, "latitude": 40.1725, "longitude": -8.6847, "population": 26171}, {"name": "Montijo", "country_iso2": "PT", "state": "Setúbal", "is_capital": false, "latitude": 38.7049, "longitude": -8.9757, "population": 51222}, {"name": "Monção", "country_iso2": "PT", "state": "Viana do Castelo", "is_capital": false, "latitude": 42.0733, "longitude": -8.48, "population": 19230}, {"name": "Moreira", "country_iso2": "PT", "state": "Porto", "is_capital": false, "latitude": 41.2486, "longitude": -8.6497, "population": 12890}, {"name": "Mortágua", "country_iso2": "PT", "state": "Viseu", "is_capital": false, "latitude": 40.3947, "longitude": -8.2328, "population": 9607}, {"name": "Moura", "country_iso2": "PT", "state": "Beja", "is_capital": false, "latitude": 38.1397, "longitude": -7.4505, "population": 15167}, {"name": "Murtosa", "country_iso2": "PT", "state": "Aveiro", "is_capital": false, "latitude": 40.7369, "longitude": -8.6386, "population": 10585}, {"name": "Nazaré", "country_iso2": "PT", "state": "Leiria", "is_capital": false, "latitude": 39.6, "longitude": -9.0667, "population": 15158}, {"name": "Nelas", "country_iso2": "PT", "state": "Viseu", "is_capital": false, "latitude": 40.5167, "longitude": -7.85, "population": 14037}, {"name": "Odemira", "country_iso2": "PT", "state": "Beja", "is_capital": false, "latitude": 37.5833, "longitude": -8.6333, "population": 26066}, {"name": "Odivelas", "country_iso2": "PT", "state": "Lisboa", "is_capital": false, "latitude": 38.8, "longitude": -9.1833, "population": 148034}, {"name": "Oeiras", "country_iso2": "PT", "state": "Lisboa", "is_capital": false, "latitude": 38.697, "longitude": -9.3017, "population": 171658}, {"name": "Olhão", "country_iso2": "PT", "state": "Faro", "is_capital": false, "latitude": 37.0278, "longitude": -7.8389, "population": 45396}, {"name": "Oliveira de Azemeis", "country_iso2": "PT", "state": "Aveiro", "is_capital": false, "latitude": 40.84, "longitude": -8.4764, "population": 20760}, {"name": "Oliveira de Frades", "country_iso2": "PT", "state": "Viseu", "is_capital": false, "latitude": 40.7314, "longitude": -8.1767, "population": 10261}, {"name": "Oliveira do Bairro", "country_iso2": "PT", "state": "Aveiro", "is_capital": false, "latitude": 40.5167, "longitude": -8.5, "population": 23028}, {"name": "Oliveira do Hospital", "country_iso2": "PT", "state": "Coimbra", "is_capital": false, "latitude": 40.3667, "longitude": -7.8667, "population": 20855}, {"name": "Oliveirinha", "country_iso2": "PT", "state": "Aveiro", "is_capital": false, "latitude": 40.6078, "longitude": -8.5914, "population": 10817}, {"name": "Ourém", "country_iso2": "PT", "state": "Santarém", "is_capital": false, "latitude": 39.65, "longitude": -8.5833, "population": 45932}, {"name": "Ovar", "country_iso2": "PT", "state": "Aveiro", "is_capital": false, "latitude": 40.8597, "longitude": -8.6253, "population": 55398}, {"name": "Palmela", "country_iso2": "PT", "state": "Setúbal", "is_capital": false, "latitude": 38.5675, "longitude": -8.8991, "population": 62831}, {"name": "Parede", "country_iso2": "PT", "state": "Lisboa", "is_capital": false, "latitude": 38.6933, "longitude": -9.3569, "population": 17830}, {"name": "Paredes", "country_iso2": "PT", "state": "Porto", "is_capital": false, "latitude": 41.2, "longitude": -8.3333, "population": 86854}, {"name": "Paredes de Coura", "country_iso2": "PT", "state": "Viana do Castelo", "is_capital": false, "latitude": 41.9111, "longitude": -8.5597, "population": 9198}, {"name": "Paços de Ferreira", "country_iso2": "PT", "state": "Porto", "is_capital": false, "latitude": 41.2833, "longitude": -8.3833, "population": 56340}, {"name": "Penacova", "country_iso2": "PT", "state": "Coimbra", "is_capital": false, "latitude": 40.2667, "longitude": -8.2667, "population": 15251}, {"name": "Penafiel", "country_iso2": "PT", "state": "Porto", "is_capital": false, "latitude": 41.2, "longitude": -8.2833, "population": 72265}, {"name": "Peniche", "country_iso2": "PT", "state": "Leiria", "is_capital": false, "latitude": 39.3633, "longitude": -9.3792, "population": 26431}, {"name": "Perafita", "country_iso2": "PT", "state": "Porto", "is_capital": false, "latitude": 41.2239, "longitude": -8.6989, "population": 29407}, {"name": "Peso da Régua", "country_iso2": "PT", "state": "Vila Real", "is_capital": false, "latitude": 41.1632, "longitude": -7.789, "population": 17131}, {"name": "Piedade", "country_iso2": "PT", "state": "Setúbal", "is_capital": false, "latitude": 38.6703, "longitude": -9.1595, "population": 19904}, {"name": "Pinhal Novo", "country_iso2": "PT", "state": "Setúbal", "is_capital": false, "latitude": 38.6297, "longitude": -8.9136, "population": 25000}, {"name": "Pinhel", "country_iso2": "PT", "state": "Guarda", "is_capital": false, "latitude": 40.7833, "longitude": -7.0667, "population": 9627}, {"name": "Pombal", "country_iso2": "PT", "state": "Leiria", "is_capital": false, "latitude": 39.9161, "longitude": -8.6281, "population": 55217}, {"name": "Ponta Delgada", "country_iso2": "PT", "state": "Azores", "is_capital": true, "latitude": 37.74, "longitude": -25.67, "population": 68809}, {"name": "Ponta do Sol", "country_iso2": "PT", "state": "Madeira", "is_capital": false, "latitude": 32.6811, "longitude": -17.1042, "population": 8862}, {"name": "Ponte da Barca", "country_iso2": "PT", "state": "Viana do Castelo", "is_capital": false, "latitude": 41.8078, "longitude": -8.4194, "population": 12061}, {"name": "Ponte de Lima", "country_iso2": "PT", "state": "Viana do Castelo", "is_capital": false, "latitude": 41.7667, "longitude": -8.5833, "population": 43498}, {"name": "Ponte de Sôr", "country_iso2": "PT", "state": "Portalegre", "is_capital": false, "latitude": 39.2478, "longitude": -8.0097, "population": 16722}, {"name": "Pontinha", "country_iso2": "PT", "state": "Lisboa", "is_capital": false, "latitude": 38.7678, "longitude": -9.1994, "population": 24023}, {"name": "Portalegre", "country_iso2": "PT", "state": "Portalegre", "is_capital": true, "latitude": 39.3167, "longitude": -7.4167, "population": 24930}, {"name": "Portela", "country_iso2": "PT", "state": "Lisboa", "is_capital": false, "latitude": 38.7828, "longitude": -9.1111, "population": 11809}, {"name": "Portimão", "country_iso2": "PT", "state": "Faro", "is_capital": false, "latitude": 37.1333, "longitude": -8.5333, "population": 59845}, {"name": "Porto", "country_iso2": "PT", "state": "Porto", "is_capital": true, "latitude": 41.1495, "longitude": -8.6108, "population": 231800}, {"name": "Porto de Mós", "country_iso2": "PT", "state": "Leiria", "is_capital": false, "latitude": 39.6, "longitude": -8.8167, "population": 24342}, {"name": "Praia da Vitória", "country_iso2": "PT", "state": "Azores", "is_capital": false, "latitude": 38.7333, "longitude": -27.0667, "population": 21035}, {"name": "Praia do Carvoeiro", "country_iso2": "PT", "state": "Faro", "is_capital": false, "latitude": 37.1, "longitude": -8.4667, "population": 9987}, {"name": "Póvoa de Lanhoso", "country_iso2": "PT", "state": "Braga", "is_capital": false, "latitude": 41.5667, "longitude": -8.2667, "population": 21886}, {"name": "Póvoa de Santa Iria", "country_iso2": "PT", "state": "Lisboa", "is_capital": false, "latitude": 38.8562, "longitude": -9.0685, "population": 29348}, {"name": "Póvoa de Varzim", "country_iso2": "PT", "state": "Porto", "is_capital": false, "latitude": 41.3828, "longitude": -8.7628, "population": 64320}, {"name": "Quarteira", "country_iso2": "PT", "state": "Faro", "is_capital": false, "latitude": 37.0695, "longitude": -8.1006, "population": 16131}, {"name": "Queluz", "country_iso2": "PT", "state": "Lisboa", "is_capital": false, "latitude": 38.7566, "longitude": -9.2545, "population": 78273}, {"name": "Rabo de Peixe", "country_iso2": "PT", "state": "Azores", "is_capital": false, "latitude": 37.81, "longitude": -25.5856, "population": 8801}, {"name": "Ramada", "country_iso2": "PT", "state": "Lisboa", "is_capital": false, "latitude": 38.8036, "longitude": -9.1911, "population": 15770}, {"name": "Rebordosa", "country_iso2": "PT", "state": "Porto", "is_capital": false, "latitude": 41.2167, "longitude": -8.4167, "population": 9106}, {"name": "Reguengos de Monsaraz", "country_iso2": "PT", "state": "Évora", "is_capital": false, "latitude": 38.4167, "longitude": -7.5333, "population": 10828}, {"name": "Resende", "country_iso2": "PT", "state": "Viseu", "is_capital": false, "latitude": 41.1, "longitude": -7.95, "population": 11364}, {"name": "Ribeira Brava", "country_iso2": "PT", "state": "Madeira", "is_capital": false, "latitude": 32.6722, "longitude": -17.0639, "population": 13375}, {"name": "Ribeira Grande", "country_iso2": "PT", "state": "Azores", "is_capital": false, "latitude": 37.8167, "longitude": -25.5167, "population": 32112}, {"name": "Rio Maior", "country_iso2": "PT", "state": "Santarém", "is_capital": false, "latitude": 39.3333, "longitude": -8.9333, "population": 21192}, {"name": "Rio Tinto", "country_iso2": "PT", "state": "Porto", "is_capital": false, "latitude": 41.1833, "longitude": -8.5667, "population": 50713}, {"name": "Rio de Mouro", "country_iso2": "PT", "state": "Lisboa", "is_capital": false, "latitude": 38.7689, "longitude": -9.3327, "population": 47311}, {"name": "Sabugal", "country_iso2": "PT", "state": "Guarda", "is_capital": false, "latitude": 40.3519, "longitude": -7.0894, "population": 12544}, {"name": "Sacavém", "country_iso2": "PT", "state": "Lisboa", "is_capital": false, "latitude": 38.7944, "longitude": -9.1053, "population": 18469}, {"name": "Salvaterra de Magos", "country_iso2": "PT", "state": "Santarém", "is_capital": false, "latitude": 39.0253, "longitude": -8.7933, "population": 22159}, {"name": "Santa Clara", "country_iso2": "PT", "state": "Coimbra", "is_capital": false, "latitude": 40.1908, "longitude": -8.4383, "population": 9929}, {"name": "Santa Comba Dão", "country_iso2": "PT", "state": "Viseu", "is_capital": false, "latitude": 40.3981, "longitude": -8.1303, "population": 11597}, {"name": "Santa Cruz", "country_iso2": "PT", "state": "Madeira", "is_capital": false, "latitude": 32.675, "longitude": -16.8309, "population": 43005}, {"name": "Santa Iria da Azóia", "country_iso2": "PT", "state": "Lisboa", "is_capital": false, "latitude": 38.8464, "longitude": -9.0881, "population": 18240}, {"name": "Santarém", "country_iso2": "PT", "state": "Santarém", "is_capital": true, "latitude": 39.2333, "longitude": -8.6833, "population": 62200}, {"name": "Santiago do Cacém", "country_iso2": "PT", "state": "Setúbal", "is_capital": false, "latitude": 38.0167, "longitude": -8.7, "population": 29749}, {"name": "Santo André", "country_iso2": "PT", "state": "Setúbal", "is_capital": false, "latitude": 38.0667, "longitude": -8.7833, "population": 10647}, {"name": "Santo Tirso", "country_iso2": "PT", "state": "Porto", "is_capital": false, "latitude": 41.3425, "longitude": -8.4775, "population": 71530}, {"name": "Seia", "country_iso2": "PT", "state": "Guarda", "is_capital": false, "latitude": 40.4203, "longitude": -7.7033, "population": 21755}, {"name": "Seixal", "country_iso2": "PT", "state": "Setúbal", "is_capital": false, "latitude": 38.6428, "longitude": -9.1061, "population": 184269}, {"name": "Senhora da Hora", "country_iso2": "PT", "state": "Porto", "is_capital": false, "latitude": 41.1856, "longitude": -8.6508, "population": 29000}, {"name": "Serpa", "country_iso2": "PT", "state": "Beja", "is_capital": false, "latitude": 37.9333, "longitude": -7.5833, "population": 15623}, {"name": "Sertã", "country_iso2": "PT", "state": "Castelo Branco", "is_capital": false, "latitude": 39.8008, "longitude": -8.1003, "population": 15880}, {"name": "Sesimbra", "country_iso2": "PT", "state": "Setúbal", "is_capital": false, "latitude": 38.4437, "longitude": -9.0996, "population": 49500}, {"name": "Setúbal", "country_iso2": "PT", "state": "Setúbal", "is_capital": true, "latitude": 38.5243, "longitude": -8.8926, "population": 10000}, {"name": "Sever do Vouga", "country_iso2": "PT", "state": "Aveiro", "is_capital": false, "latitude": 40.7167, "longitude": -8.3667, "population": 12356}, {"name": "Silves", "country_iso2": "PT", "state": "Faro", "is_capital": false, "latitude": 37.1833, "longitude": -8.4333, "population": 37126}, {"name": "Sines", "country_iso2": "PT", "state": "Setúbal", "is_capital": false, "latitude": 37.9547, "longitude": -8.8642, "population": 14238}, {"name": "Sintra", "country_iso2": "PT", "state": "Lisboa", "is_capital": false, "latitude": 38.7974, "longitude": -9.3904, "population": 385606}, {"name": "Sobrado de Paiva", "country_iso2": "PT", "state": "Aveiro", "is_capital": false, "latitude": 41.0444, "longitude": -8.2769, "population": 16733}, {"name": "Sobral de Monte Agraço", "country_iso2": "PT", "state": "Lisboa", "is_capital": false, "latitude": 39.0167, "longitude": -9.15, "population": 10156}, {"name": "Sobreda", "country_iso2": "PT", "state": "Setúbal", "is_capital": false, "latitude": 38.6496, "longitude": -9.1898, "population": 15166}, {"name": "Soure", "country_iso2": "PT", "state": "Coimbra", "is_capital": false, "latitude": 40.0688, "longitude": -8.6277, "population": 19245}, {"name": "Sátão", "country_iso2": "PT", "state": "Viseu", "is_capital": false, "latitude": 40.7333, "longitude": -7.7167, "population": 12444}, {"name": "São Brás de Alportel", "country_iso2": "PT", "state": "Faro", "is_capital": false, "latitude": 37.15, "longitude": -7.8833, "population": 10662}, {"name": "São Félix da Marinha", "country_iso2": "PT", "state": "Porto", "is_capital": false, "latitude": 41.0339, "longitude": -8.6233, "population": 12706}, {"name": "São João da Madeira", "country_iso2": "PT", "state": "Aveiro", "is_capital": false, "latitude": 40.9, "longitude": -8.5, "population": 21713}, {"name": "São João das Lampas", "country_iso2": "PT", "state": "Lisboa", "is_capital": false, "latitude": 38.87, "longitude": -9.4211, "population": 11392}, {"name": "São João de Ver", "country_iso2": "PT", "state": "Aveiro", "is_capital": false, "latitude": 40.9536, "longitude": -8.5508, "population": 10579}, {"name": "São Mamede de Infesta", "country_iso2": "PT", "state": "Porto", "is_capital": false, "latitude": 41.1934, "longitude": -8.6143, "population": 23122}, {"name": "São Martinho do Bispo", "country_iso2": "PT", "state": "Coimbra", "is_capital": false, "latitude": 40.2092, "longitude": -8.4765, "population": 14147}, {"name": "São Pedro do Sul", "country_iso2": "PT", "state": "Viseu", "is_capital": false, "latitude": 40.75, "longitude": -8.0667, "population": 16851}, {"name": "São Tiago de Custoias", "country_iso2": "PT", "state": "Porto", "is_capital": false, "latitude": 41.2069, "longitude": -8.6485, "population": 18065}, {"name": "Tavarede", "country_iso2": "PT", "state": "Coimbra", "is_capital": false, "latitude": 40.1664, "longitude": -8.8444, "population": 9441}, {"name": "Tavira", "country_iso2": "PT", "state": "Faro", "is_capital": false, "latitude": 37.1309, "longitude": -7.6506, "population": 26167}, {"name": "Tomar", "country_iso2": "PT", "state": "Santarém", "is_capital": false, "latitude": 39.6, "longitude": -8.4167, "population": 40677}, {"name": "Tondela", "country_iso2": "PT", "state": "Viseu", "is_capital": false, "latitude": 40.5164, "longitude": -8.0808, "population": 28946}, {"name": "Torre de Moncorvo", "country_iso2": "PT", "state": "Bragança", "is_capital": false, "latitude": 41.2, "longitude": -7.1333, "population": 8572}, {"name": "Torres Novas", "country_iso2": "PT", "state": "Santarém", "is_capital": false, "latitude": 39.4833, "longitude": -8.5333, "population": 36717}, {"name": "Torres Vedras", "country_iso2": "PT", "state": "Lisboa", "is_capital": false, "latitude": 39.0833, "longitude": -9.2667, "population": 79465}, {"name": "Trancoso", "country_iso2": "PT", "state": "Guarda", "is_capital": false, "latitude": 40.7833, "longitude": -7.35, "population": 9878}, {"name": "Trofa", "country_iso2": "PT", "state": "Porto", "is_capital": false, "latitude": 41.3374, "longitude": -8.5596, "population": 38999}, {"name": "Tábua", "country_iso2": "PT", "state": "Coimbra", "is_capital": false, "latitude": 40.3667, "longitude": -8.0333, "population": 12071}, {"name": "Ul", "country_iso2": "PT", "state": "Aveiro", "is_capital": false, "latitude": 40.8192, "longitude": -8.499, "population": 20760}, {"name": "Vagos", "country_iso2": "PT", "state": "Aveiro", "is_capital": false, "latitude": 40.5553, "longitude": -8.6814, "population": 22851}, {"name": "Valadares", "country_iso2": "PT", "state": "Porto", "is_capital": false, "latitude": 41.0937, "longitude": -8.6392, "population": 10678}, {"name": "Valbom", "country_iso2": "PT", "state": "Porto", "is_capital": false, "latitude": 41.1333, "longitude": -8.5667, "population": 14407}, {"name": "Vale de Cambra", "country_iso2": "PT", "state": "Aveiro", "is_capital": false, "latitude": 40.85, "longitude": -8.4, "population": 22864}, {"name": "Vale de Cavalos", "country_iso2": "PT", "state": "Setúbal", "is_capital": false, "latitude": 38.65, "longitude": -9.15, "population": 47661}, {"name": "Valença", "country_iso2": "PT", "state": "Viana do Castelo", "is_capital": false, "latitude": 42.0282, "longitude": -8.6339, "population": 14127}, {"name": "Valongo", "country_iso2": "PT", "state": "Porto", "is_capital": false, "latitude": 41.1833, "longitude": -8.5, "population": 93858}, {"name": "Vendas Novas", "country_iso2": "PT", "state": "Évora", "is_capital": false, "latitude": 38.678, "longitude": -8.4555, "population": 11846}, {"name": "Vialonga", "country_iso2": "PT", "state": "Lisboa", "is_capital": false, "latitude": 38.874, "longitude": -9.0834, "population": 21261}, {"name": "Viana do Castelo", "country_iso2": "PT", "state": "Viana do Castelo", "is_capital": true, "latitude": 41.7, "longitude": -8.8333, "population": 88725}, {"name": "Vieira do Minho", "country_iso2": "PT", "state": "Braga", "is_capital": false, "latitude": 41.6333, "longitude": -8.1333, "population": 12997}, {"name": "Vila Franca de Xira", "country_iso2": "PT", "state": "Lisboa", "is_capital": false, "latitude": 38.95, "longitude": -8.9833, "population": 137529}, {"name": "Vila Franca do Campo", "country_iso2": "PT", "state": "Azores", "is_capital": false, "latitude": 37.7167, "longitude": -25.4333, "population": 10323}, {"name": "Vila Frescainha", "country_iso2": "PT", "state": "Braga", "is_capital": false, "latitude": 41.5385, "longitude": -8.6397, "population": 11108}, {"name": "Vila Nova de Cerveira", "country_iso2": "PT", "state": "Viana do Castelo", "is_capital": false, "latitude": 41.94, "longitude": -8.7444, "population": 8923}, {"name": "Vila Nova de Gaia", "country_iso2": "PT", "state": "Porto", "is_capital": false, "latitude": 41.1333, "longitude": -8.6167, "population": 303824}, {"name": "Vila Pouca de Aguiar", "country_iso2": "PT", "state": "Vila Real", "is_capital": false, "latitude": 41.4833, "longitude": -7.6333, "population": 13187}, {"name": "Vila Real", "country_iso2": "PT", "state": "Vila Real", "is_capital": true, "latitude": 41.2953, "longitude": -7.7461, "population": 51850}, {"name": "Vila Real de Santo António", "country_iso2": "PT", "state": "Faro", "is_capital": false, "latitude": 37.2, "longitude": -7.4167, "population": 19156}, {"name": "Vila Verde", "country_iso2": "PT", "state": "Braga", "is_capital": false, "latitude": 41.6484, "longitude": -8.4367, "population": 47888}, {"name": "Vila do Conde", "country_iso2": "PT", "state": "Porto", "is_capital": false, "latitude": 41.35, "longitude": -8.75, "population": 79533}, {"name": "Vinhais", "country_iso2": "PT", "state": "Bragança", "is_capital": false, "latitude": 41.8167, "longitude": -7.0, "population": 9066}, {"name": "Viseu", "country_iso2": "PT", "state": "Viseu", "is_capital": true, "latitude": 40.6575, "longitude": -7.9139, "population": 99274}, {"name": "Vizela", "country_iso2": "PT", "state": "Porto", "is_capital": false, "latitude": 41.3833, "longitude": -8.3, "population": 23736}, {"name": "Vouzela", "country_iso2": "PT", "state": "Viseu", "is_capital": false, "latitude": 40.7231, "longitude": -8.1122, "population": 10564}, {"name": "Águas Santas", "country_iso2": "PT", "state": "Porto", "is_capital": false, "latitude": 41.2106, "longitude": -8.5866, "population": 27470}, {"name": "Águeda", "country_iso2": "PT", "state": "Aveiro", "is_capital": false, "latitude": 40.5745, "longitude": -8.448, "population": 47729}, {"name": "Évora", "country_iso2": "PT", "state": "Évora", "is_capital": true, "latitude": 38.5667, "longitude": -7.9, "population": 53591}, {"name": "Ílhavo", "country_iso2": "PT", "state": "Aveiro", "is_capital": false, "latitude": 40.6, "longitude": -8.6667, "population": 31383}, {"name": "Óbidos", "country_iso2": "PT", "state": "Leiria", "is_capital": false, "latitude": 39.362, "longitude": -9.1571, "population": 11689}]