[{"name": "Acquaviva", "country_iso2": "SM", "state": "Acquaviva", "is_capital": true, "latitude": 43.9457, "longitude": 12.4185, "population": 2145}, {"name": "Borgo Maggiore", "country_iso2": "SM", "state": "Borgo Maggiore", "is_capital": true, "latitude": 43.945, "longitude": 12.4497, "population": 6871}, {"name": "Chiesanuova", "country_iso2": "SM", "state": "Chiesanuova", "is_capital": true, "latitude": 43.9045, "longitude": 12.4208, "population": 1143}, {"name": "Domagnano", "country_iso2": "SM", "state": "Domagnano", "is_capital": true, "latitude": 43.95, "longitude": 12.4667, "population": 3565}, {"name": "Faetano", "country_iso2": "SM", "state": "Faetano", "is_capital": true, "latitude": 43.9256, "longitude": 12.4983, "population": 1177}, {"name": "Fiorentino", "country_iso2": "SM", "state": "Fiorentino", "is_capital": true, "latitude": 43.9106, "longitude": 12.4556, "population": 2548}, {"name": "Montegiardino", "country_iso2": "SM", "state": "Montegiardino", "is_capital": true, "latitude": 43.9089, "longitude": 12.4844, "population": 967}, {"name": "San Marino", "country_iso2": "SM", "state": "San Marino Città", "is_capital": true, "latitude": 43.9346, "longitude": 12.4473, "population": 4040}, {"name": "Serravalle", "country_iso2": "SM", "state": "Serravalle", "is_capital": true, "latitude": 43.9717, "longitude": 12.4817, "population": 10878}]