[{"name": "Acajutla", "country_iso2": "SV", "state": "Sonsonate", "is_capital": false, "latitude": 13.59, "longitude": -89.8336, "population": 29701}, {"name": "Aguilares", "country_iso2": "SV", "state": "San Salvador", "is_capital": false, "latitude": 13.95, "longitude": -89.1833, "population": 73300}, {"name": "Ahuachapán", "country_iso2": "SV", "state": "Ahuachapán", "is_capital": true, "latitude": 13.9167, "longitude": -89.85, "population": 135325}, {"name": "Alegría", "country_iso2": "SV", "state": "Usulután", "is_capital": false, "latitude": 13.5, "longitude": -88.4833, "population": 11712}, {"name": "Anamorós", "country_iso2": "SV", "state": "La Unión", "is_capital": false, "latitude": 13.7333, "longitude": -87.8667, "population": 16594}, {"name": "Antiguo Cuscatlán", "country_iso2": "SV", "state": "La Libertad", "is_capital": false, "latitude": 13.6731, "longitude": -89.2406, "population": 47956}, {"name": "Apaneca", "country_iso2": "SV", "state": "Ahuachapán", "is_capital": false, "latitude": 13.85, "longitude": -89.8, "population": 8597}, {"name": "Apastepeque", "country_iso2": "SV", "state": "San Vicente", "is_capital": false, "latitude": 13.6667, "longitude": -88.7667, "population": 19895}, {"name": "Apopa", "country_iso2": "SV", "state": "San Salvador", "is_capital": false, "latitude": 13.8, "longitude": -89.1833, "population": 198528}, {"name": "Armenia", "country_iso2": "SV", "state": "Sonsonate", "is_capital": false, "latitude": 13.75, "longitude": -89.5, "population": 34912}, {"name": "Atiquizaya", "country_iso2": "SV", "state": "Ahuachapán", "is_capital": false, "latitude": 13.9667, "longitude": -89.75, "population": 33587}, {"name": "Ayutuxtepeque", "country_iso2": "SV", "state": "San Salvador", "is_capital": false, "latitude": 13.0, "longitude": 44.0, "population": 51558}, {"name": "Berlín", "country_iso2": "SV", "state": "Usulután", "is_capital": false, "latitude": 13.5, "longitude": -88.5333, "population": 17787}, {"name": "Cacaopera", "country_iso2": "SV", "state": "Morazán", "is_capital": false, "latitude": 13.7667, "longitude": -88.0833, "population": 10943}, {"name": "Caluco", "country_iso2": "SV", "state": "Sonsonate", "is_capital": false, "latitude": 13.7167, "longitude": -89.65, "population": 11056}, {"name": "Candelaria", "country_iso2": "SV", "state": "Cuscatlán", "is_capital": false, "latitude": 13.75, "longitude": -88.95, "population": 10280}, {"name": "Candelaria", "country_iso2": "SV", "state": "Cuscatlán", "is_capital": false, "latitude": 13.6833, "longitude": -88.9833, "population": 10090}, {"name": "Candelaria de La Frontera", "country_iso2": "SV", "state": "Santa Ana", "is_capital": false, "latitude": 14.1167, "longitude": -89.65, "population": 22686}, {"name": "Chalatenango", "country_iso2": "SV", "state": "Chalatenango", "is_capital": true, "latitude": 14.0333, "longitude": -88.9333, "population": 32272}, {"name": "Chalchuapa", "country_iso2": "SV", "state": "Santa Ana", "is_capital": false, "latitude": 13.9833, "longitude": -89.6833, "population": 72728}, {"name": "Chapeltique", "country_iso2": "SV", "state": "San Miguel", "is_capital": false, "latitude": 13.6333, "longitude": -88.2667, "population": 17000}, {"name": "Chilanga", "country_iso2": "SV", "state": "Morazán", "is_capital": false, "latitude": 13.7167, "longitude": -88.1167, "population": 9700}, {"name": "Chiltiupán", "country_iso2": "SV", "state": "La Libertad", "is_capital": false, "latitude": 13.5833, "longitude": -89.4667, "population": 10897}, {"name": "Chinameca", "country_iso2": "SV", "state": "San Miguel", "is_capital": false, "latitude": 13.5, "longitude": -88.35, "population": 22311}, {"name": "Chirilagua", "country_iso2": "SV", "state": "San Miguel", "is_capital": false, "latitude": 13.2167, "longitude": -88.1386, "population": 24000}, {"name": "Ciudad Arce", "country_iso2": "SV", "state": "La Libertad", "is_capital": false, "latitude": 13.8333, "longitude": -89.4333, "population": 60314}, {"name": "Ciudad Barrios", "country_iso2": "SV", "state": "San Miguel", "is_capital": false, "latitude": 13.7667, "longitude": -88.2667, "population": 40500}, {"name": "Coatepeque", "country_iso2": "SV", "state": "Santa Ana", "is_capital": false, "latitude": 13.9167, "longitude": -89.5, "population": 74038}, {"name": "Cojutepeque", "country_iso2": "SV", "state": "Cuscatlán", "is_capital": true, "latitude": 13.7167, "longitude": -88.9333, "population": 50315}, {"name": "Colón", "country_iso2": "SV", "state": "La Libertad", "is_capital": false, "latitude": 13.7167, "longitude": -89.3667, "population": 96989}, {"name": "Comasagua", "country_iso2": "SV", "state": "La Libertad", "is_capital": false, "latitude": 13.6333, "longitude": -89.3833, "population": 11870}, {"name": "Concepción Batres", "country_iso2": "SV", "state": "Usulután", "is_capital": false, "latitude": 13.35, "longitude": -88.3667, "population": 12197}, {"name": "Concepción Quezaltepeque", "country_iso2": "SV", "state": "Chalatenango", "is_capital": false, "latitude": 14.0833, "longitude": -88.95, "population": 14400}, {"name": "Concepción de Ataco", "country_iso2": "SV", "state": "Ahuachapán", "is_capital": false, "latitude": 13.8667, "longitude": -89.85, "population": 18101}, {"name": "Conchagua", "country_iso2": "SV", "state": "La Unión", "is_capital": false, "latitude": 13.3, "longitude": -87.8667, "population": 37362}, {"name": "Corinto", "country_iso2": "SV", "state": "Morazán", "is_capital": false, "latitude": 13.8167, "longitude": -87.9667, "population": 10000}, {"name": "Cuisnahuat", "country_iso2": "SV", "state": "Sonsonate", "is_capital": false, "latitude": 13.6333, "longitude": -89.6, "population": 12676}, {"name": "Cuscatancingo", "country_iso2": "SV", "state": "San Salvador", "is_capital": false, "latitude": 13.7333, "longitude": -89.1833, "population": 86964}, {"name": "Delgado", "country_iso2": "SV", "state": "San Salvador", "is_capital": false, "latitude": 13.7167, "longitude": -89.1667, "population": 126839}, {"name": "Dulce Nombre de María", "country_iso2": "SV", "state": "Chalatenango", "is_capital": false, "latitude": 14.15, "longitude": -89.0167, "population": 8987}, {"name": "El Carmen", "country_iso2": "SV", "state": "Cuscatlán", "is_capital": false, "latitude": 13.7167, "longitude": -88.9, "population": 13345}, {"name": "El Carmen", "country_iso2": "SV", "state": "La Unión", "is_capital": false, "latitude": 13.35, "longitude": -88.0, "population": 12324}, {"name": "El Congo", "country_iso2": "SV", "state": "Santa Ana", "is_capital": false, "latitude": 13.9, "longitude": -89.4833, "population": 24219}, {"name": "El Paisnal", "country_iso2": "SV", "state": "San Salvador", "is_capital": false, "latitude": 13.9667, "longitude": -89.2167, "population": 14551}, {"name": "El Paraíso", "country_iso2": "SV", "state": "Chalatenango", "is_capital": false, "latitude": 14.0833, "longitude": -89.0833, "population": 12708}, {"name": "El Refugio", "country_iso2": "SV", "state": "Ahuachapán", "is_capital": false, "latitude": 13.975, "longitude": -89.7072, "population": 10348}, {"name": "El Tránsito", "country_iso2": "SV", "state": "San Miguel", "is_capital": false, "latitude": 13.35, "longitude": -88.35, "population": 26987}, {"name": "Estanzuelas", "country_iso2": "SV", "state": "Usulután", "is_capital": false, "latitude": 13.65, "longitude": -88.5, "population": 9015}, {"name": "Guatajiagua", "country_iso2": "SV", "state": "Morazán", "is_capital": false, "latitude": 13.6667, "longitude": -88.2, "population": 11721}, {"name": "Guaymango", "country_iso2": "SV", "state": "Ahuachapán", "is_capital": false, "latitude": 13.75, "longitude": -89.8333, "population": 24731}, {"name": "Huizúcar", "country_iso2": "SV", "state": "La Libertad", "is_capital": false, "latitude": 13.5833, "longitude": -89.2333, "population": 14465}, {"name": "Ilobasco", "country_iso2": "SV", "state": "Cabañas", "is_capital": false, "latitude": 13.84, "longitude": -88.85, "population": 61510}, {"name": "Ilopango", "country_iso2": "SV", "state": "San Salvador", "is_capital": false, "latitude": 13.7, "longitude": -89.1167, "population": 142979}, {"name": "Izalco", "country_iso2": "SV", "state": "Sonsonate", "is_capital": false, "latitude": 13.7333, "longitude": -89.6667, "population": 82332}, {"name": "Jayaque", "country_iso2": "SV", "state": "La Libertad", "is_capital": false, "latitude": 13.6667, "longitude": -89.4333, "population": 11058}, {"name": "Jiquilisco", "country_iso2": "SV", "state": "Usulután", "is_capital": false, "latitude": 13.3167, "longitude": -88.5833, "population": 47784}, {"name": "Juayúa", "country_iso2": "SV", "state": "Sonsonate", "is_capital": false, "latitude": 13.8333, "longitude": -89.7333, "population": 70959}, {"name": "Jucuapa", "country_iso2": "SV", "state": "Usulután", "is_capital": false, "latitude": 13.5167, "longitude": -88.3833, "population": 18442}, {"name": "Jucuarán", "country_iso2": "SV", "state": "Usulután", "is_capital": false, "latitude": 13.2544, "longitude": -88.2489, "population": 13424}, {"name": "Jujutla", "country_iso2": "SV", "state": "Ahuachapán", "is_capital": false, "latitude": 13.7833, "longitude": -89.85, "population": 39956}, {"name": "La Libertad", "country_iso2": "SV", "state": "La Libertad", "is_capital": false, "latitude": 13.4833, "longitude": -89.3167, "population": 35997}, {"name": "La Palma", "country_iso2": "SV", "state": "Chalatenango", "is_capital": false, "latitude": 14.3167, "longitude": -89.1667, "population": 24000}, {"name": "La Reina", "country_iso2": "SV", "state": "Chalatenango", "is_capital": false, "latitude": 14.1833, "longitude": -89.15, "population": 9525}, {"name": "La Unión", "country_iso2": "SV", "state": "La Unión", "is_capital": true, "latitude": 13.3369, "longitude": -87.8439, "population": 37460}, {"name": "Lolotique", "country_iso2": "SV", "state": "San Miguel", "is_capital": false, "latitude": 13.55, "longitude": -88.35, "population": 14916}, {"name": "Mejicanos", "country_iso2": "SV", "state": "San Salvador", "is_capital": false, "latitude": 13.7333, "longitude": -89.2167, "population": 141352}, {"name": "Mercedes Umaña", "country_iso2": "SV", "state": "Usulután", "is_capital": false, "latitude": 13.5667, "longitude": -88.5, "population": 13092}, {"name": "Metapán", "country_iso2": "SV", "state": "Santa Ana", "is_capital": false, "latitude": 14.3314, "longitude": -89.4428, "population": 59004}, {"name": "Moncagua", "country_iso2": "SV", "state": "San Miguel", "is_capital": false, "latitude": 13.5333, "longitude": -88.25, "population": 22659}, {"name": "Monte San Juan", "country_iso2": "SV", "state": "Cuscatlán", "is_capital": false, "latitude": 13.7667, "longitude": -88.95, "population": 10224}, {"name": "Nahuizalco", "country_iso2": "SV", "state": "Sonsonate", "is_capital": false, "latitude": 13.7833, "longitude": -89.7333, "population": 49081}, {"name": "Nahulingo", "country_iso2": "SV", "state": "Sonsonate", "is_capital": false, "latitude": 13.7, "longitude": -89.7167, "population": 10417}, {"name": "Nejapa", "country_iso2": "SV", "state": "San Salvador", "is_capital": false, "latitude": 13.8167, "longitude": -89.2333, "population": 33766}, {"name": "Nueva Concepción", "country_iso2": "SV", "state": "Chalatenango", "is_capital": false, "latitude": 14.1333, "longitude": -89.3, "population": 32091}, {"name": "Nueva Guadalupe", "country_iso2": "SV", "state": "San Miguel", "is_capital": false, "latitude": 13.5333, "longitude": -88.35, "population": 8996}, {"name": "Olocuilta", "country_iso2": "SV", "state": "La Paz", "is_capital": false, "latitude": 13.5667, "longitude": -89.1167, "population": 29529}, {"name": "Osicala", "country_iso2": "SV", "state": "Morazán", "is_capital": false, "latitude": 13.8, "longitude": -88.15, "population": 10327}, {"name": "Ozatlán", "country_iso2": "SV", "state": "Usulután", "is_capital": false, "latitude": 13.3833, "longitude": -88.5, "population": 12443}, {"name": "Panchimalco", "country_iso2": "SV", "state": "San Salvador", "is_capital": false, "latitude": 13.6167, "longitude": -89.1833, "population": 41260}, {"name": "Pasaquina", "country_iso2": "SV", "state": "La Unión", "is_capital": false, "latitude": 13.5844, "longitude": -87.8411, "population": 17152}, {"name": "Polorós", "country_iso2": "SV", "state": "La Unión", "is_capital": false, "latitude": 13.5844, "longitude": -87.8411, "population": 9701}, {"name": "Puerto El Triunfo", "country_iso2": "SV", "state": "Usulután", "is_capital": false, "latitude": 13.2833, "longitude": -88.55, "population": 16584}, {"name": "Quezaltepeque", "country_iso2": "SV", "state": "La Libertad", "is_capital": false, "latitude": 13.8333, "longitude": -89.2667, "population": 52643}, {"name": "Rosario de Mora", "country_iso2": "SV", "state": "San Salvador", "is_capital": false, "latitude": 13.5833, "longitude": -89.2167, "population": 11377}, {"name": "Sacacoyo", "country_iso2": "SV", "state": "La Libertad", "is_capital": false, "latitude": 13.7333, "longitude": -89.4667, "population": 12299}, {"name": "San Alejo", "country_iso2": "SV", "state": "La Unión", "is_capital": false, "latitude": 13.4333, "longitude": -87.9667, "population": 17990}, {"name": "San Antonio del Monte", "country_iso2": "SV", "state": "Sonsonate", "is_capital": false, "latitude": 13.7167, "longitude": -89.7333, "population": 41439}, {"name": "San Bartolomé Perulapía", "country_iso2": "SV", "state": "Cuscatlán", "is_capital": false, "latitude": 13.7658, "longitude": -89.0508, "population": 9909}, {"name": "San Buenaventura", "country_iso2": "SV", "state": "Usulután", "is_capital": false, "latitude": 13.5333, "longitude": -88.3833, "population": 21901}, {"name": "San Francisco", "country_iso2": "SV", "state": "Morazán", "is_capital": true, "latitude": 13.7, "longitude": -88.1, "population": 21049}, {"name": "San Francisco Menéndez", "country_iso2": "SV", "state": "Ahuachapán", "is_capital": false, "latitude": 13.8425, "longitude": -90.0167, "population": 53692}, {"name": "San Ignacio", "country_iso2": "SV", "state": "Chalatenango", "is_capital": false, "latitude": 14.3333, "longitude": -89.1833, "population": 16000}, {"name": "San Ildefonso", "country_iso2": "SV", "state": "San Vicente", "is_capital": false, "latitude": 13.7, "longitude": -88.5667, "population": 10015}, {"name": "San Isidro", "country_iso2": "SV", "state": "Cabañas", "is_capital": false, "latitude": 13.8333, "longitude": -88.7167, "population": 10533}, {"name": "San Jorge", "country_iso2": "SV", "state": "San Miguel", "is_capital": false, "latitude": 13.4167, "longitude": -88.35, "population": 9115}, {"name": "San Jorge", "country_iso2": "SV", "state": "San Miguel", "is_capital": false, "latitude": 13.4167, "longitude": -88.35, "population": 9115}, {"name": "San José Guayabal", "country_iso2": "SV", "state": "Cuscatlán", "is_capital": false, "latitude": 13.85, "longitude": -89.1, "population": 9300}, {"name": "San José Villanueva", "country_iso2": "SV", "state": "La Libertad", "is_capital": false, "latitude": 13.5833, "longitude": -89.2667, "population": 9896}, {"name": "San Juan Opico", "country_iso2": "SV", "state": "La Libertad", "is_capital": false, "latitude": 13.8833, "longitude": -89.35, "population": 74280}, {"name": "San Julián", "country_iso2": "SV", "state": "Sonsonate", "is_capital": false, "latitude": 13.6976, "longitude": -89.5596, "population": 18648}, {"name": "San Lorenzo", "country_iso2": "SV", "state": "Ahuachapán", "is_capital": false, "latitude": 14.0333, "longitude": -89.7833, "population": 9194}, {"name": "San Luis Talpa", "country_iso2": "SV", "state": "La Paz", "is_capital": false, "latitude": 13.4667, "longitude": -89.0833, "population": 21675}, {"name": "San Marcos", "country_iso2": "SV", "state": "San Salvador", "is_capital": false, "latitude": 13.5833, "longitude": -89.2167, "population": 74221}, {"name": "San Martín", "country_iso2": "SV", "state": "San Salvador", "is_capital": false, "latitude": 13.7333, "longitude": -89.05, "population": 112065}, {"name": "San Miguel", "country_iso2": "SV", "state": "San Miguel", "is_capital": true, "latitude": 13.4814, "longitude": -88.1775, "population": 290612}, {"name": "San Pablo Tacachico", "country_iso2": "SV", "state": "La Libertad", "is_capital": false, "latitude": 13.9833, "longitude": -89.3333, "population": 20366}, {"name": "San Pedro Masahuat", "country_iso2": "SV", "state": "La Paz", "is_capital": false, "latitude": 13.55, "longitude": -89.0333, "population": 25446}, {"name": "San Pedro Nonualco", "country_iso2": "SV", "state": "La Paz", "is_capital": false, "latitude": 13.6, "longitude": -88.9333, "population": 12000}, {"name": "San Pedro Perulapán", "country_iso2": "SV", "state": "Cuscatlán", "is_capital": false, "latitude": 13.7667, "longitude": -89.0333, "population": 44730}, {"name": "San Pedro Puxtla", "country_iso2": "SV", "state": "Ahuachapán", "is_capital": false, "latitude": 13.7667, "longitude": -89.8, "population": 8588}, {"name": "San Rafael Cedros", "country_iso2": "SV", "state": "Cuscatlán", "is_capital": false, "latitude": 13.7333, "longitude": -88.8833, "population": 17069}, {"name": "San Rafael Obrajuelo", "country_iso2": "SV", "state": "La Paz", "is_capital": false, "latitude": 13.5, "longitude": -88.9333, "population": 11403}, {"name": "San Rafael Oriente", "country_iso2": "SV", "state": "San Miguel", "is_capital": false, "latitude": 13.3833, "longitude": -88.35, "population": 13290}, {"name": "San Salvador", "country_iso2": "SV", "state": "San Salvador", "is_capital": true, "latitude": 13.6989, "longitude": -89.1914, "population": 1538525}, {"name": "San Sebastián", "country_iso2": "SV", "state": "San Vicente", "is_capital": false, "latitude": 13.7333, "longitude": -88.8333, "population": 14411}, {"name": "San Sebastián Salitrillo", "country_iso2": "SV", "state": "Santa Ana", "is_capital": false, "latitude": 13.95, "longitude": -89.6333, "population": 18566}, {"name": "San Simón", "country_iso2": "SV", "state": "Morazán", "is_capital": false, "latitude": 13.8333, "longitude": -88.2333, "population": 10102}, {"name": "San Vicente", "country_iso2": "SV", "state": "San Vicente", "is_capital": true, "latitude": 13.6453, "longitude": -88.7842, "population": 53213}, {"name": "Santa Ana", "country_iso2": "SV", "state": "Santa Ana", "is_capital": true, "latitude": 13.995, "longitude": -89.5561, "population": 277264}, {"name": "Santa Catarina Masahuat", "country_iso2": "SV", "state": "Sonsonate", "is_capital": false, "latitude": 13.7833, "longitude": -89.7667, "population": 10076}, {"name": "Santa Cruz Michapa", "country_iso2": "SV", "state": "Cuscatlán", "is_capital": false, "latitude": 13.7333, "longitude": -88.9667, "population": 12225}, {"name": "Santa Isabel Ishuatán", "country_iso2": "SV", "state": "Sonsonate", "is_capital": false, "latitude": 13.6167, "longitude": -89.5833, "population": 10241}, {"name": "Santa María", "country_iso2": "SV", "state": "Usulután", "is_capital": false, "latitude": 13.35, "longitude": -88.4333, "population": 10731}, {"name": "Santa Rosa de Lima", "country_iso2": "SV", "state": "La Unión", "is_capital": false, "latitude": 13.6167, "longitude": -87.9, "population": 34279}, {"name": "Santa Tecla", "country_iso2": "SV", "state": "La Libertad", "is_capital": true, "latitude": 13.6731, "longitude": -89.2406, "population": 139908}, {"name": "Santiago Nonualco", "country_iso2": "SV", "state": "La Paz", "is_capital": false, "latitude": 13.5167, "longitude": -88.95, "population": 37399}, {"name": "Santiago Texacuangos", "country_iso2": "SV", "state": "San Salvador", "is_capital": false, "latitude": 13.65, "longitude": -89.1167, "population": 19428}, {"name": "Santiago de La Frontera", "country_iso2": "SV", "state": "Santa Ana", "is_capital": false, "latitude": 14.1667, "longitude": -89.6, "population": 9150}, {"name": "Santiago de María", "country_iso2": "SV", "state": "Usulután", "is_capital": false, "latitude": 13.4833, "longitude": -88.4667, "population": 18201}, {"name": "Santo Tomás", "country_iso2": "SV", "state": "San Salvador", "is_capital": false, "latitude": 13.6333, "longitude": -89.1333, "population": 25344}, {"name": "Sensuntepeque", "country_iso2": "SV", "state": "Cabañas", "is_capital": true, "latitude": 13.8667, "longitude": -88.6333, "population": 41216}, {"name": "Sesori", "country_iso2": "SV", "state": "San Miguel", "is_capital": false, "latitude": 13.7167, "longitude": -88.3667, "population": 10705}, {"name": "Sociedad", "country_iso2": "SV", "state": "Morazán", "is_capital": false, "latitude": 13.7, "longitude": -88.0167, "population": 11406}, {"name": "Sonsonate", "country_iso2": "SV", "state": "Sonsonate", "is_capital": true, "latitude": 13.7167, "longitude": -89.7167, "population": 71980}, {"name": "Sonzacate", "country_iso2": "SV", "state": "Sonsonate", "is_capital": false, "latitude": 13.7356, "longitude": -89.7161, "population": 25005}, {"name": "Soyapango", "country_iso2": "SV", "state": "San Salvador", "is_capital": false, "latitude": 13.7333, "longitude": -89.15, "population": 284659}, {"name": "Suchitoto", "country_iso2": "SV", "state": "Cuscatlán", "is_capital": false, "latitude": 13.9333, "longitude": -89.0333, "population": 24786}, {"name": "Tacuba", "country_iso2": "SV", "state": "Ahuachapán", "is_capital": false, "latitude": 13.9, "longitude": -89.9333, "population": 31209}, {"name": "Talnique", "country_iso2": "SV", "state": "La Libertad", "is_capital": false, "latitude": 13.6667, "longitude": -89.4, "population": 9160}, {"name": "Tamanique", "country_iso2": "SV", "state": "La Libertad", "is_capital": false, "latitude": 13.6, "longitude": -89.4167, "population": 13544}, {"name": "Tecoluca", "country_iso2": "SV", "state": "San Vicente", "is_capital": false, "latitude": 13.5333, "longitude": -88.7833, "population": 30000}, {"name": "Tejutepeque", "country_iso2": "SV", "state": "Cabañas", "is_capital": false, "latitude": 13.85, "longitude": -88.9, "population": 20000}, {"name": "Tejutla", "country_iso2": "SV", "state": "Chalatenango", "is_capital": false, "latitude": 14.1667, "longitude": -89.1, "population": 13608}, {"name": "Teotepeque", "country_iso2": "SV", "state": "La Libertad", "is_capital": false, "latitude": 13.5853, "longitude": -89.5183, "population": 12320}, {"name": "Tepecoyo", "country_iso2": "SV", "state": "La Libertad", "is_capital": false, "latitude": 13.7003, "longitude": -89.4678, "population": 14322}, {"name": "Texistepeque", "country_iso2": "SV", "state": "Santa Ana", "is_capital": false, "latitude": 14.1333, "longitude": -89.5, "population": 17923}, {"name": "Tonacatepeque", "country_iso2": "SV", "state": "San Salvador", "is_capital": false, "latitude": 13.7833, "longitude": -89.1167, "population": 170282}, {"name": "Turín", "country_iso2": "SV", "state": "Ahuachapán", "is_capital": false, "latitude": 13.9667, "longitude": -89.8167, "population": 11829}, {"name": "Usulután", "country_iso2": "SV", "state": "Usulután", "is_capital": true, "latitude": 13.35, "longitude": -88.45, "population": 87078}, {"name": "Victoria", "country_iso2": "SV", "state": "Cabañas", "is_capital": false, "latitude": 13.95, "longitude": -88.6333, "population": 12626}, {"name": "Zacatecoluca", "country_iso2": "SV", "state": "La Paz", "is_capital": true, "latitude": 13.5, "longitude": -88.8667, "population": 75100}, {"name": "Zaragoza", "country_iso2": "SV", "state": "La Libertad", "is_capital": false, "latitude": 13.5833, "longitude": -89.2833, "population": 29679}]