[{"name": "Acarigua", "country_iso2": "VE", "state": "Portuguesa", "is_capital": false, "latitude": 9.5597, "longitude": -69.2019, "population": 203358}, {"name": "Achaguas", "country_iso2": "VE", "state": "Apure", "is_capital": false, "latitude": 7.7667, "longitude": -68.2333, "population": 38523}, {"name": "Aguasay", "country_iso2": "VE", "state": "Monagas", "is_capital": false, "latitude": 9.4249, "longitude": -63.7308, "population": 11856}, {"name": "Altagracia de Orituco", "country_iso2": "VE", "state": "Guárico", "is_capital": false, "latitude": 9.8504, "longitude": -66.38, "population": 40052}, {"name": "Anaco", "country_iso2": "VE", "state": "Anzoátegui", "is_capital": false, "latitude": 9.4819, "longitude": -64.4917, "population": 106000}, {"name": "Aragua de Barcelona", "country_iso2": "VE", "state": "Anzoátegui", "is_capital": false, "latitude": 9.4575, "longitude": -64.8261, "population": 27000}, {"name": "Araira", "country_iso2": "VE", "state": "Miranda", "is_capital": false, "latitude": 10.4525, "longitude": -66.485, "population": 25000}, {"name": "Araure", "country_iso2": "VE", "state": "Portuguesa", "is_capital": false, "latitude": 9.5667, "longitude": -69.2167, "population": 11908}, {"name": "Barbacoas", "country_iso2": "VE", "state": "Aragua", "is_capital": false, "latitude": 9.4833, "longitude": -66.9761, "population": 16469}, {"name": "Barcelona", "country_iso2": "VE", "state": "Anzoátegui", "is_capital": true, "latitude": 10.1403, "longitude": -64.6833, "population": 815141}, {"name": "Barinas", "country_iso2": "VE", "state": "Barinas", "is_capital": true, "latitude": 8.6333, "longitude": -70.2, "population": 397279}, {"name": "Barquisimeto", "country_iso2": "VE", "state": "Lara", "is_capital": true, "latitude": 10.0636, "longitude": -69.3347, "population": 1240714}, {"name": "Baruta", "country_iso2": "VE", "state": "Miranda", "is_capital": false, "latitude": 10.4322, "longitude": -66.8739, "population": 240755}, {"name": "Boconó", "country_iso2": "VE", "state": "Trujillo", "is_capital": false, "latitude": 9.2461, "longitude": -70.2617, "population": 100240}, {"name": "Cabimas", "country_iso2": "VE", "state": "Zulia", "is_capital": false, "latitude": 10.4, "longitude": -71.45, "population": 288595}, {"name": "Cabudare", "country_iso2": "VE", "state": "Lara", "is_capital": false, "latitude": 10.0331, "longitude": -69.2633, "population": 70578}, {"name": "Cagua", "country_iso2": "VE", "state": "Aragua", "is_capital": false, "latitude": 10.1875, "longitude": -67.4611, "population": 107932}, {"name": "Calabozo", "country_iso2": "VE", "state": "Guárico", "is_capital": false, "latitude": 8.9333, "longitude": -67.4333, "population": 168605}, {"name": "Cantaura", "country_iso2": "VE", "state": "Anzoátegui", "is_capital": false, "latitude": 9.3111, "longitude": -64.3594, "population": 42000}, {"name": "Capaya", "country_iso2": "VE", "state": "Miranda", "is_capital": false, "latitude": 10.4286, "longitude": -66.2717, "population": 13151}, {"name": "Caraballeda", "country_iso2": "VE", "state": "La Guaira", "is_capital": false, "latitude": 10.6131, "longitude": -66.8506, "population": 48622}, {"name": "Caracas", "country_iso2": "VE", "state": "Distrito Capital", "is_capital": true, "latitude": 10.4806, "longitude": -66.9036, "population": 3242000}, {"name": "Carache", "country_iso2": "VE", "state": "Trujillo", "is_capital": false, "latitude": 9.7072, "longitude": -70.1933, "population": 32820}, {"name": "Caripito", "country_iso2": "VE", "state": "Monagas", "is_capital": false, "latitude": 10.1167, "longitude": -63.1, "population": 64955}, {"name": "Carora", "country_iso2": "VE", "state": "Lara", "is_capital": false, "latitude": 10.1711, "longitude": -70.0797, "population": 112600}, {"name": "Carvajal", "country_iso2": "VE", "state": "Trujillo", "is_capital": false, "latitude": 9.33, "longitude": -70.5767, "population": 58863}, {"name": "Carúpano", "country_iso2": "VE", "state": "Sucre", "is_capital": false, "latitude": 10.6722, "longitude": -63.2403, "population": 173877}, {"name": "Catia La Mar", "country_iso2": "VE", "state": "La Guaira", "is_capital": false, "latitude": 10.6, "longitude": -67.0333, "population": 661897}, {"name": "Caucagua", "country_iso2": "VE", "state": "Miranda", "is_capital": false, "latitude": 10.2822, "longitude": -66.3772, "population": 35000}, {"name": "Cedeño", "country_iso2": "VE", "state": "Bolívar", "is_capital": false, "latitude": 7.6492, "longitude": -66.1759, "population": 67000}, {"name": "Chaguaramas", "country_iso2": "VE", "state": "Guárico", "is_capital": false, "latitude": 9.3333, "longitude": -66.2667, "population": 15000}, {"name": "Charallave", "country_iso2": "VE", "state": "Miranda", "is_capital": false, "latitude": 10.2431, "longitude": -66.8622, "population": 129214}, {"name": "Chichiriviche", "country_iso2": "VE", "state": "Falcón", "is_capital": false, "latitude": 10.9343, "longitude": -68.2771, "population": 18960}, {"name": "Chivacoa", "country_iso2": "VE", "state": "Yaracuy", "is_capital": false, "latitude": 10.16, "longitude": -68.9097, "population": 59059}, {"name": "Ciudad Bolívar", "country_iso2": "VE", "state": "Bolívar", "is_capital": true, "latitude": 8.1219, "longitude": -63.55, "population": 422578}, {"name": "Ciudad Guayana", "country_iso2": "VE", "state": "Bolívar", "is_capital": false, "latitude": 8.3667, "longitude": -62.65, "population": 978202}, {"name": "Ciudad Ojeda", "country_iso2": "VE", "state": "Zulia", "is_capital": false, "latitude": 10.2, "longitude": -71.3, "population": 128941}, {"name": "Ciudad Piar", "country_iso2": "VE", "state": "Bolívar", "is_capital": false, "latitude": 7.4522, "longitude": -63.32, "population": 40918}, {"name": "Clarines", "country_iso2": "VE", "state": "Anzoátegui", "is_capital": false, "latitude": 9.9433, "longitude": -65.1661, "population": 15000}, {"name": "Cocorote", "country_iso2": "VE", "state": "Yaracuy", "is_capital": false, "latitude": 10.3217, "longitude": -68.7825, "population": 39310}, {"name": "Cojedes", "country_iso2": "VE", "state": "Cojedes", "is_capital": false, "latitude": 9.6167, "longitude": -68.9167, "population": 14044}, {"name": "Colón", "country_iso2": "VE", "state": "Táchira", "is_capital": false, "latitude": 8.0378, "longitude": -72.2519, "population": 36925}, {"name": "Coro", "country_iso2": "VE", "state": "Falcón", "is_capital": true, "latitude": 11.417, "longitude": -69.67, "population": 195227}, {"name": "Cumaná", "country_iso2": "VE", "state": "Sucre", "is_capital": true, "latitude": 10.4564, "longitude": -64.1675, "population": 405626}, {"name": "Cúa", "country_iso2": "VE", "state": "Miranda", "is_capital": false, "latitude": 10.1667, "longitude": -66.8833, "population": 127900}, {"name": "Ejido", "country_iso2": "VE", "state": "Mérida", "is_capital": false, "latitude": 8.3333, "longitude": -71.4, "population": 99837}, {"name": "El Callao", "country_iso2": "VE", "state": "Bolívar", "is_capital": false, "latitude": 7.3463, "longitude": -61.8271, "population": 21769}, {"name": "El Consejo", "country_iso2": "VE", "state": "Aragua", "is_capital": false, "latitude": 10.2442, "longitude": -67.245, "population": 41748}, {"name": "El Dorado", "country_iso2": "VE", "state": "Bolívar", "is_capital": false, "latitude": 6.7167, "longitude": -61.6167, "population": 2383}, {"name": "El Limón", "country_iso2": "VE", "state": "Aragua", "is_capital": false, "latitude": 10.3003, "longitude": -67.6336, "population": 106206}, {"name": "El Manteco", "country_iso2": "VE", "state": "Bolívar", "is_capital": false, "latitude": 7.3504, "longitude": -62.5333, "population": 2215}, {"name": "El Palmar", "country_iso2": "VE", "state": "Bolívar", "is_capital": false, "latitude": 8.0244, "longitude": -61.8819, "population": 15521}, {"name": "El Socorro", "country_iso2": "VE", "state": "Guárico", "is_capital": false, "latitude": 8.9936, "longitude": -65.7456, "population": 14049}, {"name": "El Tigre", "country_iso2": "VE", "state": "Anzoátegui", "is_capital": false, "latitude": 8.8861, "longitude": -64.2611, "population": 213524}, {"name": "El Tocuyo", "country_iso2": "VE", "state": "Lara", "is_capital": false, "latitude": 9.7822, "longitude": -69.7931, "population": 41327}, {"name": "El Valle del Espíritu Santo", "country_iso2": "VE", "state": "Nueva Esparta", "is_capital": false, "latitude": 10.9833, "longitude": -63.8833, "population": 45606}, {"name": "Escuque", "country_iso2": "VE", "state": "Trujillo", "is_capital": false, "latitude": 9.25, "longitude": -70.75, "population": 32901}, {"name": "Guacara", "country_iso2": "VE", "state": "Carabobo", "is_capital": false, "latitude": 10.2536, "longitude": -67.9, "population": 178000}, {"name": "Guanare", "country_iso2": "VE", "state": "Portuguesa", "is_capital": true, "latitude": 9.0436, "longitude": -69.7489, "population": 112286}, {"name": "Guanta", "country_iso2": "VE", "state": "Anzoátegui", "is_capital": false, "latitude": 10.2383, "longitude": -64.5917, "population": 35000}, {"name": "Guarenas", "country_iso2": "VE", "state": "Miranda", "is_capital": false, "latitude": 10.4667, "longitude": -66.6167, "population": 200417}, {"name": "Guasdualito", "country_iso2": "VE", "state": "Apure", "is_capital": false, "latitude": 7.2467, "longitude": -70.7292, "population": 105000}, {"name": "Guasipati", "country_iso2": "VE", "state": "Bolívar", "is_capital": false, "latitude": 7.4667, "longitude": -61.4667, "population": 21165}, {"name": "Guatire", "country_iso2": "VE", "state": "Miranda", "is_capital": false, "latitude": 10.4717, "longitude": -66.5406, "population": 200417}, {"name": "Güigüe", "country_iso2": "VE", "state": "Carabobo", "is_capital": false, "latitude": 10.0833, "longitude": -67.7833, "population": 60000}, {"name": "Higuerote", "country_iso2": "VE", "state": "Miranda", "is_capital": false, "latitude": 10.4833, "longitude": -66.1, "population": 25000}, {"name": "Isla Ratón", "country_iso2": "VE", "state": "Amazonas", "is_capital": false, "latitude": 5.1311, "longitude": -67.8106, "population": 12612}, {"name": "Juangriego", "country_iso2": "VE", "state": "Nueva Esparta", "is_capital": false, "latitude": 11.0833, "longitude": -63.9667, "population": 28256}, {"name": "La Asunción", "country_iso2": "VE", "state": "Nueva Esparta", "is_capital": true, "latitude": 11.0333, "longitude": -63.8628, "population": 28513}, {"name": "La Ceiba", "country_iso2": "VE", "state": "Trujillo", "is_capital": false, "latitude": 9.4764, "longitude": -71.0556, "population": 26301}, {"name": "La Colonia Tovar", "country_iso2": "VE", "state": "Aragua", "is_capital": false, "latitude": 10.4056, "longitude": -67.2894, "population": 21000}, {"name": "La Esmeralda", "country_iso2": "VE", "state": "Amazonas", "is_capital": false, "latitude": 3.1739, "longitude": -65.5467, "population": 20030}, {"name": "La Grita", "country_iso2": "VE", "state": "Táchira", "is_capital": false, "latitude": 8.1333, "longitude": -71.9833, "population": 90000}, {"name": "La Guaira", "country_iso2": "VE", "state": "La Guaira", "is_capital": true, "latitude": 10.6, "longitude": -66.9331, "population": 203520}, {"name": "La Victoria", "country_iso2": "VE", "state": "Aragua", "is_capital": false, "latitude": 10.2278, "longitude": -67.3336, "population": 143468}, {"name": "Las Mercedes", "country_iso2": "VE", "state": "Guárico", "is_capital": false, "latitude": 9.1104, "longitude": -66.3961, "population": 33025}, {"name": "Lecherías", "country_iso2": "VE", "state": "Anzoátegui", "is_capital": false, "latitude": 10.1917, "longitude": -64.6921, "population": 36450}, {"name": "Los Guayos", "country_iso2": "VE", "state": "Carabobo", "is_capital": false, "latitude": 10.1833, "longitude": -67.9333, "population": 130345}, {"name": "Los Teques", "country_iso2": "VE", "state": "Miranda", "is_capital": true, "latitude": 10.3333, "longitude": -67.0417, "population": 252242}, {"name": "Machiques", "country_iso2": "VE", "state": "Zulia", "is_capital": false, "latitude": 10.0667, "longitude": -72.5667, "population": 63000}, {"name": "Macuro", "country_iso2": "VE", "state": "Sucre", "is_capital": false, "latitude": 10.65, "longitude": -61.9333, "population": 33621}, {"name": "Maiquetía", "country_iso2": "VE", "state": "La Guaira", "is_capital": false, "latitude": 10.5958, "longitude": -66.9772, "population": 87909}, {"name": "Maracaibo", "country_iso2": "VE", "state": "Zulia", "is_capital": true, "latitude": 10.6333, "longitude": -71.6333, "population": 2658355}, {"name": "Maracay", "country_iso2": "VE", "state": "Aragua", "is_capital": true, "latitude": 10.2469, "longitude": -67.5961, "population": 1723236}, {"name": "Maturín", "country_iso2": "VE", "state": "Monagas", "is_capital": true, "latitude": 9.75, "longitude": -63.183, "population": 647459}, {"name": "Montalbán", "country_iso2": "VE", "state": "Carabobo", "is_capital": false, "latitude": 10.2522, "longitude": -68.3019, "population": 24908}, {"name": "Monte Carmelo", "country_iso2": "VE", "state": "Trujillo", "is_capital": false, "latitude": 9.1875, "longitude": -70.8131, "population": 16174}, {"name": "Motatán", "country_iso2": "VE", "state": "Trujillo", "is_capital": false, "latitude": 9.3931, "longitude": -70.5933, "population": 20162}, {"name": "Mérida", "country_iso2": "VE", "state": "Mérida", "is_capital": true, "latitude": 8.48, "longitude": -71.19, "population": 199878}, {"name": "Nirgua", "country_iso2": "VE", "state": "Yaracuy", "is_capital": false, "latitude": 10.0833, "longitude": -68.6667, "population": 58932}, {"name": "Ocumare del Tuy", "country_iso2": "VE", "state": "Miranda", "is_capital": false, "latitude": 10.1136, "longitude": -66.7814, "population": 166112}, {"name": "Onoto", "country_iso2": "VE", "state": "Anzoátegui", "is_capital": false, "latitude": 9.5958, "longitude": -65.1897, "population": 12358}, {"name": "Ospino", "country_iso2": "VE", "state": "Portuguesa", "is_capital": false, "latitude": 9.3, "longitude": -69.45, "population": 39215}, {"name": "Palo Negro", "country_iso2": "VE", "state": "Aragua", "is_capital": false, "latitude": 10.1739, "longitude": -67.5419, "population": 153706}, {"name": "Pampanito", "country_iso2": "VE", "state": "Trujillo", "is_capital": false, "latitude": 9.4114, "longitude": -70.4958, "population": 31836}, {"name": "Pampatar", "country_iso2": "VE", "state": "Nueva Esparta", "is_capital": false, "latitude": 10.9994, "longitude": -63.7944, "population": 35400}, {"name": "Pampán", "country_iso2": "VE", "state": "Trujillo", "is_capital": false, "latitude": 9.4511, "longitude": -70.4758, "population": 47549}, {"name": "Petare", "country_iso2": "VE", "state": "Miranda", "is_capital": false, "latitude": 10.4833, "longitude": -66.8167, "population": 369000}, {"name": "Porlamar", "country_iso2": "VE", "state": "Nueva Esparta", "is_capital": false, "latitude": 10.95, "longitude": -63.85, "population": 144830}, {"name": "Puerto Ayacucho", "country_iso2": "VE", "state": "Amazonas", "is_capital": true, "latitude": 5.6631, "longitude": -67.6264, "population": 80000}, {"name": "Puerto Cabello", "country_iso2": "VE", "state": "Carabobo", "is_capital": false, "latitude": 10.4667, "longitude": -68.0167, "population": 209080}, {"name": "Puerto Cumarebo", "country_iso2": "VE", "state": "Falcón", "is_capital": false, "latitude": 11.4861, "longitude": -69.3503, "population": 33166}, {"name": "Puerto La Cruz", "country_iso2": "VE", "state": "Anzoátegui", "is_capital": false, "latitude": 10.2, "longitude": -64.6333, "population": 454312}, {"name": "Puerto Píritu", "country_iso2": "VE", "state": "Anzoátegui", "is_capital": false, "latitude": 10.0667, "longitude": -65.05, "population": 11000}, {"name": "Punceres", "country_iso2": "VE", "state": "Monagas", "is_capital": false, "latitude": 9.9898, "longitude": -63.3366, "population": 27954}, {"name": "Punto Fijo", "country_iso2": "VE", "state": "Falcón", "is_capital": false, "latitude": 11.7167, "longitude": -70.1833, "population": 131784}, {"name": "Píritu", "country_iso2": "VE", "state": "Anzoátegui", "is_capital": false, "latitude": 10.0395, "longitude": -65.0304, "population": 23248}, {"name": "Quíbor", "country_iso2": "VE", "state": "Lara", "is_capital": false, "latitude": 9.9311, "longitude": -69.6247, "population": 70536}, {"name": "Rubio", "country_iso2": "VE", "state": "Táchira", "is_capital": false, "latitude": 7.7, "longitude": -72.35, "population": 87249}, {"name": "Río Caribe", "country_iso2": "VE", "state": "Sucre", "is_capital": false, "latitude": 10.7008, "longitude": -63.1086, "population": 13667}, {"name": "San Antonio de Los Altos", "country_iso2": "VE", "state": "Miranda", "is_capital": false, "latitude": 10.3744, "longitude": -66.9669, "population": 74422}, {"name": "San Antonio del Golfo", "country_iso2": "VE", "state": "Sucre", "is_capital": false, "latitude": 10.4333, "longitude": -63.7833, "population": 18144}, {"name": "San Antonio del Táchira", "country_iso2": "VE", "state": "Táchira", "is_capital": false, "latitude": 7.8167, "longitude": -72.45, "population": 61630}, {"name": "San Carlos", "country_iso2": "VE", "state": "Cojedes", "is_capital": true, "latitude": 9.65, "longitude": -68.5833, "population": 83957}, {"name": "San Carlos del Zulia", "country_iso2": "VE", "state": "Zulia", "is_capital": false, "latitude": 9.0, "longitude": -71.9333, "population": 56500}, {"name": "San Cristóbal", "country_iso2": "VE", "state": "Táchira", "is_capital": true, "latitude": 7.7667, "longitude": -72.2333, "population": 282830}, {"name": "San Diego", "country_iso2": "VE", "state": "Carabobo", "is_capital": false, "latitude": 10.254, "longitude": -68.0109, "population": 187215}, {"name": "San Felipe", "country_iso2": "VE", "state": "Yaracuy", "is_capital": true, "latitude": 10.3406, "longitude": -68.7369, "population": 220786}, {"name": "San Fernando", "country_iso2": "VE", "state": "Apure", "is_capital": true, "latitude": 7.894, "longitude": -67.473, "population": 165135}, {"name": "San José de Aerocuar", "country_iso2": "VE", "state": "Sucre", "is_capital": false, "latitude": 10.6027, "longitude": -63.3273, "population": 11162}, {"name": "San José de Guaribe", "country_iso2": "VE", "state": "Guárico", "is_capital": false, "latitude": 9.8602, "longitude": -65.8131, "population": 11426}, {"name": "San Juan de los Morros", "country_iso2": "VE", "state": "Guárico", "is_capital": true, "latitude": 9.901, "longitude": -67.354, "population": 87739}, {"name": "San Mateo", "country_iso2": "VE", "state": "Aragua", "is_capital": false, "latitude": 10.2133, "longitude": -67.4225, "population": 38062}, {"name": "San Mateo", "country_iso2": "VE", "state": "Anzoátegui", "is_capital": false, "latitude": 9.74, "longitude": -64.5531, "population": 12905}, {"name": "San Pedro de Coche", "country_iso2": "VE", "state": "Nueva Esparta", "is_capital": false, "latitude": 10.7772, "longitude": -63.9311, "population": 8756}, {"name": "Sanare", "country_iso2": "VE", "state": "Lara", "is_capital": false, "latitude": 9.7822, "longitude": -69.7931, "population": 48764}, {"name": "Santa Ana", "country_iso2": "VE", "state": "Táchira", "is_capital": false, "latitude": 7.6453, "longitude": -72.2758, "population": 36925}, {"name": "Santa Ana", "country_iso2": "VE", "state": "Nueva Esparta", "is_capital": false, "latitude": 11.068, "longitude": -63.9221, "population": 33435}, {"name": "Santa Ana", "country_iso2": "VE", "state": "Anzoátegui", "is_capital": false, "latitude": 9.3056, "longitude": -64.6548, "population": 9636}, {"name": "Santa Bárbara", "country_iso2": "VE", "state": "Monagas", "is_capital": false, "latitude": 9.6, "longitude": -63.6, "population": 9809}, {"name": "Santa Cruz", "country_iso2": "VE", "state": "Aragua", "is_capital": false, "latitude": 10.1819, "longitude": -67.5025, "population": 29773}, {"name": "Santa Cruz de Los Taques", "country_iso2": "VE", "state": "Falcón", "is_capital": false, "latitude": 11.824, "longitude": -70.2509, "population": 41579}, {"name": "Santa Elena de Uairén", "country_iso2": "VE", "state": "Bolívar", "is_capital": false, "latitude": 4.0, "longitude": 36.0, "population": 29795}, {"name": "Santa Lucía", "country_iso2": "VE", "state": "Miranda", "is_capital": false, "latitude": 10.2606, "longitude": -66.6639, "population": 112357}, {"name": "Santa María de Ipire", "country_iso2": "VE", "state": "Guárico", "is_capital": false, "latitude": 8.8156, "longitude": -65.3225, "population": 13161}, {"name": "Santa Rita", "country_iso2": "VE", "state": "Aragua", "is_capital": false, "latitude": 10.2003, "longitude": -67.5514, "population": 134233}, {"name": "Santa Rita", "country_iso2": "VE", "state": "Zulia", "is_capital": false, "latitude": 10.5318, "longitude": -71.5039, "population": 31810}, {"name": "Santa Teresa del Tuy", "country_iso2": "VE", "state": "Miranda", "is_capital": false, "latitude": 10.2333, "longitude": -66.6639, "population": 260899}, {"name": "Sarare", "country_iso2": "VE", "state": "Lara", "is_capital": false, "latitude": 9.7839, "longitude": -69.1611, "population": 12535}, {"name": "Socopó", "country_iso2": "VE", "state": "Barinas", "is_capital": false, "latitude": 8.2306, "longitude": -70.822, "population": 110512}, {"name": "Tinaquillo", "country_iso2": "VE", "state": "Cojedes", "is_capital": false, "latitude": 9.9167, "longitude": -68.3, "population": 110000}, {"name": "Tocuyito", "country_iso2": "VE", "state": "Carabobo", "is_capital": false, "latitude": 10.1144, "longitude": -68.0656, "population": 173450}, {"name": "Trujillo", "country_iso2": "VE", "state": "Trujillo", "is_capital": true, "latitude": 9.417, "longitude": -70.5, "population": 110920}, {"name": "Tucacas", "country_iso2": "VE", "state": "Falcón", "is_capital": false, "latitude": 10.7978, "longitude": -68.3175, "population": 13901}, {"name": "Tucupita", "country_iso2": "VE", "state": "Delta Amacuro", "is_capital": true, "latitude": 9.0592, "longitude": -62.0681, "population": 86487}, {"name": "Turmero", "country_iso2": "VE", "state": "Aragua", "is_capital": false, "latitude": 10.2283, "longitude": -67.4725, "population": 51235}, {"name": "Táriba", "country_iso2": "VE", "state": "Táchira", "is_capital": false, "latitude": 7.8167, "longitude": -72.2167, "population": 128590}, {"name": "Upata", "country_iso2": "VE", "state": "Bolívar", "is_capital": false, "latitude": 8.0204, "longitude": -62.41, "population": 53685}, {"name": "Uracoa", "country_iso2": "VE", "state": "Monagas", "is_capital": false, "latitude": 8.9943, "longitude": -62.352, "population": 9625}, {"name": "Ureña", "country_iso2": "VE", "state": "Táchira", "is_capital": false, "latitude": 7.9183, "longitude": -72.4467, "population": 37932}, {"name": "Valencia", "country_iso2": "VE", "state": "Carabobo", "is_capital": true, "latitude": 10.1833, "longitude": -68.0, "population": 2585202}, {"name": "Valera", "country_iso2": "VE", "state": "Trujillo", "is_capital": false, "latitude": 9.32, "longitude": -70.62, "population": 191167}, {"name": "Valle de La Pascua", "country_iso2": "VE", "state": "Guárico", "is_capital": false, "latitude": 9.2033, "longitude": -66.0103, "population": 105403}, {"name": "Villa de Cura", "country_iso2": "VE", "state": "Aragua", "is_capital": false, "latitude": 10.0383, "longitude": -67.4892, "population": 89364}, {"name": "Yaguaraparo", "country_iso2": "VE", "state": "Sucre", "is_capital": false, "latitude": 10.5667, "longitude": -62.8333, "population": 15173}, {"name": "Yaritagua", "country_iso2": "VE", "state": "Yaracuy", "is_capital": false, "latitude": 10.0753, "longitude": -69.1283, "population": 140256}, {"name": "Zaraza", "country_iso2": "VE", "state": "Guárico", "is_capital": false, "latitude": 9.3394, "longitude": -65.3167, "population": 58200}]